SECID,BOARDID,SHORTNAME,SECNAME,PREVSETTLEPRICE,DECIMALS,MINSTEP,LASTTRADEDATE,LASTDELDATE,SECTYPE,LATNAME,ASSETCODE,PREVOPENPOSITION,LOTVOLUME,INITIALMARGIN,HIGHLIMIT,LOWLIMIT,STEPPRICE,LASTSETTLEPRICE,PREVPRICE,IMTIME,BUYSELLFEE,SCALPERFEE,NEGOTIATEDFEE,EXERCISEFEE,SETTLEPRICE_CLR
92U6,RFUD,AI92-9.26,Фьючерсный контракт AI92-9.26,71460,0,10.00000,2026-09-29,2026-09-29,92,AI92-9.26,AI92,222,1,7599.56,75230.00000,67690.00000,10.00000,71460,71510,2026-09-08 07:00:01,9.43,4.72,3.15,3.14,71460.00000
92V6,RFUD,AI92-10.26,Фьючерсный контракт AI92-10.26,71000,0,10.00000,2026-10-29,2026-10-29,92,AI92-10.26,AI92,440,1,8245.57,75060.00000,66940.00000,10.00000,71000,71000,2026-09-08 07:00:01,9.37,4.69,3.13,3.12,71000.00000
92X6,RFUD,AI92-11.26,Фьючерсный контракт AI92-11.26,71360,0,10.00000,2026-11-27,2026-11-27,92,AI92-11.26,AI92,14,1,8534.69,75550.00000,67170.00000,10.00000,71360,0,2026-09-08 07:00:01,9.42,4.71,3.14,3.14,71360.00000
95U6,RFUD,AI95-9.26,Фьючерсный контракт AI95-9.26,75410,0,10.00000,2026-09-29,2026-09-29,95,AI95-9.26,AI95,1530,1,8778.08,79770.00000,71050.00000,10.00000,75410,75310,2026-09-08 07:00:01,9.95,4.98,3.32,3.32,75410.00000
95V6,RFUD,AI95-10.26,Фьючерсный контракт AI95-10.26,75990,0,10.00000,2026-10-29,2026-10-29,95,AI95-10.26,AI95,498,1,9481.05,80660.00000,71320.00000,10.00000,75990,75990,2026-09-08 07:00:01,10.03,5.02,3.34,3.34,75990.00000
95X6,RFUD,AI95-11.26,Фьючерсный контракт AI95-11.26,74040,0,10.00000,2026-11-27,2026-11-27,95,AI95-11.26,AI95,102,1,9751.52,78830.00000,69250.00000,10.00000,74040,76000,2026-09-08 07:00:01,9.77,4.89,3.25,3.26,74040.00000
A2U6,RFUD,ASML-9.26,Фьючерсный контракт ASML-9.26,1717.2,1,0.10000,2026-09-18,2026-09-18,A2,ASML-9.26,ASML,334,1,3778.64,1907.40000,1527.00000,0.86191,1717.2,1779.7,2026-09-08 07:00:01,2.94,1.47,0.98,0.98,1717.20000
A2Z6,RFUD,ASML-12.26,Фьючерсный контракт ASML-12.26,1740.1,1,0.10000,2026-12-18,2026-12-18,A2,ASML-12.26,ASML,144,1,3934.41,1936.00000,1544.20000,0.86191,1740.1,0,2026-09-08 07:00:01,2.97,1.49,0.99,0.99,1740.10000
AAU6,RFUD,AFRICA-9.26,Фьючерсный контракт AFRICA-9.26,70.77,2,0.01000,2026-09-18,2026-09-18,AA,AFRICA-9.26,AFRICA,106,1,784.43,74.72000,66.82000,0.86191,70.77,0,2026-09-08 07:00:01,1.20,0.60,0.40,0.40,70.77000
AAZ6,RFUD,AFRICA-12.26,Фьючерсный контракт AFRICA-12.26,71.3,2,0.01000,2026-12-18,2026-12-18,AA,AFRICA-12.26,AFRICA,60,1,829.62,75.45000,67.15000,0.86191,71.3,0,2026-09-08 07:00:01,1.22,0.61,0.40,0.41,71.30000
ABH7,RFUD,ASTRM-3.27,Фьючерсный контракт ASTRM-3.27,2281,0,1.00000,2027-03-18,2027-03-19,AB,ASTRM-3.27,ASTRM,4,10,832.70,2685.00000,1877.00000,1.00000,2281,0,2026-09-08 07:00:01,0.45,0.23,0.15,0.00,2281.00000
ABZ6,RFUD,ASTRM-12.26,Фьючерсный контракт ASTRM-12.26,2243,0,1.00000,2026-12-17,2026-12-18,AB,ASTRM-12.26,ASTRM,1094,10,797.51,2634.00000,1852.00000,1.00000,2243,2235,2026-09-08 07:00:01,0.45,0.23,0.15,0.00,2243.00000
AEH7,RFUD,AED-3.27,Фьючерсный контракт AED-3.27,24.629,3,0.00100,2027-03-18,2027-03-18,AE,AED-3.27,AED,0,1000,3906.99,26.75100,22.50700,1.00000,24.629,0,2026-09-08 07:00:01,1.13,0.57,0.38,0.38,24.62900
AEU6,RFUD,AED-9.26,Фьючерсный контракт AED-9.26,23.574,3,0.00100,2026-09-17,2026-09-17,AE,AED-9.26,AED,92,1000,3576.24,25.53800,21.61000,1.00000,23.574,0,2026-09-08 07:00:01,1.09,0.55,0.36,0.36,23.57400
AEZ6,RFUD,AED-12.26,Фьючерсный контракт AED-12.26,23.959,3,0.00100,2026-12-17,2026-12-17,AE,AED-12.26,AED,36,1000,3758.80,26.01000,21.90800,1.00000,23.959,0,2026-09-08 07:00:01,1.11,0.56,0.37,0.37,23.95900
AFU6,RFUD,AFLT-9.26,Фьючерсный контракт AFLT-9.26,3357,0,1.00000,2026-09-17,2026-09-18,AF,AFLT-9.26,AFLT,167602,100,848.76,3780.00000,2934.00000,1.00000,3357,3372,2026-09-08 07:00:01,0.66,0.33,0.22,0.00,3357.00000
AFZ6,RFUD,AFLT-12.26,Фьючерсный контракт AFLT-12.26,3447,0,1.00000,2026-12-17,2026-12-18,AF,AFLT-12.26,AFLT,26776,100,919.57,3898.00000,2996.00000,1.00000,3447,3451,2026-09-08 07:00:01,0.68,0.34,0.23,0.00,3447.00000
AGU6,RFUD,ARGT-9.26,Фьючерсный контракт ARGT-9.26,97.25,2,0.01000,2026-09-18,2026-09-18,AG,ARGT-9.26,ARGT,82,1,1174.49,103.16000,91.34000,0.86191,97.25,94.37,2026-09-08 07:00:01,1.66,0.83,0.56,0.55,97.25000
AGZ6,RFUD,ARGT-12.26,Фьючерсный контракт ARGT-12.26,97.98,2,0.01000,2026-12-18,2026-12-18,AG,ARGT-12.26,ARGT,48,1,1237.15,104.17000,91.79000,0.86191,97.98,0,2026-09-08 07:00:01,1.67,0.84,0.56,0.56,97.98000
AKU6,RFUD,AFKS-9.26,Фьючерсный контракт AFKS-9.26,7852,0,1.00000,2026-09-17,2026-09-18,AK,AFKS-9.26,AFKS,81286,1000,1979.40,8839.00000,6865.00000,1.00000,7852,7931,2026-09-08 07:00:01,1.55,0.78,0.52,0.00,7852.00000
AKZ6,RFUD,AFKS-12.26,Фьючерсный контракт AFKS-12.26,8093,0,1.00000,2026-12-17,2026-12-18,AK,AFKS-12.26,AFKS,11968,1000,2145.52,9146.00000,7040.00000,1.00000,8093,8187,2026-09-08 07:00:01,1.60,0.80,0.54,0.00,8093.00000
ALU6,RFUD,ALRS-9.26,Фьючерсный контракт ALRS-9.26,2090,0,1.00000,2026-09-17,2026-09-18,AL,ALRS-9.26,ALRS,287574,100,422.88,2300.00000,1880.00000,1.00000,2090,2102,2026-09-08 07:00:01,0.42,0.21,0.14,0.00,2090.00000
ALZ6,RFUD,ALRS-12.26,Фьючерсный контракт ALRS-12.26,2159,0,1.00000,2026-12-17,2026-12-18,AL,ALRS-12.26,ALRS,60912,100,465.48,2387.00000,1931.00000,1.00000,2159,2176,2026-09-08 07:00:01,0.43,0.22,0.14,0.00,2159.00000
AMDF,RFUD,AMDF,AMDF,477.6,1,0.10000,2100-01-01,2100-01-01,AM,AMDF,AMDF,,1,9003.21,523.00000,432.20000,8.61909,477.6,,2026-09-08 07:00:01,10.56,5.28,4.70,0.00,477.60000
AMZNF,RFUD,AMZNF,AMZNF,258.5,1,0.10000,2100-01-01,2100-01-01,AM,AMZNF,AMZNF,,1,3335.81,275.30000,241.70000,8.61909,258.5,,2026-09-08 07:00:01,5.71,2.86,2.54,0.00,258.50000
ANH7,RFUD,ALUM-3.27,Фьючерсный контракт ALUM-3.27,3331,1,0.50000,2027-03-16,2027-03-16,AN,ALUM-3.27,ALUM,0,100,4052.17,3531.50000,3130.50000,4.30955,3331,0,2026-09-08 07:00:01,3.79,1.90,1.27,1.26,3331.00000
ANU6,RFUD,ALUM-9.26,Фьючерсный контракт ALUM-9.26,3331,1,0.50000,2026-09-15,2026-09-15,AN,ALUM-9.26,ALUM,80900,100,3343.50,3499.00000,3163.00000,4.30955,3331,3336,2026-09-08 07:00:01,3.79,1.90,1.27,1.26,3331.00000
ANZ6,RFUD,ALUM-12.26,Фьючерсный контракт ALUM-12.26,3330.5,1,0.50000,2026-12-15,2026-12-15,AN,ALUM-12.26,ALUM,8204,100,3873.80,3523.00000,3138.00000,4.30955,3330.5,3336,2026-09-08 07:00:01,3.79,1.90,1.27,1.26,3330.50000
APPF,RFUD,APPF,APPF,320.6,1,0.10000,2100-01-01,2100-01-01,AP,APPF,APPF,,1,8267.76,362.20000,279.00000,8.61909,320.6,,2026-09-08 07:00:01,7.10,3.55,3.16,0.00,320.60000
APU6,RFUD,SAP-9.26,Фьючерсный контракт SAP-9.26,211.94,2,0.01000,2026-09-18,2026-09-18,AP,SAP-9.26,SAP,12,1,4874.22,236.48000,187.40000,0.86191,211.94,0,2026-09-08 07:00:01,3.62,1.81,1.20,1.21,211.94000
APZ6,RFUD,SAP-12.26,Фьючерсный контракт SAP-12.26,209.27,2,0.01000,2026-12-18,2026-12-18,AP,SAP-12.26,SAP,24,1,5040.54,234.49000,184.05000,0.86191,209.27,209.27,2026-09-08 07:00:01,3.57,1.79,1.19,1.19,209.27000
ARH7,RFUD,AMD-3.27,Фьючерсный контракт AMD-3.27,24.31,3,0.00100,2027-03-18,2027-03-18,AR,AMD-3.27,AMD,0,100000,7796.70,28.54300,20.07700,1.00000,24.31,0,2026-09-08 07:00:01,1.13,0.57,0.38,0.37,24.31000
ARU6,RFUD,AMD-9.26,Фьючерсный контракт AMD-9.26,24.598,3,0.00100,2026-09-17,2026-09-17,AR,AMD-9.26,AMD,54,100000,7426.75,28.67600,20.52000,1.00000,24.598,0,2026-09-08 07:00:01,1.13,0.57,0.38,0.38,24.59800
ARZ6,RFUD,AMD-12.26,Фьючерсный контракт AMD-12.26,24.3,3,0.00100,2026-12-17,2026-12-17,AR,AMD-12.26,AMD,70,100000,7636.00,28.46600,20.13400,1.00000,24.3,24.3,2026-09-08 07:00:01,1.13,0.57,0.38,0.37,24.30000
ASU6,RFUD,ASTR-9.26,Фьючерсный контракт ASTR-9.26,219,0,1.00000,2026-09-17,2026-09-18,AS,ASTR-9.26,ASTR,300124,1,72.94,255.00000,183.00000,1.00000,219,219,2026-09-08 07:00:01,0.04,0.02,0.02,0.00,219.00000
ASZ6,RFUD,ASTR-12.26,Фьючерсный контракт ASTR-12.26,225,0,1.00000,2026-12-17,2026-12-18,AS,ASTR-12.26,ASTR,103160,1,77.85,263.00000,187.00000,1.00000,225,225,2026-09-08 07:00:01,0.05,0.03,0.02,0.00,225.00000
AUH7,RFUD,AUDU-3.27,Фьючерсный контракт AUDU-3.27,0.7247,4,0.00010,2027-03-18,2027-03-18,AU,AUDU-3.27,AUDU,0,1000,8922.74,0.76910,0.68030,8.61909,0.7247,0,2026-09-08 07:00:01,2.89,1.45,0.96,0.96,0.72470
AUU6,RFUD,AUDU-9.26,Фьючерсный контракт AUDU-9.26,0.7221,4,0.00010,2026-09-17,2026-09-17,AU,AUDU-9.26,AUDU,2,1000,7951.57,0.76210,0.68210,8.61909,0.7221,0.7224,2026-09-08 07:00:01,2.87,1.44,0.96,0.96,0.72210
AUZ6,RFUD,AUDU-12.26,Фьючерсный контракт AUDU-12.26,0.7233,4,0.00010,2026-12-17,2026-12-17,AU,AUDU-12.26,AUDU,2,1000,8517.63,0.76590,0.68070,8.61909,0.7233,0,2026-09-08 07:00:01,2.89,1.45,0.96,0.96,0.72330
BBU6,RFUD,ALIBABA-9.26,Фьючерсный контракт ALIBABA-9.26,112.68,2,0.01000,2026-09-18,2026-09-18,BB,ALIBABA-9.26,ALIBABA,23836,1,1584.58,120.66000,104.70000,0.86191,112.68,112.67,2026-09-08 07:00:01,1.93,0.97,0.64,0.64,112.68000
BBZ6,RFUD,ALIBABA-12.26,Фьючерсный контракт ALIBABA-12.26,115.65,2,0.01000,2026-12-18,2026-12-18,BB,ALIBABA-12.26,ALIBABA,3292,1,1670.01,124.00000,107.30000,0.86191,115.65,115.32,2026-09-08 07:00:01,1.97,0.99,0.66,0.66,115.65000
BDU6,RFUD,BAIDU-9.26,Фьючерсный контракт BAIDU-9.26,95,2,0.01000,2026-09-18,2026-09-18,BD,BAIDU-9.26,BAIDU,19222,1,1430.28,102.20000,87.80000,0.86191,95,95.5,2026-09-08 07:00:01,1.62,0.81,0.54,0.54,95.00000
BDZ6,RFUD,BAIDU-12.26,Фьючерсный контракт BAIDU-12.26,97.63,2,0.01000,2026-12-18,2026-12-18,BD,BAIDU-12.26,BAIDU,1376,1,1503.01,105.15000,90.11000,0.86191,97.63,97.97,2026-09-08 07:00:01,1.67,0.84,0.56,0.56,97.63000
BMF7,RFUD,BRM-1.27,Фьючерсный контракт BRM-1.27,88.03,2,0.01000,2027-01-04,2027-01-04,BM,BRM-1.27,BRM,4788,1,1972.51,100.89000,75.17000,0.86191,88.03,88.09,2026-09-08 07:00:01,1.01,0.51,0.33,0.33,88.03000
BMG7,RFUD,BRM-2.27,Фьючерсный контракт BRM-2.27,85.85,2,0.01000,2027-02-01,2027-02-01,BM,BRM-2.27,BRM,1092,1,2008.59,98.90000,72.80000,0.86191,85.85,86.05,2026-09-08 07:00:01,0.98,0.49,0.33,0.33,85.85000
BMH7,RFUD,BRM-3.27,Фьючерсный контракт BRM-3.27,84.56,2,0.01000,2027-03-01,2027-03-01,BM,BRM-3.27,BRM,700,1,2040.76,97.78000,71.34000,0.86191,84.56,84.61,2026-09-08 07:00:01,0.96,0.48,0.32,0.32,84.56000
BMJ7,RFUD,BRM-4.27,Фьючерсный контракт BRM-4.27,85.07,2,0.01000,2027-04-01,2027-04-01,BM,BRM-4.27,BRM,100,1,2059.62,98.40000,71.74000,0.86191,85.07,84.01,2026-09-08 07:00:01,0.97,0.49,0.33,0.32,85.07000
BMV6,RFUD,BRM-10.26,Фьючерсный контракт BRM-10.26,97.73,2,0.01000,2026-10-01,2026-10-01,BM,BRM-10.26,BRM,120056,1,1815.91,109.74000,85.72000,0.86191,97.73,97.27,2026-09-08 07:00:01,1.11,0.56,0.37,0.37,97.73000
BMX6,RFUD,BRM-11.26,Фьючерсный контракт BRM-11.26,93.85,2,0.01000,2026-11-02,2026-11-02,BM,BRM-11.26,BRM,11834,1,2017.92,106.39000,81.31000,0.86191,93.85,93.69,2026-09-08 07:00:01,1.06,0.53,0.35,0.36,93.85000
BMZ6,RFUD,BRM-12.26,Фьючерсный контракт BRM-12.26,90.48,2,0.01000,2026-12-01,2026-12-01,BM,BRM-12.26,BRM,5218,1,1932.66,103.13000,77.83000,0.86191,90.48,90.28,2026-09-08 07:00:01,1.03,0.52,0.35,0.34,90.48000
BNU6,RFUD,BANE-9.26,Фьючерсный контракт BANE-9.26,1244,0,1.00000,2026-09-17,2026-09-18,BN,BANE-9.26,BANE,37312,1,413.24,1450.00000,1038.00000,1.00000,1244,1239,2026-09-08 07:00:01,0.24,0.12,0.08,0.00,1244.00000
BNZ6,RFUD,BANE-12.26,Фьючерсный контракт BANE-12.26,1251,0,1.00000,2026-12-17,2026-12-18,BN,BANE-12.26,BANE,3398,1,440.60,1467.00000,1035.00000,1.00000,1251,1259,2026-09-08 07:00:01,0.25,0.13,0.09,0.00,1251.00000
BRF7,RFUD,BR-1.27,Фьючерсный контракт BR-1.27,88.03,2,0.01000,2027-01-04,2027-01-04,BR,BR-1.27,BR,2950,10,19726.88,100.90000,75.16000,8.61909,88.03,88.24,2026-09-08 07:00:01,10.02,5.01,3.34,3.34,88.03000
BRG7,RFUD,BR-2.27,Фьючерсный контракт BR-2.27,85.82,2,0.01000,2027-02-01,2027-02-01,BR,BR-2.27,BR,1336,10,20086.91,98.88000,72.76000,8.61909,85.82,85.9,2026-09-08 07:00:01,9.76,4.88,3.25,3.25,85.82000
BRH7,RFUD,BR-3.27,Фьючерсный контракт BR-3.27,84.52,2,0.01000,2027-03-01,2027-03-01,BR,BR-3.27,BR,890,10,20408.21,97.74000,71.30000,8.61909,84.52,84.86,2026-09-08 07:00:01,9.62,4.81,3.20,3.21,84.52000
BRJ7,RFUD,BR-4.27,Фьючерсный контракт BR-4.27,84.16,2,0.01000,2027-04-01,2027-04-01,BR,BR-4.27,BR,314,10,20570.00,97.47000,70.85000,8.61909,84.16,84.4,2026-09-08 07:00:01,9.58,4.79,3.20,3.19,84.16000
BRV6,RFUD,BR-10.26,Фьючерсный контракт BR-10.26,97.74,2,0.01000,2026-10-01,2026-10-01,BR,BR-10.26,BR,379574,10,18160.94,109.75000,85.73000,8.61909,97.74,97.26,2026-09-08 07:00:01,11.12,5.56,3.71,3.71,97.74000
BRX6,RFUD,BR-11.26,Фьючерсный контракт BR-11.26,93.85,2,0.01000,2026-11-02,2026-11-02,BR,BR-11.26,BR,58648,10,20181.09,106.39000,81.31000,8.61909,93.85,93.62,2026-09-08 07:00:01,10.68,5.34,3.56,3.56,93.85000
BRZ6,RFUD,BR-12.26,Фьючерсный контракт BR-12.26,90.65,2,0.01000,2026-12-01,2026-12-01,BR,BR-12.26,BR,12710,10,19331.36,103.30000,78.00000,8.61909,90.65,90.63,2026-09-08 07:00:01,10.31,5.16,3.44,3.44,90.65000
BSU6,RFUD,BSPB-9.26,Фьючерсный контракт BSPB-9.26,2564,0,1.00000,2026-09-17,2026-09-18,BS,BSPB-9.26,BSPB,28142,10,519.30,2822.00000,2306.00000,1.00000,2564,2558,2026-09-08 07:00:01,0.51,0.26,0.17,0.00,2564.00000
BSZ6,RFUD,BSPB-12.26,Фьючерсный контракт BSPB-12.26,2458,0,1.00000,2026-12-17,2026-12-18,BS,BSPB-12.26,BSPB,40120,10,567.91,2736.00000,2180.00000,1.00000,2458,2450,2026-09-08 07:00:01,0.49,0.25,0.16,0.00,2458.00000
BTU6,RFUD,BTC-9.26,Фьючерсный контракт BTC-9.26,79129,0,1.00000,2026-09-25,2026-09-25,BT,BTC-9.26,BTC,335138,1,1749.75,87933.00000,70325.00000,0.08619,79129,79567,2026-09-08 07:00:01,2.73,1.37,1.36,0.45,79129.00000
BTV6,RFUD,BTC-10.26,Фьючерсный контракт BTC-10.26,79568,0,1.00000,2026-10-30,2026-10-30,BT,BTC-10.26,BTC,56720,1,1761.62,88421.00000,70715.00000,0.08619,79568,79971,2026-09-08 07:00:01,2.75,1.38,1.37,0.45,79568.00000
BTX6,RFUD,BTC-11.26,Фьючерсный контракт BTC-11.26,80122,0,1.00000,2026-11-27,2026-11-27,BT,BTC-11.26,BTC,7592,1,1778.60,89045.00000,71199.00000,0.08619,80122,80500,2026-09-08 07:00:01,2.76,1.38,1.38,0.46,80122.00000
BYH7,RFUD,BYN-3.27,Фьючерсный контракт BYN-3.27,30.49,2,0.01000,2027-03-18,2027-03-18,BY,BYN-3.27,BYN,0,1000,4669.73,33.02000,27.96000,10.00000,30.49,0,2026-09-08 07:00:01,1.41,0.71,0.47,0.47,30.49000
BYU6,RFUD,BYN-9.26,Фьючерсный контракт BYN-9.26,28.21,2,0.01000,2026-09-17,2026-09-17,BY,BYN-9.26,BYN,10,1000,4260.76,30.54000,25.88000,10.00000,28.21,28.65,2026-09-08 07:00:01,1.30,0.65,0.43,0.43,28.21000
BYZ6,RFUD,BYN-12.26,Фьючерсный контракт BYN-12.26,29.35,2,0.01000,2026-12-17,2026-12-17,BY,BYN-12.26,BYN,10,1000,4484.61,31.79000,26.91000,10.00000,29.35,0,2026-09-08 07:00:01,1.36,0.68,0.45,0.45,29.35000
BZU6,RFUD,BRAZIL-9.26,Фьючерсный контракт BRAZIL-9.26,38.11,2,0.01000,2026-09-18,2026-09-18,BZ,BRAZIL-9.26,BRAZIL,418,1,498.10,40.61000,35.61000,0.86191,38.11,37.04,2026-09-08 07:00:01,0.65,0.33,0.21,0.22,38.11000
BZZ6,RFUD,BRAZIL-12.26,Фьючерсный контракт BRAZIL-12.26,38.4,2,0.01000,2026-12-18,2026-12-18,BZ,BRAZIL-12.26,BRAZIL,58,1,522.87,41.01000,35.79000,0.86191,38.4,36.68,2026-09-08 07:00:01,0.66,0.33,0.22,0.22,38.40000
CAH7,RFUD,UCAD-3.27,Фьючерсный контракт UCAD-3.27,1.3823,4,0.00010,2027-03-18,2027-03-18,CA,UCAD-3.27,UCAD,0,1000,11673.08,1.45350,1.31110,6.22767,1.3823,0,2026-09-08 07:00:01,3.98,1.99,1.32,1.33,1.38230
CAU6,RFUD,UCAD-9.26,Фьючерсный контракт UCAD-9.26,1.3816,4,0.00010,2026-09-17,2026-09-17,CA,UCAD-9.26,UCAD,4,1000,10247.38,1.44470,1.31850,6.22767,1.3816,0,2026-09-08 07:00:01,3.97,1.99,1.32,1.33,1.38160
CAZ6,RFUD,UCAD-12.26,Фьючерсный контракт UCAD-12.26,1.3819,4,0.00010,2026-12-17,2026-12-17,CA,UCAD-12.26,UCAD,0,1000,11054.57,1.44960,1.31420,6.22767,1.3819,0,2026-09-08 07:00:01,3.97,1.99,1.32,1.33,1.38190
CCG7,RFUD,COCOA-2.27,Фьючерсный контракт COCOA-2.27,556.2,1,0.10000,2027-02-22,2027-02-22,CC,COCOA-2.27,COCOA,52514,10,1099.79,609.70000,502.70000,1.00000,556.2,557.3,2026-09-08 07:00:01,0.73,0.37,0.24,0.24,556.20000
CCX6,RFUD,COCOA-11.26,Фьючерсный контракт COCOA-11.26,538.3,1,0.10000,2026-11-23,2026-11-23,CC,COCOA-11.26,COCOA,866160,10,1026.24,588.70000,487.90000,1.00000,538.3,539.5,2026-09-08 07:00:01,0.71,0.36,0.24,0.24,538.30000
CEH7,RFUD,COPPER-3.27,Фьючерсный контракт COPPER-3.27,14596,0,1.00000,2027-03-16,2027-03-16,CE,COPPER-3.27,COPPER,2,10,1775.61,15475.00000,13717.00000,0.86191,14596,0,2026-09-08 07:00:01,1.66,0.83,0.56,0.55,14596.00000
CEU6,RFUD,COPPER-9.26,Фьючерсный контракт COPPER-9.26,14596,0,1.00000,2026-09-15,2026-09-15,CE,COPPER-9.26,COPPER,68808,10,1465.08,15334.00000,13858.00000,0.86191,14596,14633,2026-09-08 07:00:01,1.66,0.83,0.56,0.55,14596.00000
CEZ6,RFUD,COPPER-12.26,Фьючерсный контракт COPPER-12.26,14601,0,1.00000,2026-12-15,2026-12-15,CE,COPPER-12.26,COPPER,37906,10,1697.56,15445.00000,13757.00000,0.86191,14601,14604,2026-09-08 07:00:01,1.67,0.84,0.56,0.55,14601.00000
CFH7,RFUD,UCHF-3.27,Фьючерсный контракт UCHF-3.27,0.8002,4,0.00010,2027-03-18,2027-03-18,CF,UCHF-3.27,UCHF,0,1000,9688.23,0.84180,0.75860,10.64742,0.8002,0,2026-09-08 07:00:01,3.93,1.97,1.31,1.31,0.80020
CFU6,RFUD,UCHF-9.26,Фьючерсный контракт UCHF-9.26,0.8084,4,0.00010,2026-09-17,2026-09-17,CF,UCHF-9.26,UCHF,312,1000,8516.39,0.84530,0.77150,10.64742,0.8084,0.8084,2026-09-08 07:00:01,3.98,1.99,1.32,1.33,0.80840
CFZ6,RFUD,UCHF-12.26,Фьючерсный контракт UCHF-12.26,0.8139,4,0.00010,2026-12-17,2026-12-17,CF,UCHF-12.26,UCHF,38,1000,9192.19,0.85350,0.77430,10.64742,0.8139,0.8055,2026-09-08 07:00:01,4.00,2.00,1.34,1.33,0.81390
CIU6,RFUD,CHINA-9.26,Фьючерсный контракт CHINA-9.26,54.25,2,0.01000,2026-09-18,2026-09-18,CI,CHINA-9.26,CHINA,2134,1,601.33,57.27000,51.23000,0.86191,54.25,54.25,2026-09-08 07:00:01,0.92,0.46,0.31,0.31,54.25000
CIZ6,RFUD,CHINA-12.26,Фьючерсный контракт CHINA-12.26,55.27,2,0.01000,2026-12-18,2026-12-18,CI,CHINA-12.26,CHINA,392,1,636.41,58.45000,52.09000,0.86191,55.27,55.9,2026-09-08 07:00:01,0.94,0.47,0.31,0.31,55.27000
CKU6,RFUD,CHMFM-9.26,Фьючерсный контракт CHMFM-9.26,6775,0,1.00000,2026-09-17,2026-09-18,CK,CHMFM-9.26,CHMFM,29272,10,1377.31,7461.00000,6089.00000,1.00000,6775,6746,2026-09-08 07:00:01,1.34,0.67,0.45,0.00,6775.00000
CKZ6,RFUD,CHMFM-12.26,Фьючерсный контракт CHMFM-12.26,7003,0,1.00000,2026-12-17,2026-12-18,CK,CHMFM-12.26,CHMFM,4920,10,1515.59,7747.00000,6259.00000,1.00000,7003,6978,2026-09-08 07:00:01,1.39,0.70,0.47,0.00,7003.00000
CMU6,RFUD,CBOM-9.26,Фьючерсный контракт CBOM-9.26,9935,0,1.00000,2026-09-17,2026-09-18,CM,CBOM-9.26,CBOM,36344,1000,3300.25,11580.00000,8290.00000,1.00000,9935,9892,2026-09-08 07:00:01,1.97,0.99,0.66,0.00,9935.00000
CMZ6,RFUD,CBOM-12.26,Фьючерсный контракт CBOM-12.26,9878,0,1.00000,2026-12-17,2026-12-18,CM,CBOM-12.26,CBOM,6764,1000,3516.54,11604.00000,8152.00000,1.00000,9878,9853,2026-09-08 07:00:01,1.95,0.98,0.65,0.00,9878.00000
CNYRUBF,RFUD,CNYRUBF,CNYRUBF,12.899,3,0.00100,2100-01-01,2100-01-01,CN,CNYRUBF,CNYRUBTOM,19929336,1000,1035.74,13.46800,12.33000,1.00000,12.899,12.937,2026-09-08 07:00:01,0.59,0.30,0.19,12.90,12.89900
COHRF,RFUD,COHRF,COHRF,281.9,1,0.10000,2100-01-01,2100-01-01,CO,COHRF,COHRF,,1,5593.08,310.10000,253.70000,8.61909,281.9,,2026-09-08 07:00:01,6.23,3.12,2.78,0.00,281.90000
CRH7,RFUD,CNY-3.27,Фьючерсный контракт CNY-3.27,13.376,3,0.00100,2027-03-18,2027-03-18,CR,CNY-3.27,CNY,201828,1000,1336.68,14.09700,12.65500,1.00000,13.376,13.391,2026-09-08 07:00:01,0.62,0.31,0.21,0.21,13.37600
CRH8,RFUD,CNY-3.28,Фьючерсный контракт CNY-3.28,14.286,3,0.00100,2028-03-16,2028-03-16,CR,CNY-3.28,CNY,0,1000,1992.51,15.23700,13.33500,1.00000,14.286,0,2026-09-08 07:00:01,0.66,0.33,0.22,0.22,14.28600
CRM7,RFUD,CNY-6.27,Фьючерсный контракт CNY-6.27,13.594,3,0.00100,2027-06-17,2027-06-17,CR,CNY-6.27,CNY,68664,1000,1490.98,14.39200,12.79600,1.00000,13.594,13.613,2026-09-08 07:00:01,0.63,0.32,0.21,0.21,13.59400
CRU6,RFUD,CNY-9.26,Фьючерсный контракт CNY-9.26,12.936,3,0.00100,2026-09-17,2026-09-17,CR,CNY-9.26,CNY,25874630,1000,1066.42,13.52100,12.35100,1.00000,12.936,12.964,2026-09-08 07:00:01,0.59,0.30,0.19,0.20,12.93600
CRU7,RFUD,CNY-9.27,Фьючерсный контракт CNY-9.27,13.841,3,0.00100,2027-09-16,2027-09-16,CR,CNY-9.27,CNY,4112,1000,1652.48,14.64000,13.04200,1.00000,13.841,13.866,2026-09-08 07:00:01,0.64,0.32,0.21,0.21,13.84100
CRZ6,RFUD,CNY-12.26,Фьючерсный контракт CNY-12.26,13.166,3,0.00100,2026-12-17,2026-12-17,CR,CNY-12.26,CNY,18374914,1000,1328.89,13.88300,12.44900,1.00000,13.166,13.193,2026-09-08 07:00:01,0.61,0.31,0.21,0.20,13.16600
CRZ7,RFUD,CNY-12.27,Фьючерсный контракт CNY-12.27,14.066,3,0.00100,2027-12-16,2027-12-16,CR,CNY-12.27,CNY,2386,1000,1819.50,14.94000,13.19200,1.00000,14.066,14.1,2026-09-08 07:00:01,0.65,0.33,0.21,0.22,14.06600
CSH7,RFUD,CNI-3.27,Фьючерсный контракт CNI-3.27,5318,0,1.00000,2027-03-18,2027-03-18,CS,CNI-3.27,CNI,0,1,742.46,5679.00000,4957.00000,1.00000,5318,0,2026-09-08 07:00:01,0.35,0.18,0.12,0.12,5318.00000
CSU6,RFUD,CNI-9.26,Фьючерсный контракт CNI-9.26,5115,0,1.00000,2026-09-17,2026-09-17,CS,CNI-9.26,CNI,632,1,576.67,5402.00000,4828.00000,1.00000,5115,5136,2026-09-08 07:00:01,0.33,0.17,0.11,0.11,5115.00000
CSZ6,RFUD,CNI-12.26,Фьючерсный контракт CNI-12.26,5211,0,1.00000,2026-12-17,2026-12-17,CS,CNI-12.26,CNI,246,1,672.66,5541.00000,4881.00000,1.00000,5211,5082,2026-09-08 07:00:01,0.35,0.18,0.12,0.11,5211.00000
DDU6,RFUD,PDD-9.26,Фьючерсный контракт PDD-9.26,82.35,2,0.01000,2026-09-18,2026-09-18,DD,PDD-9.26,PDD,134,1,4101.40,103.00000,61.70000,0.86191,82.35,0,2026-09-08 07:00:01,1.41,0.71,0.47,0.47,82.35000
DDZ6,RFUD,PDD-12.26,Фьючерсный контракт PDD-12.26,82.98,2,0.01000,2026-12-18,2026-12-18,DD,PDD-12.26,PDD,224,1,4227.23,103.90000,62.06000,0.86191,82.98,82.51,2026-09-08 10:03:58,1.41,0.71,0.47,0.47,82.98000
DJU6,RFUD,DJ30-9.26,Фьючерсный контракт DJ30-9.26,537.8,1,0.10000,2026-09-18,2026-09-18,DJ,DJ30-9.26,DJ30,648,1,5427.12,565.10000,510.50000,8.61909,537.8,534.3,2026-09-08 07:00:01,9.18,4.59,3.06,3.06,537.80000
DJZ6,RFUD,DJ30-12.26,Фьючерсный контракт DJ30-12.26,538,1,0.10000,2026-12-18,2026-12-18,DJ,DJ30-12.26,DJ30,56,1,5809.61,567.00000,509.00000,8.61909,538,539.3,2026-09-08 07:00:01,9.18,4.59,3.06,3.06,538.00000
DLU6,RFUD,DTL-9.26,Фьючерсный контракт DTL-9.26,69990,0,10.00000,2026-09-29,2026-09-29,DL,DTL-9.26,DTL,1274,1,7443.23,73690.00000,66290.00000,10.00000,69990,70000,2026-09-08 07:00:01,9.24,4.62,3.08,3.08,69990.00000
DLV6,RFUD,DTL-10.26,Фьючерсный контракт DTL-10.26,69950,0,10.00000,2026-10-29,2026-10-29,DL,DTL-10.26,DTL,86,1,8081.73,73930.00000,65970.00000,10.00000,69950,69140,2026-09-08 07:00:01,9.23,4.62,3.08,3.08,69950.00000
DLX6,RFUD,DTL-11.26,Фьючерсный контракт DTL-11.26,68670,0,10.00000,2026-11-27,2026-11-27,DL,DTL-11.26,DTL,46,1,8337.50,72770.00000,64570.00000,10.00000,68670,68670,2026-09-08 07:00:01,9.06,4.53,3.02,3.02,68670.00000
DRU6,RFUD,DOMRF-9.26,Фьючерсный контракт DOMRF-9.26,2179,0,1.00000,2026-09-17,2026-09-18,DR,DOMRF-9.26,DOMRF,45284,1,549.52,2453.00000,1905.00000,1.00000,2179,2183,2026-09-08 07:00:01,0.43,0.22,0.14,0.00,2179.00000
DRZ6,RFUD,DOMRF-12.26,Фьючерсный контракт DOMRF-12.26,2256,0,1.00000,2026-12-17,2026-12-18,DR,DOMRF-12.26,DOMRF,25540,1,595.83,2548.00000,1964.00000,1.00000,2256,2258,2026-09-08 07:00:01,0.45,0.23,0.15,0.00,2256.00000
DXU6,RFUD,DAX-9.26,Фьючерсный контракт DAX-9.26,21389,0,1.00000,2026-09-18,2026-09-18,DX,DAX-9.26,DAX,4854,100,2014.94,22262.00000,20516.00000,1.00171,21389,21389,2026-09-08 07:00:01,4.24,2.12,1.41,1.41,21389.00000
DXZ6,RFUD,DAX-12.26,Фьючерсный контракт DAX-12.26,21307,0,1.00000,2026-12-18,2026-12-18,DX,DAX-12.26,DAX,1284,100,2187.67,22249.00000,20365.00000,1.00171,21307,21307,2026-09-08 07:00:01,4.23,2.12,1.41,1.41,21307.00000
EAU6,RFUD,ENPG-9.26,Фьючерсный контракт ENPG-9.26,3161,0,1.00000,2026-09-17,2026-09-18,EA,ENPG-9.26,ENPG,24904,10,640.31,3480.00000,2842.00000,1.00000,3161,3147,2026-09-08 07:00:01,0.63,0.32,0.21,0.00,3161.00000
EAZ6,RFUD,ENPG-12.26,Фьючерсный контракт ENPG-12.26,3273,0,1.00000,2026-12-17,2026-12-18,EA,ENPG-12.26,ENPG,9296,10,704.89,3619.00000,2927.00000,1.00000,3273,3267,2026-09-08 07:00:01,0.65,0.33,0.21,0.00,3273.00000
ECU6,RFUD,ECAD-9.26,Фьючерсный контракт ECAD-9.26,1.6218,4,0.00010,2026-09-17,2026-09-17,EC,ECAD-9.26,ECAD,0,1000,13343.89,1.70400,1.53960,6.22767,1.6218,0,2026-09-08 07:00:01,4.66,2.33,1.55,1.56,1.62180
ECZ6,RFUD,ECAD-12.26,Фьючерсный контракт ECAD-12.26,1.6255,4,0.00010,2026-12-17,2026-12-17,EC,ECAD-12.26,ECAD,0,1000,14302.31,1.71310,1.53790,6.22767,1.6255,0,2026-09-08 07:00:01,4.68,2.34,1.56,1.56,1.62550
EDH7,RFUD,ED-3.27,Фьючерсный контракт ED-3.27,1.1603,4,0.00010,2027-03-18,2027-03-18,ED,ED-3.27,ED,60,1000,7348.63,1.21520,1.10540,8.61909,1.1603,1.1603,2026-09-08 07:00:01,4.63,2.32,1.55,1.54,1.16030
EDM7,RFUD,ED-6.27,Фьючерсный контракт ED-6.27,1.1602,4,0.00010,2027-06-17,2027-06-17,ED,ED-6.27,ED,18,1000,8113.45,1.22050,1.09990,8.61909,1.1602,1.1614,2026-09-08 07:00:01,4.61,2.31,1.53,1.54,1.16020
EDU6,RFUD,ED-9.26,Фьючерсный контракт ED-9.26,1.1619,4,0.00010,2026-09-17,2026-09-17,ED,ED-9.26,ED,461098,1000,5877.68,1.20630,1.11750,8.61909,1.1619,1.1614,2026-09-08 07:00:01,4.63,2.32,1.55,1.54,1.16190
EDU7,RFUD,ED-9.27,Фьючерсный контракт ED-9.27,1.1638,4,0.00010,2027-09-16,2027-09-16,ED,ED-9.27,ED,0,1000,8892.42,1.22960,1.09800,8.61909,1.1638,0,2026-09-08 07:00:01,4.63,2.32,1.55,1.54,1.16380
EDZ6,RFUD,ED-12.26,Фьючерсный контракт ED-12.26,1.1603,4,0.00010,2026-12-17,2026-12-17,ED,ED-12.26,ED,144066,1000,6736.52,1.21080,1.10980,8.61909,1.1603,1.1606,2026-09-08 07:00:01,4.63,2.32,1.55,1.54,1.16030
EGU6,RFUD,EGBP-9.26,Фьючерсный контракт EGBP-9.26,0.9078,4,0.00010,2026-09-17,2026-09-17,EG,EGBP-9.26,EGBP,0,1000,11821.61,0.95380,0.86180,11.64870,0.9078,0,2026-09-08 07:00:01,4.89,2.45,1.63,1.63,0.90780
EGZ6,RFUD,EGBP-12.26,Фьючерсный контракт EGBP-12.26,0.91,4,0.00010,2026-12-17,2026-12-17,EG,EGBP-12.26,EGBP,0,1000,12670.82,0.95900,0.86100,11.64870,0.91,0,2026-09-08 07:00:01,4.89,2.45,1.63,1.63,0.91000
EHU6,RFUD,ETH-9.26,Фьючерсный контракт ETH-9.26,2477.7,1,0.10000,2026-09-25,2026-09-25,EH,ETH-9.26,ETH,91768,1,867.96,2914.40000,2041.00000,0.08619,2477.7,2501.5,2026-09-08 07:00:01,0.85,0.43,0.43,0.14,2477.70000
EHV6,RFUD,ETH-10.26,Фьючерсный контракт ETH-10.26,2485.9,1,0.10000,2026-10-30,2026-10-30,EH,ETH-10.26,ETH,35078,1,872.05,2924.10000,2047.70000,0.08619,2485.9,2505.7,2026-09-08 07:00:01,0.85,0.43,0.43,0.14,2485.90000
EHX6,RFUD,ETH-11.26,Фьючерсный контракт ETH-11.26,2501,1,0.10000,2026-11-27,2026-11-27,EH,ETH-11.26,ETH,5592,1,877.90,2941.40000,2060.60000,0.08619,2501,2517.7,2026-09-08 07:00:01,0.87,0.44,0.43,0.14,2501.00000
EJU6,RFUD,EJPY-9.26,Фьючерсный контракт EJPY-9.26,180.92,2,0.01000,2026-09-17,2026-09-17,EJ,EJPY-9.26,EJPY,0,1000,10977.08,190.09000,171.75000,5.52790,180.92,0,2026-09-08 07:00:01,4.63,2.32,1.55,1.54,180.92000
EJZ6,RFUD,EJPY-12.26,Фьючерсный контракт EJPY-12.26,181.13,2,0.01000,2026-12-17,2026-12-17,EJ,EJPY-12.26,EJPY,0,1000,11764.52,190.90000,171.36000,5.52790,181.13,0,2026-09-08 07:00:01,4.63,2.32,1.55,1.54,181.13000
EMU6,RFUD,EM-9.26,Фьючерсный контракт EM-9.26,68.83,2,0.01000,2026-09-18,2026-09-18,EM,EM-9.26,EM,1090,1,694.59,72.32000,65.34000,0.86191,68.83,69.06,2026-09-08 07:00:01,1.18,0.59,0.40,0.39,68.83000
EMZ6,RFUD,EM-12.26,Фьючерсный контракт EM-12.26,70.3,2,0.01000,2026-12-18,2026-12-18,EM,EM-12.26,EM,260,1,744.71,74.02000,66.58000,0.86191,70.3,71.05,2026-09-08 07:00:01,1.20,0.60,0.40,0.40,70.30000
ERU6,RFUD,EURM-9.26,Фьючерсный контракт EURM-9.26,100.69,2,0.01000,2026-09-17,2026-09-17,ER,EURM-9.26,EURM,1200,100,1527.50,109.07000,92.31000,1.00000,100.69,100.74,2026-09-08 07:00:01,0.47,0.24,0.16,0.16,100.69000
ERZ6,RFUD,EURM-12.26,Фьючерсный контракт EURM-12.26,102,2,0.01000,2026-12-17,2026-12-17,ER,EURM-12.26,EURM,162,100,1605.20,110.75000,93.25000,1.00000,102,102,2026-09-08 07:00:01,0.47,0.24,0.16,0.16,102.00000
ETU6,RFUD,ETHA-9.26,Фьючерсный контракт ETHA-9.26,18.69,2,0.01000,2026-09-18,2026-09-18,ET,ETHA-9.26,ETHA,356058,1,652.51,21.97000,15.41000,0.86191,18.69,18.81,2026-09-08 07:00:01,0.64,0.32,0.33,0.11,18.69000
ETZ6,RFUD,ETHA-12.26,Фьючерсный контракт ETHA-12.26,19.12,2,0.01000,2026-12-18,2026-12-18,ET,ETHA-12.26,ETHA,67476,1,669.17,22.46000,15.78000,0.86191,19.12,19.28,2026-09-08 07:00:01,0.66,0.33,0.33,0.11,19.12000
EuH7,RFUD,Eu-3.27,Фьючерсный контракт Eu-3.27,103741,0,1.00000,2027-03-18,2027-03-18,Eu,Eu-3.27,Eu,564,1000,16789.95,112752.00000,94730.00000,1.00000,103741,103838,2026-09-08 07:00:01,4.79,2.40,1.60,1.60,103741.00000
EuM7,RFUD,Eu-6.27,Фьючерсный контракт Eu-6.27,106465,0,1.00000,2027-06-17,2027-06-17,Eu,Eu-6.27,Eu,52,1000,17595.42,115861.00000,97069.00000,1.00000,106465,0,2026-09-08 07:00:01,4.92,2.46,1.64,1.64,106465.00000
EURRUBF,RFUD,EURRUBF,EURRUBF,100.17,2,0.01000,2100-01-01,2100-01-01,EU,EURRUBF,EURRUBTOM,106458,1000,15044.61,108.44000,91.90000,10.00000,100.17,100.79,2026-09-08 07:00:01,4.63,2.32,1.55,100.17,100.17000
EuU6,RFUD,Eu-9.26,Фьючерсный контракт Eu-9.26,100684,0,1.00000,2026-09-17,2026-09-17,Eu,Eu-9.26,Eu,949108,1000,15196.98,109030.00000,92338.00000,1.00000,100684,100778,2026-09-08 07:00:01,4.65,2.33,1.55,1.55,100684.00000
EuZ6,RFUD,Eu-12.26,Фьючерсный контракт Eu-12.26,101988,0,1.00000,2026-12-17,2026-12-17,Eu,Eu-12.26,Eu,943856,1000,16173.78,110704.00000,93272.00000,1.00000,101988,102108,2026-09-08 07:00:01,4.71,2.36,1.57,1.57,101988.00000
FEU6,RFUD,FESH-9.26,Фьючерсный контракт FESH-9.26,6193,0,1.00000,2026-09-17,2026-09-18,FE,FESH-9.26,FESH,23242,100,1558.71,6970.00000,5416.00000,1.00000,6193,6185,2026-09-08 07:00:01,1.23,0.62,0.41,0.00,6193.00000
FEZ6,RFUD,FESH-12.26,Фьючерсный контракт FESH-12.26,6397,0,1.00000,2026-12-17,2026-12-18,FE,FESH-12.26,FESH,1918,100,1689.96,7226.00000,5568.00000,1.00000,6397,6390,2026-09-08 07:00:01,1.27,0.64,0.42,0.00,6397.00000
FFU6,RFUD,TTF-9.26,Фьючерсный контракт TTF-9.26,74.99,3,0.00500,2026-09-30,2026-09-30,FF,TTF-9.26,TTF,178420,1,3820.07,91.43000,58.55000,0.50086,74.99,75,2026-09-08 07:00:01,0.99,0.50,0.33,0.33,74.99000
FFV6,RFUD,TTF-10.26,Фьючерсный контракт TTF-10.26,76.16,3,0.00500,2026-10-30,2026-10-30,FF,TTF-10.26,TTF,41940,1,3968.03,93.05000,59.27000,0.50086,76.16,76.145,2026-09-08 07:00:01,1.01,0.51,0.33,0.34,76.16000
FIU6,RFUD,FIXR-9.26,Фьючерсный контракт FIXR-9.26,4091,0,1.00000,2026-09-17,2026-09-18,FI,FIXR-9.26,FIXR,1206,10000,1362.48,4770.00000,3412.00000,1.00000,4091,4094,2026-09-08 07:00:01,0.81,0.41,0.27,0.00,4091.00000
FIZ6,RFUD,FIXR-12.26,Фьючерсный контракт FIXR-12.26,4189,0,1.00000,2026-12-17,2026-12-18,FI,FIXR-12.26,FIXR,264,10000,1453.94,4902.00000,3476.00000,1.00000,4189,4189,2026-09-08 07:00:01,0.83,0.42,0.28,0.00,4189.00000
FLU6,RFUD,FLOT-9.26,Фьючерсный контракт FLOT-9.26,8175,0,1.00000,2026-09-17,2026-09-18,FL,FLOT-9.26,FLOT,9588,100,1655.90,9000.00000,7350.00000,1.00000,8175,8133,2026-09-08 07:00:01,1.62,0.81,0.54,0.00,8175.00000
FLZ6,RFUD,FLOT-12.26,Фьючерсный контракт FLOT-12.26,8268,0,1.00000,2026-12-17,2026-12-18,FL,FLOT-12.26,FLOT,2048,100,1819.17,9161.00000,7375.00000,1.00000,8268,8237,2026-09-08 07:00:01,1.64,0.82,0.54,0.00,8268.00000
FNH7,RFUD,FNI-3.27,Фьючерсный контракт FNI-3.27,8800,0,1.00000,2027-03-18,2027-03-18,FN,FNI-3.27,FNI,0,1,1490.27,9525.00000,8075.00000,1.00000,8800,0,2026-09-08 07:00:01,0.58,0.29,0.19,0.19,8800.00000
FNU6,RFUD,FNI-9.26,Фьючерсный контракт FNI-9.26,8464,0,1.00000,2026-09-17,2026-09-17,FN,FNI-9.26,FNI,11762,1,1208.79,9066.00000,7862.00000,1.00000,8464,8464,2026-09-08 07:00:01,0.56,0.28,0.19,0.19,8464.00000
FNZ6,RFUD,FNI-12.26,Фьючерсный контракт FNI-12.26,8981,0,1.00000,2026-12-17,2026-12-17,FN,FNI-12.26,FNI,348,1,1378.66,9658.00000,8304.00000,1.00000,8981,8981,2026-09-08 07:00:01,0.59,0.30,0.19,0.20,8981.00000
FSU6,RFUD,FEES-9.26,Фьючерсный контракт FEES-9.26,5202,0,1.00000,2026-09-17,2026-09-18,FS,FEES-9.26,FEES,19832,100000,1054.32,5727.00000,4677.00000,1.00000,5202,5200,2026-09-08 07:00:01,1.03,0.52,0.35,0.00,5202.00000
FSZ6,RFUD,FEES-12.26,Фьючерсный контракт FEES-12.26,5386,0,1.00000,2026-12-17,2026-12-18,FS,FEES-12.26,FEES,12526,100000,1160.62,5955.00000,4817.00000,1.00000,5386,5402,2026-09-08 07:00:01,1.06,0.53,0.35,0.00,5386.00000
GAZPF,RFUD,GAZPF,GAZPF,91.1,2,0.01000,2100-01-01,2100-01-01,GA,GAZPF,GAZPF,683002,100,1551.63,98.85000,83.35000,1.00000,91.1,91.27,2026-09-08 07:00:01,2.73,1.37,1.37,9.11,91.10000
GDH7,RFUD,GOLD-3.27,Фьючерсный контракт GOLD-3.27,4519.4,1,0.10000,2027-03-19,2027-03-19,GD,GOLD-3.27,GOLD,1902,1,37034.03,4763.00000,4275.80000,8.61909,4519.4,4514.5,2026-09-08 07:00:01,51.42,25.71,17.14,17.14,4519.40000
GDM7,RFUD,GOLD-6.27,Фьючерсный контракт GOLD-6.27,4573.8,1,0.10000,2027-06-18,2027-06-18,GD,GOLD-6.27,GOLD,752,1,40171.92,4836.70000,4310.90000,8.61909,4573.8,4573.8,2026-09-08 07:00:01,52.04,26.02,17.34,17.35,4573.80000
GDU6,RFUD,GOLD-9.26,Фьючерсный контракт GOLD-9.26,4424.4,1,0.10000,2026-09-18,2026-09-18,GD,GOLD-9.26,GOLD,208654,1,31469.76,4633.60000,4215.20000,8.61909,4424.4,4424,2026-09-08 07:00:01,50.33,25.17,16.78,16.78,4424.40000
GDZ6,RFUD,GOLD-12.26,Фьючерсный контракт GOLD-12.26,4466.3,1,0.10000,2026-12-18,2026-12-18,GD,GOLD-12.26,GOLD,78674,1,34563.25,4694.60000,4238.00000,8.61909,4466.3,4467.5,2026-09-08 07:00:01,50.82,25.41,16.94,16.94,4466.30000
GKU6,RFUD,GMKN-9.26,Фьючерсный контракт GMKN-9.26,1325,0,1.00000,2026-09-17,2026-09-18,GK,GMKN-9.26,GMKN,704736,10,228.79,1439.00000,1211.00000,1.00000,1325,1322,2026-09-08 07:00:01,0.26,0.13,0.09,0.00,1325.00000
GKZ6,RFUD,GMKN-12.26,Фьючерсный контракт GMKN-12.26,1357,0,1.00000,2026-12-17,2026-12-18,GK,GMKN-12.26,GMKN,81920,10,254.93,1482.00000,1232.00000,1.00000,1357,1353,2026-09-08 07:00:01,0.26,0.13,0.09,0.00,1357.00000
GLDRUBF,RFUD,GLDRUBF,GLDRUBF,12171,1,0.10000,2100-01-01,2100-01-01,GL,GLDRUBF,GLDRUBTOM,1611604,1,1344.37,12910.00000,11432.00000,0.10000,12171,12200.4,2026-09-08 07:00:01,1.60,0.80,0.54,12.17,12171.00000
GLH7,RFUD,GL-3.27,Фьючерсный контракт GL-3.27,12965.6,1,0.10000,2027-03-18,2027-03-18,GL,GL-3.27,GL,9868,1,1565.15,13813.90000,12117.30000,0.10000,12965.6,12980,2026-09-08 07:00:01,1.71,0.86,0.57,0.57,12965.60000
GLM7,RFUD,GL-6.27,Фьючерсный контракт GL-6.27,13292.5,1,0.10000,2027-06-17,2027-06-17,GL,GL-6.27,GL,73398,1,1681.90,14198.50000,12386.50000,0.10000,13292.5,13295.1,2026-09-08 07:00:01,1.76,0.88,0.59,0.58,13292.50000
GLU6,RFUD,GL-9.26,Фьючерсный контракт GL-9.26,12211.5,1,0.10000,2026-09-17,2026-09-17,GL,GL-9.26,GL,966086,1,1383.83,12970.10000,11452.90000,0.10000,12211.5,12234.2,2026-09-08 07:00:01,1.62,0.81,0.54,0.54,12211.50000
GLZ6,RFUD,GL-12.26,Фьючерсный контракт GL-12.26,12599.4,1,0.10000,2026-12-17,2026-12-17,GL,GL-12.26,GL,624514,1,1591.41,13460.30000,11738.50000,0.10000,12599.4,12616.1,2026-09-08 07:00:01,1.67,0.84,0.56,0.55,12599.40000
GNH7,RFUD,GOLDM-3.27,Фьючерсный контракт GOLDM-3.27,4519.2,1,0.10000,2027-03-19,2027-03-19,GN,GOLDM-3.27,GOLDM,702,2,3702.96,4762.80000,4275.60000,0.86191,4519.2,4524,2026-09-08 07:00:01,5.15,2.58,1.72,1.71,4519.20000
GNM7,RFUD,GOLDM-6.27,Фьючерсный контракт GOLDM-6.27,4582.4,1,0.10000,2027-06-18,2027-06-18,GN,GOLDM-6.27,GOLDM,388,2,4018.45,4845.40000,4319.40000,0.86191,4582.4,4591.7,2026-09-08 07:00:01,5.22,2.61,1.74,1.74,4582.40000
GNU6,RFUD,GOLDM-9.26,Фьючерсный контракт GOLDM-9.26,4423.8,1,0.10000,2026-09-18,2026-09-18,GN,GOLDM-9.26,GOLDM,57940,2,3146.56,4632.90000,4214.70000,0.86191,4423.8,4423.5,2026-09-08 07:00:01,5.03,2.52,1.67,1.68,4423.80000
GNZ6,RFUD,GOLDM-12.26,Фьючерсный контракт GOLDM-12.26,4468.1,1,0.10000,2026-12-18,2026-12-18,GN,GOLDM-12.26,GOLDM,9848,2,3456.06,4696.40000,4239.80000,0.86191,4468.1,4469.3,2026-09-08 07:00:01,5.08,2.54,1.69,1.69,4468.10000
GUH7,RFUD,GBPU-3.27,Фьючерсный контракт GBPU-3.27,1.3516,4,0.00010,2027-03-18,2027-03-18,GU,GBPU-3.27,GBPU,0,1000,15332.53,1.42800,1.27520,8.61909,1.3516,0,2026-09-08 07:00:01,5.38,2.69,1.79,1.79,1.35160
GUU6,RFUD,GBPU-9.26,Фьючерсный контракт GBPU-9.26,1.3511,4,0.00010,2026-09-17,2026-09-17,GU,GBPU-9.26,GBPU,6434,1000,13537.41,1.41930,1.28290,8.61909,1.3511,1.3524,2026-09-08 07:00:01,5.38,2.69,1.79,1.79,1.35110
GUZ6,RFUD,GBPU-12.26,Фьючерсный контракт GBPU-12.26,1.3368,4,0.00010,2026-12-17,2026-12-17,GU,GBPU-12.26,GBPU,18,1000,14573.74,1.40970,1.26390,8.61909,1.3368,1.3453,2026-09-08 07:00:01,5.32,2.66,1.77,1.77,1.33680
GZH7,RFUD,GAZR-3.27,Фьючерсный контракт GAZR-3.27,9789,0,1.00000,2027-03-18,2027-03-19,GZ,GAZR-3.27,GAZR,17564,100,1896.98,10711.00000,8867.00000,1.00000,9789,9813,2026-09-08 07:00:01,1.93,0.97,0.64,0.00,9789.00000
GZM7,RFUD,GAZR-6.27,Фьючерсный контракт GAZR-6.27,10152,0,1.00000,2027-06-17,2027-06-18,GZ,GAZR-6.27,GAZR,8396,100,1905.61,11079.00000,9225.00000,1.00000,10152,10178,2026-09-08 07:00:01,2.01,1.01,0.67,0.00,10152.00000
GZU6,RFUD,GAZR-9.26,Фьючерсный контракт GAZR-9.26,9164,0,1.00000,2026-09-17,2026-09-18,GZ,GAZR-9.26,GAZR,1132308,100,1579.20,9951.00000,8377.00000,1.00000,9164,9164,2026-09-08 07:00:01,1.81,0.91,0.61,0.00,9164.00000
GZZ6,RFUD,GAZR-12.26,Фьючерсный контракт GAZR-12.26,9481,0,1.00000,2026-12-17,2026-12-18,GZ,GAZR-12.26,GAZR,201642,100,1898.50,10346.00000,8616.00000,1.00000,9481,9485,2026-09-08 07:00:01,1.88,0.94,0.63,0.00,9481.00000
HDU6,RFUD,HEAD-9.26,Фьючерсный контракт HEAD-9.26,2810,0,1.00000,2026-09-17,2026-09-18,HD,HEAD-9.26,HEAD,25026,1,568.85,3093.00000,2527.00000,1.00000,2810,2814,2026-09-08 07:00:01,0.56,0.28,0.19,0.00,2810.00000
HDZ6,RFUD,HEAD-12.26,Фьючерсный контракт HEAD-12.26,2714,0,1.00000,2026-12-17,2026-12-18,HD,HEAD-12.26,HEAD,12992,1,622.50,3019.00000,2409.00000,1.00000,2714,2719,2026-09-08 07:00:01,0.54,0.27,0.18,0.00,2714.00000
HKH7,RFUD,HKD-3.27,Фьючерсный контракт HKD-3.27,12.171,3,0.00100,2027-03-18,2027-03-18,HK,HKD-3.27,HKD,0,1000,1830.83,13.52700,10.81500,1.00000,12.171,0,2026-09-08 07:00:01,0.56,0.28,0.19,0.19,12.17100
HKU6,RFUD,HKD-9.26,Фьючерсный контракт HKD-9.26,11.032,3,0.00100,2026-09-17,2026-09-17,HK,HKD-9.26,HKD,84,1000,1667.62,12.28000,9.78400,1.00000,11.032,10.85,2026-09-08 07:00:01,0.51,0.26,0.17,0.17,11.03200
HKZ6,RFUD,HKD-12.26,Фьючерсный контракт HKD-12.26,11.419,3,0.00100,2026-12-17,2026-12-17,HK,HKD-12.26,HKD,66,1000,2044.18,12.72400,10.11400,1.00000,11.419,0,2026-09-08 07:00:01,0.52,0.26,0.17,0.18,11.41900
HOODF,RFUD,HOODF,HOODF,122.11,2,0.01000,2100-01-01,2100-01-01,HO,HOODF,HOODF,,1,3633.64,140.43000,103.79000,0.86191,122.11,,2026-09-08 07:00:01,2.71,1.36,1.21,0.00,122.11000
HOU6,RFUD,HOME-9.26,Фьючерсный контракт HOME-9.26,39370,0,10.00000,2026-09-23,2026-09-23,HO,HOME-9.26,HOME,768,1,2534.06,40630.00000,38110.00000,10.00000,39370,39370,2026-09-08 07:00:01,2.59,1.30,0.87,0.87,39370.00000
HOZ6,RFUD,HOME-12.26,Фьючерсный контракт HOME-12.26,40800,0,10.00000,2026-12-23,2026-12-23,HO,HOME-12.26,HOME,46,1,3225.88,42380.00000,39220.00000,10.00000,40800,40800,2026-09-08 07:00:01,2.69,1.35,0.90,0.90,40800.00000
HSU6,RFUD,HANG-9.26,Фьючерсный контракт HANG-9.26,25932,0,1.00000,2026-09-18,2026-09-18,HS,HANG-9.26,HANG,102848,1000,268.07,26990.00000,24874.00000,0.10992,25932,25936,2026-09-08 07:00:01,0.56,0.28,0.19,0.19,25932.00000
HSZ6,RFUD,HANG-12.26,Фьючерсный контракт HANG-12.26,26178,0,1.00000,2026-12-18,2026-12-18,HS,HANG-12.26,HANG,8148,1000,291.42,27321.00000,25035.00000,0.10992,26178,26180,2026-09-08 07:00:01,0.57,0.29,0.19,0.19,26178.00000
HXU6,RFUD,HYNIX-9.26,Фьючерсный контракт HYNIX-9.26,1331,1,0.10000,2026-09-18,2026-09-18,HX,HYNIX-9.26,HYNIX,11416,1,2664.62,1465.10000,1196.90000,0.86191,1331,1343.9,2026-09-08 07:00:01,2.28,1.14,0.76,0.76,1331.00000
HXZ6,RFUD,HYNIX-12.26,Фьючерсный контракт HYNIX-12.26,1325,1,0.10000,2026-12-18,2026-12-18,HX,HYNIX-12.26,HYNIX,134,1,2767.35,1463.40000,1186.60000,0.86191,1325,1350,2026-09-08 07:00:01,2.26,1.13,0.75,0.75,1325.00000
HYU6,RFUD,HYDR-9.26,Фьючерсный контракт HYDR-9.26,3740,0,1.00000,2026-09-17,2026-09-18,HY,HYDR-9.26,HYDR,31594,10000,943.32,4210.00000,3270.00000,1.00000,3740,3690,2026-09-08 07:00:01,0.74,0.37,0.24,0.00,3740.00000
HYZ6,RFUD,HYDR-12.26,Фьючерсный контракт HYDR-12.26,3860,0,1.00000,2026-12-17,2026-12-18,HY,HYDR-12.26,HYDR,4000,10000,1022.55,4362.00000,3358.00000,1.00000,3860,3812,2026-09-08 07:00:01,0.76,0.38,0.26,0.00,3860.00000
I2H7,RFUD,INR-3.27,Фьючерсный контракт INR-3.27,0.948,4,0.00010,2027-03-18,2027-03-18,I2,INR-3.27,INR,0,10000,1972.45,1.05510,0.84090,1.00000,0.948,0.8495,2026-09-08 07:00:01,0.44,0.22,0.14,0.15,0.94800
I2U6,RFUD,INR-9.26,Фьючерсный контракт INR-9.26,0.9118,4,0.00010,2026-09-17,2026-09-17,I2,INR-9.26,INR,294,10000,1839.80,1.01280,0.81080,1.00000,0.9118,0,2026-09-08 07:00:01,0.42,0.21,0.14,0.14,0.91180
I2Z6,RFUD,INR-12.26,Фьючерсный контракт INR-12.26,0.9297,4,0.00010,2026-12-17,2026-12-17,I2,INR-12.26,INR,40,10000,1913.68,1.03410,0.82530,1.00000,0.9297,0,2026-09-08 07:00:01,0.43,0.22,0.14,0.14,0.92970
IBH7,RFUD,IBIT-3.27,Фьючерсный контракт IBIT-3.27,46.02,2,0.01000,2027-03-19,2027-03-19,IB,IBIT-3.27,IBIT,2,1,1046.49,51.23000,40.81000,0.86191,46.02,52.83,2026-09-08 07:00:01,1.58,0.79,0.80,0.26,46.02000
IBU6,RFUD,IBIT-9.26,Фьючерсный контракт IBIT-9.26,44.63,2,0.01000,2026-09-18,2026-09-18,IB,IBIT-9.26,IBIT,959226,1,982.10,49.57000,39.69000,0.86191,44.63,44.9,2026-09-08 07:00:01,1.53,0.77,0.77,0.25,44.63000
IBZ6,RFUD,IBIT-12.26,Фьючерсный контракт IBIT-12.26,45.56,2,0.01000,2026-12-18,2026-12-18,IB,IBIT-12.26,IBIT,334950,1,1018.04,50.65000,40.47000,0.86191,45.56,45.8,2026-09-08 07:00:01,1.57,0.79,0.78,0.26,45.56000
IMOEXF,RFUD,IMOEXF,IMOEXF,2265.5,1,0.50000,2100-01-01,2100-01-01,IM,IMOEXF,IMOEX,2473412,10,2272.48,2379.00000,2152.00000,5.00000,2265.5,2272,2026-09-08 07:00:01,1.50,0.75,0.50,22.66,2265.50000
INU6,RFUD,UINR-9.26,Фьючерсный контракт UINR-9.26,94.9225,4,0.00250,2026-09-17,2026-09-17,IN,UINR-9.26,UINR,0,1000,5305.24,97.34000,92.50500,2.28148,94.9225,0,2026-09-08 07:00:01,4.00,2.00,1.34,1.33,94.92250
INZ6,RFUD,UINR-12.26,Фьючерсный контракт UINR-12.26,95.7225,4,0.00250,2026-12-17,2026-12-17,IN,UINR-12.26,UINR,0,1000,6088.69,98.48000,92.96500,2.28148,95.7225,0,2026-09-08 07:00:01,4.04,2.02,1.34,1.35,95.72250
IPH7,RFUD,IPO-3.27,Фьючерсный контракт IPO-3.27,527.5,1,0.50000,2027-03-18,2027-03-18,IP,IPO-3.27,IPO,0,1,105.64,578.50000,476.50000,0.50000,527.5,544.5,2026-09-08 07:00:01,0.03,0.02,0.02,0.01,527.50000
IPU6,RFUD,IPO-9.26,Фьючерсный контракт IPO-9.26,482.5,1,0.50000,2026-09-17,2026-09-17,IP,IPO-9.26,IPO,3696,1,88.26,526.50000,438.50000,0.50000,482.5,496,2026-09-08 07:00:01,0.03,0.02,0.02,0.01,482.50000
IPZ6,RFUD,IPO-12.26,Фьючерсный контракт IPO-12.26,509,1,0.50000,2026-12-17,2026-12-17,IP,IPO-12.26,IPO,2374,1,98.21,557.00000,461.00000,0.50000,509,509,2026-09-08 07:00:01,0.03,0.02,0.02,0.01,509.00000
IRU6,RFUD,IRAO-9.26,Фьючерсный контракт IRAO-9.26,24153,0,1.00000,2026-09-17,2026-09-18,IR,IRAO-9.26,IRAO,9600,10000,6095.26,27192.00000,21114.00000,1.00000,24153,24096,2026-09-08 07:00:01,4.78,2.39,1.60,0.00,24153.00000
IRZ6,RFUD,IRAO-12.26,Фьючерсный контракт IRAO-12.26,24960,0,1.00000,2026-12-17,2026-12-18,IR,IRAO-12.26,IRAO,1390,10000,6607.61,28204.00000,21716.00000,1.00000,24960,24960,2026-09-08 07:00:01,4.94,2.47,1.65,0.00,24960.00000
ISU6,RFUD,ISKJ-9.26,Фьючерсный контракт ISKJ-9.26,458,0,1.00000,2026-09-17,2026-09-18,IS,ISKJ-9.26,ISKJ,12338,10,155.20,535.00000,381.00000,1.00000,458,463,2026-09-08 07:00:01,0.09,0.05,0.03,0.00,458.00000
ISZ6,RFUD,ISKJ-12.26,Фьючерсный контракт ISKJ-12.26,468,0,1.00000,2026-12-17,2026-12-18,IS,ISKJ-12.26,ISKJ,3164,10,165.46,549.00000,387.00000,1.00000,468,473,2026-09-08 07:00:01,0.09,0.05,0.03,0.00,468.00000
IVU6,RFUD,IVAT-9.26,Фьючерсный контракт IVAT-9.26,6943,0,1.00000,2026-09-17,2026-09-18,IV,IVAT-9.26,IVAT,4962,100,1758.81,7820.00000,6066.00000,1.00000,6943,6993,2026-09-08 07:00:01,1.37,0.69,0.45,0.00,6943.00000
IVZ6,RFUD,IVAT-12.26,Фьючерсный контракт IVAT-12.26,7102,0,1.00000,2026-12-17,2026-12-18,IV,IVAT-12.26,IVAT,1254,100,1904.80,8037.00000,6167.00000,1.00000,7102,7129,2026-09-08 07:00:01,1.41,0.71,0.47,0.00,7102.00000
JDU6,RFUD,JDCOM-9.26,Фьючерсный контракт JDCOM-9.26,27.85,2,0.01000,2026-09-18,2026-09-18,JD,JDCOM-9.26,JDCOM,84,10,6680.28,31.21000,24.49000,8.61909,27.85,0,2026-09-08 07:00:01,4.75,2.38,1.58,1.58,27.85000
JDZ6,RFUD,JDCOM-12.26,Фьючерсный контракт JDCOM-12.26,29.6,2,0.01000,2026-12-18,2026-12-18,JD,JDCOM-12.26,JDCOM,12,10,6917.62,33.06000,26.14000,8.61909,29.6,0,2026-09-08 07:00:01,5.05,2.53,1.69,1.68,29.60000
JPH7,RFUD,UJPY-3.27,Фьючерсный контракт UJPY-3.27,155.72,2,0.01000,2027-03-18,2027-03-18,JP,UJPY-3.27,UJPY,0,1000,10586.46,164.47000,146.97000,5.52790,155.72,0,2026-09-08 07:00:01,3.98,1.99,1.32,1.33,155.72000
JPU6,RFUD,UJPY-9.26,Фьючерсный контракт UJPY-9.26,154.78,2,0.01000,2026-09-17,2026-09-17,JP,UJPY-9.26,UJPY,4042,1000,9391.07,162.63000,146.93000,5.52790,154.78,154.8,2026-09-08 07:00:01,3.95,1.98,1.32,1.32,154.78000
JPZ6,RFUD,UJPY-12.26,Фьючерсный контракт UJPY-12.26,154.98,2,0.01000,2026-12-17,2026-12-17,JP,UJPY-12.26,UJPY,312,1000,10064.84,163.34000,146.62000,5.52790,154.98,155.82,2026-09-08 07:00:01,3.95,1.98,1.32,1.32,154.98000
KCG7,RFUD,COFFEE-2.27,Фьючерсный контракт COFFEE-2.27,2.992,3,0.00100,2027-02-18,2027-02-18,KC,COFFEE-2.27,COFFEE,35712,10,386.36,3.18200,2.80200,0.86191,2.992,2.989,2026-09-08 07:00:01,0.34,0.17,0.12,0.11,2.99200
KCX6,RFUD,COFFEE-11.26,Фьючерсный контракт COFFEE-11.26,2.976,3,0.00100,2026-11-19,2026-11-19,KC,COFFEE-11.26,COFFEE,1066862,10,351.80,3.15000,2.80200,0.86191,2.976,2.973,2026-09-08 07:00:01,0.33,0.17,0.11,0.11,2.97600
KMU6,RFUD,KMAZ-9.26,Фьючерсный контракт KMAZ-9.26,555,0,1.00000,2026-09-17,2026-09-18,KM,KMAZ-9.26,KMAZ,33790,10,185.18,647.00000,463.00000,1.00000,555,551,2026-09-08 07:00:01,0.11,0.06,0.04,0.00,555.00000
KMZ6,RFUD,KMAZ-12.26,Фьючерсный контракт KMAZ-12.26,551,0,1.00000,2026-12-17,2026-12-18,KM,KMAZ-12.26,KMAZ,9634,10,197.26,647.00000,455.00000,1.00000,551,552,2026-09-08 07:00:01,0.11,0.06,0.04,0.00,551.00000
KRU6,RFUD,KOREA-9.26,Фьючерсный контракт KOREA-9.26,187.42,2,0.01000,2026-09-18,2026-09-18,KR,KOREA-9.26,KOREA,8458,1,2077.40,197.88000,176.96000,0.86191,187.42,189.06,2026-09-08 07:00:01,3.20,1.60,1.06,1.07,187.42000
KRZ6,RFUD,KOREA-12.26,Фьючерсный контракт KOREA-12.26,187.52,2,0.01000,2026-12-18,2026-12-18,KR,KOREA-12.26,KOREA,218,1,2266.04,198.83000,176.21000,0.86191,187.52,187.51,2026-09-08 07:00:01,3.20,1.60,1.06,1.07,187.52000
KZH7,RFUD,KZT-3.27,Фьючерсный контракт KZT-3.27,18.676,3,0.00100,2027-03-18,2027-03-18,KZ,KZT-3.27,KZT,0,100000,3191.97,20.40900,16.94300,1.00000,18.676,0,2026-09-08 07:00:01,0.87,0.44,0.29,0.29,18.67600
KZU6,RFUD,KZT-9.26,Фьючерсный контракт KZT-9.26,18.89,3,0.00100,2026-09-17,2026-09-17,KZ,KZT-9.26,KZT,210,100000,2940.03,20.50400,17.27600,1.00000,18.89,18.89,2026-09-08 07:00:01,0.87,0.44,0.29,0.29,18.89000
KZZ6,RFUD,KZT-12.26,Фьючерсный контракт KZT-12.26,18.986,3,0.00100,2026-12-17,2026-12-17,KZ,KZT-12.26,KZT,12,100000,3085.09,20.66900,17.30300,1.00000,18.986,0,2026-09-08 07:00:01,0.87,0.44,0.29,0.29,18.98600
LDH7,RFUD,PLDM-3.27,Фьючерсный контракт PLDM-3.27,1457.6,1,0.10000,2027-03-19,2027-03-19,LD,PLDM-3.27,PLDM,382,2,2974.72,1651.80000,1263.40000,0.86191,1457.6,1460,2026-09-08 07:00:01,1.65,0.83,0.55,0.55,1457.60000
LDM7,RFUD,PLDM-6.27,Фьючерсный контракт PLDM-6.27,1508.9,1,0.10000,2027-06-18,2027-06-18,LD,PLDM-6.27,PLDM,260,2,3082.23,1709.20000,1308.60000,0.86191,1508.9,1487.7,2026-09-08 07:00:01,1.72,0.86,0.57,0.57,1508.90000
LDU6,RFUD,PLDM-9.26,Фьючерсный контракт PLDM-9.26,1390.1,1,0.10000,2026-09-18,2026-09-18,LD,PLDM-9.26,PLDM,8868,2,2644.92,1565.90000,1214.30000,0.86191,1390.1,1395.4,2026-09-08 07:00:01,1.58,0.79,0.52,0.53,1390.10000
LDU7,RFUD,PLDM-9.27,Фьючерсный контракт PLDM-9.27,1568.8,1,0.10000,2027-09-17,2027-09-17,LD,PLDM-9.27,PLDM,0,2,3089.35,1769.70000,1367.90000,0.86191,1568.8,0,2026-09-08 07:00:01,1.79,0.90,0.59,0.59,1568.80000
LDZ6,RFUD,PLDM-12.26,Фьючерсный контракт PLDM-12.26,1438.6,1,0.10000,2026-12-18,2026-12-18,LD,PLDM-12.26,PLDM,3144,2,2888.89,1628.00000,1249.20000,0.86191,1438.6,1442.1,2026-09-08 07:00:01,1.64,0.82,0.54,0.55,1438.60000
LEU6,RFUD,LEAS-9.26,Фьючерсный контракт LEAS-9.26,672,0,1.00000,2026-09-17,2026-09-18,LE,LEAS-9.26,LEAS,3044,1,223.95,783.00000,561.00000,1.00000,672,667,2026-09-08 07:00:01,0.14,0.07,0.05,0.00,672.00000
LEZ6,RFUD,LEAS-12.26,Фьючерсный контракт LEAS-12.26,659,0,1.00000,2026-12-17,2026-12-18,LE,LEAS-12.26,LEAS,1168,1,238.42,776.00000,542.00000,1.00000,659,668,2026-09-08 07:00:01,0.14,0.07,0.05,0.00,659.00000
LITEF,RFUD,LITEF,LITEF,881.3,1,0.10000,2100-01-01,2100-01-01,LI,LITEF,LITEF,,1,16613.61,965.00000,797.60000,8.61909,881.3,,2026-09-08 07:00:01,19.49,9.75,8.68,0.00,881.30000
LKH7,RFUD,LKOH-3.27,Фьючерсный контракт LKOH-3.27,49785,0,1.00000,2027-03-18,2027-03-19,LK,LKOH-3.27,LKOH,996,10,10398.48,54843.00000,44727.00000,1.00000,49785,50351,2026-09-08 07:00:01,9.86,4.93,3.29,0.00,49785.00000
LKM7,RFUD,LKOH-6.27,Фьючерсный контракт LKOH-6.27,49810,0,1.00000,2027-06-17,2027-06-18,LK,LKOH-6.27,LKOH,206,10,10386.83,54863.00000,44757.00000,1.00000,49810,50313,2026-09-08 07:00:01,9.86,4.93,3.29,0.00,49810.00000
LKU6,RFUD,LKOH-9.26,Фьючерсный контракт LKOH-9.26,50900,0,1.00000,2026-09-17,2026-09-18,LK,LKOH-9.26,LKOH,101118,10,8773.77,55274.00000,46526.00000,1.00000,50900,51670,2026-09-08 07:00:01,10.07,5.04,3.36,0.00,50900.00000
LKZ6,RFUD,LKOH-12.26,Фьючерсный контракт LKOH-12.26,48395,0,1.00000,2026-12-17,2026-12-18,LK,LKOH-12.26,LKOH,13152,10,10566.85,53161.00000,43629.00000,1.00000,48395,48866,2026-09-08 07:00:01,9.58,4.79,3.20,0.00,48395.00000
LNU6,RFUD,LENT-9.26,Фьючерсный контракт LENT-9.26,1774,0,1.00000,2026-09-17,2026-09-18,LN,LENT-9.26,LENT,22012,1,449.21,1997.00000,1551.00000,1.00000,1774,1777,2026-09-08 07:00:01,0.35,0.18,0.12,0.00,1774.00000
LNZ6,RFUD,LENT-12.26,Фьючерсный контракт LENT-12.26,1739,0,1.00000,2026-12-17,2026-12-18,LN,LENT-12.26,LENT,3062,1,485.06,1977.00000,1501.00000,1.00000,1739,1745,2026-09-08 07:00:01,0.35,0.18,0.12,0.00,1739.00000
LTH7,RFUD,PLTM-3.27,Фьючерсный контракт PLTM-3.27,1912.2,1,0.10000,2027-03-19,2027-03-19,LT,PLTM-3.27,PLTM,184,2,3586.56,2144.60000,1679.80000,0.86191,1912.2,1916,2026-09-08 07:00:01,2.17,1.09,0.73,0.73,1912.20000
LTM7,RFUD,PLTM-6.27,Фьючерсный контракт PLTM-6.27,1969.6,1,0.10000,2027-06-18,2027-06-18,LT,PLTM-6.27,PLTM,110,2,3517.62,2198.30000,1740.90000,0.86191,1969.6,1958.4,2026-09-08 07:00:01,2.24,1.12,0.75,0.75,1969.60000
LTU6,RFUD,PLTM-9.26,Фьючерсный контракт PLTM-9.26,1844.1,1,0.10000,2026-09-18,2026-09-18,LT,PLTM-9.26,PLTM,4554,2,2959.47,2040.80000,1647.40000,0.86191,1844.1,1844.8,2026-09-08 07:00:01,2.10,1.05,0.70,0.70,1844.10000
LTU7,RFUD,PLTM-9.27,Фьючерсный контракт PLTM-9.27,2058.7,1,0.10000,2027-09-17,2027-09-17,LT,PLTM-9.27,PLTM,0,2,3529.95,2288.30000,1829.10000,0.86191,2058.7,0,2026-09-08 07:00:01,2.35,1.18,0.78,0.78,2058.70000
LTZ6,RFUD,PLTM-12.26,Фьючерсный контракт PLTM-12.26,1882.4,1,0.10000,2026-12-18,2026-12-18,LT,PLTM-12.26,PLTM,1550,2,3285.92,2097.70000,1667.10000,0.86191,1882.4,1881.4,2026-09-08 07:00:01,2.14,1.07,0.71,0.71,1882.40000
MAH7,RFUD,MMI-3.27,Фьючерсный контракт MMI-3.27,4814,0,1.00000,2027-03-18,2027-03-18,MA,MMI-3.27,MMI,0,1,719.79,5164.00000,4464.00000,1.00000,4814,0,2026-09-08 07:00:01,0.32,0.16,0.11,0.11,4814.00000
MAU6,RFUD,MMI-9.26,Фьючерсный контракт MMI-9.26,4630,0,1.00000,2026-09-17,2026-09-17,MA,MMI-9.26,MMI,2766,1,568.41,4913.00000,4347.00000,1.00000,4630,4581,2026-09-08 07:00:01,0.31,0.16,0.10,0.10,4630.00000
MAZ6,RFUD,MMI-12.26,Фьючерсный контракт MMI-12.26,4813,0,1.00000,2026-12-17,2026-12-17,MA,MMI-12.26,MMI,476,1,657.89,5136.00000,4490.00000,1.00000,4813,4932,2026-09-08 07:00:01,0.32,0.16,0.11,0.11,4813.00000
MCU6,RFUD,MTLR-9.26,Фьючерсный контракт MTLR-9.26,4030,0,1.00000,2026-09-17,2026-09-18,MC,MTLR-9.26,MTLR,94712,100,2054.65,5054.00000,3006.00000,1.00000,4030,3988,2026-09-08 07:00:01,0.80,0.40,0.26,0.00,4030.00000
MCZ6,RFUD,MTLR-12.26,Фьючерсный контракт MTLR-12.26,4000,0,1.00000,2026-12-17,2026-12-18,MC,MTLR-12.26,MTLR,17270,100,2154.02,5057.00000,2943.00000,1.00000,4000,3970,2026-09-08 07:00:01,0.80,0.40,0.26,0.00,4000.00000
MDU6,RFUD,MDMG-9.26,Фьючерсный контракт MDMG-9.26,13287,0,1.00000,2026-09-17,2026-09-18,MD,MDMG-9.26,MDMG,2284,10,3350.52,14957.00000,11617.00000,1.00000,13287,13293,2026-09-08 07:00:01,2.63,1.32,0.87,0.00,13287.00000
MDZ6,RFUD,MDMG-12.26,Фьючерсный контракт MDMG-12.26,13489,0,1.00000,2026-12-17,2026-12-18,MD,MDMG-12.26,MDMG,1024,10,3627.68,15270.00000,11708.00000,1.00000,13489,13541,2026-09-08 07:00:01,2.68,1.34,0.89,0.00,13489.00000
MEU6,RFUD,MOEX-9.26,Фьючерсный контракт MOEX-9.26,15528,0,1.00000,2026-09-17,2026-09-18,ME,MOEX-9.26,MOEX,141536,100,2674.95,16861.00000,14195.00000,1.00000,15528,15487,2026-09-08 07:00:01,3.08,1.54,1.03,0.00,15528.00000
MEZ6,RFUD,MOEX-12.26,Фьючерсный контракт MOEX-12.26,16051,0,1.00000,2026-12-17,2026-12-18,ME,MOEX-12.26,MOEX,4806,100,2983.99,17516.00000,14586.00000,1.00000,16051,16031,2026-09-08 07:00:01,3.18,1.59,1.06,0.00,16051.00000
MFU6,RFUD,1MFR-9.26,Фьючерсный контракт 1MFR-9.26,83.63,2,0.01000,2026-09-30,2026-09-30,MF,1MFR-9.26,1MFR,0,1000000,1173.37,84.34000,82.92000,8.21918,83.63,0,2026-09-08 07:00:01,11.34,5.67,3.78,3.78,83.63000
MGU6,RFUD,MAGN-9.26,Фьючерсный контракт MAGN-9.26,23785,0,1.00000,2026-09-17,2026-09-18,MG,MAGN-9.26,MAGN,31200,1000,4098.49,25828.00000,21742.00000,1.00000,23785,23805,2026-09-08 07:00:01,4.71,2.36,1.57,0.00,23785.00000
MGZ6,RFUD,MAGN-12.26,Фьючерсный контракт MAGN-12.26,24567,0,1.00000,2026-12-17,2026-12-18,MG,MAGN-12.26,MAGN,4174,1000,4571.53,26812.00000,22322.00000,1.00000,24567,24598,2026-09-08 07:00:01,4.87,2.44,1.62,0.00,24567.00000
MMH7,RFUD,MXI-3.27,Фьючерсный контракт MXI-3.27,2361,2,0.05000,2027-03-18,2027-03-18,MM,MXI-3.27,MXI,3932,1,3065.08,2510.25000,2211.75000,0.50000,2361,2369.1,2026-09-08 07:00:01,1.56,0.78,0.52,0.52,2361.00000
MMH8,RFUD,MXI-3.28,Фьючерсный контракт MXI-3.28,2656.6,2,0.05000,2028-03-16,2028-03-16,MM,MXI-3.28,MXI,96,1,3619.68,2831.00000,2482.20000,0.50000,2656.6,2655,2026-09-08 07:00:01,1.76,0.88,0.59,0.58,2656.60000
MMM7,RFUD,MXI-6.27,Фьючерсный контракт MXI-6.27,2426.1,2,0.05000,2027-06-17,2027-06-17,MM,MXI-6.27,MXI,1750,1,3079.79,2576.10000,2276.10000,0.50000,2426.1,2445.3,2026-09-08 07:00:01,1.60,0.80,0.54,0.53,2426.10000
MMM8,RFUD,MXI-6.28,Фьючерсный контракт MXI-6.28,2737,2,0.05000,2028-06-15,2028-06-15,MM,MXI-6.28,MXI,162,1,3890.15,2923.50000,2550.50000,0.50000,2737,2740,2026-09-08 07:00:01,1.81,0.91,0.61,0.60,2737.00000
MMU6,RFUD,MXI-9.26,Фьючерсный контракт MXI-9.26,2273.65,2,0.05000,2026-09-17,2026-09-17,MM,MXI-9.26,MXI,323986,1,2335.40,2390.10000,2157.20000,0.50000,2273.65,2278.45,2026-09-08 07:00:01,1.50,0.75,0.50,0.50,2273.65000
MMU7,RFUD,MXI-9.27,Фьючерсный контракт MXI-9.27,2440,2,0.05000,2027-09-16,2027-09-16,MM,MXI-9.27,MXI,876,1,3104.07,2591.10000,2288.90000,0.50000,2440,2481.95,2026-09-08 07:00:01,1.61,0.81,0.54,0.54,2440.00000
MMU8,RFUD,MXI-9.28,Фьючерсный контракт MXI-9.28,2829.8,2,0.05000,2028-09-21,2028-09-21,MM,MXI-9.28,MXI,0,1,4252.33,3032.45000,2627.15000,0.50000,2829.8,0,2026-09-08 07:00:01,1.86,0.93,0.62,0.62,2829.80000
MMZ6,RFUD,MXI-12.26,Фьючерсный контракт MXI-12.26,2292.9,2,0.05000,2026-12-17,2026-12-17,MM,MXI-12.26,MXI,163466,1,2753.84,2428.20000,2157.60000,0.50000,2292.9,2299.2,2026-09-08 07:00:01,1.51,0.76,0.50,0.50,2292.90000
MMZ7,RFUD,MXI-12.27,Фьючерсный контракт MXI-12.27,2554.35,2,0.05000,2027-12-16,2027-12-16,MM,MXI-12.27,MXI,1392,1,3355.01,2716.80000,2391.90000,0.50000,2554.35,2566.45,2026-09-08 07:00:01,1.69,0.85,0.56,0.56,2554.35000
MNU6,RFUD,MGNT-9.26,Фьючерсный контракт MGNT-9.26,1698,0,1.00000,2026-09-17,2026-09-18,MN,MGNT-9.26,MGNT,316176,1,377.59,1886.00000,1510.00000,1.00000,1698,1699,2026-09-08 07:00:01,0.33,0.17,0.11,0.00,1698.00000
MNZ6,RFUD,MGNT-12.26,Фьючерсный контракт MGNT-12.26,1754,0,1.00000,2026-12-17,2026-12-18,MN,MGNT-12.26,MGNT,118798,1,412.76,1956.00000,1552.00000,1.00000,1754,1754,2026-09-08 07:00:01,0.35,0.18,0.12,0.00,1754.00000
MTU6,RFUD,MTSI-9.26,Фьючерсный контракт MTSI-9.26,19093,0,1.00000,2026-09-17,2026-09-18,MT,MTSI-9.26,MTSI,13102,100,3290.40,20733.00000,17453.00000,1.00000,19093,18889,2026-09-08 07:00:01,3.78,1.89,1.26,0.00,19093.00000
MTZ6,RFUD,MTSI-12.26,Фьючерсный контракт MTSI-12.26,19650,0,1.00000,2026-12-17,2026-12-18,MT,MTSI-12.26,MTSI,2020,100,3668.75,21451.00000,17849.00000,1.00000,19650,19500,2026-09-08 07:00:01,3.89,1.95,1.30,0.00,19650.00000
MVU6,RFUD,MVID-9.26,Фьючерсный контракт MVID-9.26,454,0,1.00000,2026-09-17,2026-09-18,MV,MVID-9.26,MVID,162884,10,322.03,614.00000,294.00000,1.00000,454,452,2026-09-08 07:00:01,0.09,0.05,0.03,0.00,454.00000
MVZ6,RFUD,MVID-12.26,Фьючерсный контракт MVID-12.26,442,0,1.00000,2026-12-17,2026-12-18,MV,MVID-12.26,MVID,20536,10,334.54,606.00000,278.00000,1.00000,442,442,2026-09-08 07:00:01,0.09,0.05,0.03,0.00,442.00000
MXH7,RFUD,MIX-3.27,Фьючерсный контракт MIX-3.27,236225,0,25.00000,2027-03-18,2027-03-18,MX,MIX-3.27,MIX,2018,1,30655.61,251150.00000,221300.00000,25.00000,236225,237100,2026-09-08 07:00:01,15.59,7.80,5.20,5.20,236225.00000
MXH8,RFUD,MIX-3.28,Фьючерсный контракт MIX-3.28,266925,0,25.00000,2028-03-16,2028-03-16,MX,MIX-3.28,MIX,36,1,36256.89,284375.00000,249475.00000,25.00000,266925,0,2026-09-08 07:00:01,17.62,8.81,5.88,5.87,266925.00000
MXM7,RFUD,MIX-6.27,Фьючерсный контракт MIX-6.27,242625,0,25.00000,2027-06-17,2027-06-17,MX,MIX-6.27,MIX,420,1,30799.36,257625.00000,227625.00000,25.00000,242625,242775,2026-09-08 07:00:01,16.02,8.01,5.34,5.34,242625.00000
MXM8,RFUD,MIX-6.28,Фьючерсный контракт MIX-6.28,270000,0,25.00000,2028-06-15,2028-06-15,MX,MIX-6.28,MIX,20,1,38700.70,288550.00000,251450.00000,25.00000,270000,270000,2026-09-08 07:00:01,17.82,8.91,5.94,5.94,270000.00000
MXU6,RFUD,MIX-9.26,Фьючерсный контракт MIX-9.26,227375,0,25.00000,2026-09-17,2026-09-17,MX,MIX-9.26,MIX,382546,1,23354.98,239000.00000,215750.00000,25.00000,227375,227750,2026-09-08 07:00:01,15.01,7.51,5.01,5.00,227375.00000
MXU7,RFUD,MIX-9.27,Фьючерсный контракт MIX-9.27,244125,0,25.00000,2027-09-16,2027-09-16,MX,MIX-9.27,MIX,176,1,31045.55,259225.00000,229025.00000,25.00000,244125,244125,2026-09-08 07:00:01,16.11,8.06,5.37,5.37,244125.00000
MXU8,RFUD,MIX-9.28,Фьючерсный контракт MIX-9.28,292875,0,25.00000,2028-09-21,2028-09-21,MX,MIX-9.28,MIX,0,1,42639.74,313225.00000,272525.00000,25.00000,292875,0,2026-09-08 07:00:01,19.33,9.67,6.44,6.44,292875.00000
MXZ6,RFUD,MIX-12.26,Фьючерсный контракт MIX-12.26,229300,0,25.00000,2026-12-17,2026-12-17,MX,MIX-12.26,MIX,68528,1,27539.55,242825.00000,215775.00000,25.00000,229300,230025,2026-09-08 07:00:01,15.13,7.57,5.04,5.04,229300.00000
MXZ7,RFUD,MIX-12.27,Фьючерсный контракт MIX-12.27,254175,0,25.00000,2027-12-16,2027-12-16,MX,MIX-12.27,MIX,74,1,33502.07,270375.00000,237975.00000,25.00000,254175,254175,2026-09-08 07:00:01,16.78,8.39,5.60,5.59,254175.00000
MYU6,RFUD,MOEXCNY-9.26,Фьючерсный контракт MOEXCNY-9.26,812.3,1,0.10000,2026-09-17,2026-09-17,MY,MOEXCNY-9.26,MOEXCNY,6958,1,1465.37,861.60000,763.00000,1.28941,812.3,812.3,2026-09-08 07:00:01,0.69,0.35,0.23,0.23,812.30000
MYZ6,RFUD,MOEXCNY-12.26,Фьючерсный контракт MOEXCNY-12.26,815.2,1,0.10000,2026-12-17,2026-12-17,MY,MOEXCNY-12.26,MOEXCNY,370,1,1555.01,867.20000,763.20000,1.28941,815.2,815.2,2026-09-08 07:00:01,0.69,0.35,0.23,0.23,815.20000
N2U6,RFUD,NIKK-9.26,Фьючерсный контракт NIKK-9.26,68429,0,1.00000,2026-09-18,2026-09-18,N2,NIKK-9.26,NIKK,23910,1,579.62,73275.00000,63583.00000,0.05528,68429,67782,2026-09-08 07:00:01,0.75,0.38,0.25,0.25,68429.00000
N2Z6,RFUD,NIKK-12.26,Фьючерсный контракт NIKK-12.26,67470,0,1.00000,2026-12-18,2026-12-18,N2,NIKK-12.26,NIKK,6180,1,609.52,72534.00000,62406.00000,0.05528,67470,66962,2026-09-08 07:00:01,0.73,0.37,0.24,0.25,67470.00000
NAH7,RFUD,NASD-3.27,Фьючерсный контракт NASD-3.27,29648,0,1.00000,2027-03-19,2027-03-19,NA,NASD-3.27,NASD,8620,41,3350.75,31317.00000,27979.00000,0.86191,29648,29682,2026-09-08 07:00:01,5.06,2.53,1.69,1.69,29648.00000
NAM7,RFUD,NASD-6.27,Фьючерсный контракт NASD-6.27,29764,0,1.00000,2027-06-18,2027-06-18,NA,NASD-6.27,NASD,3104,41,3557.69,31527.00000,28001.00000,0.86191,29764,29794,2026-09-08 07:00:01,5.08,2.54,1.69,1.69,29764.00000
NAU6,RFUD,NASD-9.26,Фьючерсный контракт NASD-9.26,29490,0,1.00000,2026-09-18,2026-09-18,NA,NASD-9.26,NASD,582508,41,2975.94,30988.00000,27992.00000,0.86191,29490,29503,2026-09-08 07:00:01,5.03,2.52,1.67,1.68,29490.00000
NAZ6,RFUD,NASD-12.26,Фьючерсный контракт NASD-12.26,29561,0,1.00000,2026-12-18,2026-12-18,NA,NASD-12.26,NASD,182368,41,3186.16,31155.00000,27967.00000,0.86191,29561,29577,2026-09-08 07:00:01,5.04,2.52,1.68,1.68,29561.00000
NBISF,RFUD,NBISF,NBISF,226.4,1,0.10000,2100-01-01,2100-01-01,NB,NBISF,NBISF,,1,11225.37,283.00000,169.80000,8.61909,226.4,,2026-09-08 07:00:01,5.01,2.51,2.23,0.00,226.40000
NBU6,RFUD,BELUGA-9.26,Фьючерсный контракт BELUGA-9.26,258,0,1.00000,2026-09-17,2026-09-18,NB,BELUGA-9.26,BELUGA,138328,1,98.64,307.00000,209.00000,1.00000,258,255,2026-09-08 07:00:01,0.05,0.03,0.02,0.00,258.00000
NBZ6,RFUD,BELUGA-12.26,Фьючерсный контракт BELUGA-12.26,259,0,1.00000,2026-12-17,2026-12-18,NB,BELUGA-12.26,BELUGA,66516,1,104.52,310.00000,208.00000,1.00000,259,258,2026-09-08 07:00:01,0.05,0.03,0.02,0.00,259.00000
NCH7,RFUD,NICKEL-3.27,Фьючерсный контракт NICKEL-3.27,16640,0,5.00000,2027-03-16,2027-03-16,NC,NICKEL-3.27,NICKEL,0,10,2865.98,18055.00000,15225.00000,4.30955,16640,0,2026-09-08 07:00:01,1.89,0.95,0.63,0.63,16640.00000
NCU6,RFUD,NICKEL-9.26,Фьючерсный контракт NICKEL-9.26,16640,0,5.00000,2026-09-15,2026-09-15,NC,NICKEL-9.26,NICKEL,6268,10,2495.87,17895.00000,15385.00000,4.30955,16640,16650,2026-09-08 07:00:01,1.89,0.95,0.63,0.63,16640.00000
NCZ6,RFUD,NICKEL-12.26,Фьючерсный контракт NICKEL-12.26,17190,0,5.00000,2026-12-15,2026-12-15,NC,NICKEL-12.26,NICKEL,1002,10,2781.46,18570.00000,15810.00000,4.30955,17190,17190,2026-09-08 07:00:01,1.95,0.98,0.65,0.65,17190.00000
NDU6,RFUD,INDIA-9.26,Фьючерсный контракт INDIA-9.26,8.826,3,0.00100,2026-09-18,2026-09-18,ND,INDIA-9.26,INDIA,620,10,890.67,9.27400,8.37800,0.86191,8.826,8.721,2026-09-08 07:00:01,1.51,0.76,0.50,0.50,8.82600
NDZ6,RFUD,INDIA-12.26,Фьючерсный контракт INDIA-12.26,9.2,3,0.00100,2026-12-18,2026-12-18,ND,INDIA-12.26,INDIA,86,10,956.44,9.67800,8.72200,0.86191,9.2,9.116,2026-09-08 07:00:01,1.57,0.79,0.52,0.52,9.20000
NEH7,RFUD,BELUGAM-3.27,Фьючерсный контракт BELUGAM-3.27,2592,0,1.00000,2027-03-18,2027-03-19,NE,BELUGAM-3.27,BELUGAM,98,10,1122.29,3137.00000,2047.00000,1.00000,2592,2581,2026-09-08 07:00:01,0.52,0.26,0.17,0.00,2592.00000
NEZ6,RFUD,BELUGAM-12.26,Фьючерсный контракт BELUGAM-12.26,2581,0,1.00000,2026-12-17,2026-12-18,NE,BELUGAM-12.26,BELUGAM,2368,10,1080.98,3111.00000,2051.00000,1.00000,2581,2565,2026-09-08 07:00:01,0.51,0.26,0.17,0.00,2581.00000
NFLXF,RFUD,NFLXF,NFLXF,78.25,2,0.01000,2100-01-01,2100-01-01,NF,NFLXF,NFLXF,,1,1397.61,85.29000,71.21000,0.86191,78.25,,2026-09-08 07:00:01,1.73,0.87,0.77,0.00,78.25000
NGF7,RFUD,NG-1.27,Фьючерсный контракт NG-1.27,3.707,3,0.00100,2027-01-27,2027-01-27,NG,NG-1.27,NG,2620,100,8209.94,4.11100,3.30300,8.61909,3.707,3.715,2026-09-08 07:00:01,4.22,2.11,1.41,1.41,3.70700
NGG7,RFUD,NG-2.27,Фьючерсный контракт NG-2.27,3.105,3,0.00100,2027-02-24,2027-02-24,NG,NG-2.27,NG,3412,100,8029.53,3.50000,2.71000,8.61909,3.105,3.13,2026-09-08 07:00:01,3.53,1.77,1.18,1.18,3.10500
NGH7,RFUD,NG-3.27,Фьючерсный контракт NG-3.27,3.032,3,0.00100,2027-03-29,2027-03-29,NG,NG-3.27,NG,1240,100,8035.03,3.42700,2.63700,8.61909,3.032,3.04,2026-09-08 07:00:01,3.45,1.73,1.15,1.15,3.03200
NGU6,RFUD,NG-9.26,Фьючерсный контракт NG-9.26,2.966,3,0.00100,2026-09-28,2026-09-28,NG,NG-9.26,NG,518050,100,7338.47,3.33300,2.59900,8.61909,2.966,2.978,2026-09-08 07:00:01,3.37,1.69,1.13,1.12,2.96600
NGV6,RFUD,NG-10.26,Фьючерсный контракт NG-10.26,3.104,3,0.00100,2026-10-28,2026-10-28,NG,NG-10.26,NG,50844,100,7793.37,3.48900,2.71900,8.61909,3.104,3.113,2026-09-08 07:00:01,3.53,1.77,1.18,1.18,3.10400
NGX6,RFUD,NG-11.26,Фьючерсный контракт NG-11.26,3.544,3,0.00100,2026-11-25,2026-11-25,NG,NG-11.26,NG,9322,100,8062.77,3.94100,3.14700,8.61909,3.544,3.555,2026-09-08 07:00:01,4.03,2.02,1.34,1.34,3.54400
NGZ6,RFUD,NG-12.26,Фьючерсный контракт NG-12.26,3.94,3,0.00100,2026-12-29,2026-12-29,NG,NG-12.26,NG,5808,100,8204.84,4.34400,3.53600,8.61909,3.94,3.944,2026-09-08 07:00:01,4.49,2.25,1.50,1.49,3.94000
NMU6,RFUD,NLMK-9.26,Фьючерсный контракт NLMK-9.26,7519,0,1.00000,2026-09-17,2026-09-18,NM,NLMK-9.26,NLMK,69968,100,1297.43,8165.00000,6873.00000,1.00000,7519,7534,2026-09-08 07:00:01,1.49,0.75,0.50,0.00,7519.00000
NMZ6,RFUD,NLMK-12.26,Фьючерсный контракт NLMK-12.26,7780,0,1.00000,2026-12-17,2026-12-18,NM,NLMK-12.26,NLMK,8284,100,1447.25,8490.00000,7070.00000,1.00000,7780,7801,2026-09-08 07:00:01,1.54,0.77,0.52,0.00,7780.00000
NOU6,RFUD,NOVARTIS-9.26,Фьючерсный контракт NOVARTIS-9.26,159,2,0.01000,2026-09-18,2026-09-18,NO,NOVARTIS-9.26,NOVARTIS,134,1,2078.11,169.46000,148.54000,0.86191,159,153.75,2026-09-08 07:00:01,2.71,1.36,0.90,0.90,159.00000
NOZ6,RFUD,NOVARTIS-12.26,Фьючерсный контракт NOVARTIS-12.26,156.31,2,0.01000,2026-12-18,2026-12-18,NO,NOVARTIS-12.26,NOVARTIS,28,1,2540.25,167.28000,145.34000,0.86191,156.31,156.31,2026-09-08 07:00:01,2.66,1.33,0.89,0.89,156.31000
NRF7,RFUD,NGM-1.27,Фьючерсный контракт NGM-1.27,3.717,3,0.00100,2027-01-27,2027-01-27,NR,NGM-1.27,NGM,45692,1,82.15,4.12100,3.31300,0.08619,3.717,3.718,2026-09-08 07:00:01,0.04,0.02,0.02,0.01,3.71700
NRG7,RFUD,NGM-2.27,Фьючерсный контракт NGM-2.27,3.113,3,0.00100,2027-02-24,2027-02-24,NR,NGM-2.27,NGM,73682,1,80.34,3.50800,2.71800,0.08619,3.113,3.137,2026-09-08 07:00:01,0.04,0.02,0.02,0.01,3.11300
NRH7,RFUD,NGM-3.27,Фьючерсный контракт NGM-3.27,3.074,3,0.00100,2027-03-29,2027-03-29,NR,NGM-3.27,NGM,32530,1,80.49,3.47000,2.67800,0.08619,3.074,3.068,2026-09-08 07:00:01,0.03,0.02,0.02,0.01,3.07400
NRU6,RFUD,NGM-9.26,Фьючерсный контракт NGM-9.26,2.967,3,0.00100,2026-09-28,2026-09-28,NR,NGM-9.26,NGM,1496104,1,73.41,3.33400,2.60000,0.08619,2.967,2.975,2026-09-08 07:00:01,0.03,0.02,0.02,0.01,2.96700
NRV6,RFUD,NGM-10.26,Фьючерсный контракт NGM-10.26,3.106,3,0.00100,2026-10-28,2026-10-28,NR,NGM-10.26,NGM,305002,1,77.97,3.49200,2.72000,0.08619,3.106,3.123,2026-09-08 07:00:01,0.04,0.02,0.02,0.01,3.10600
NRX6,RFUD,NGM-11.26,Фьючерсный контракт NGM-11.26,3.552,3,0.00100,2026-11-25,2026-11-25,NR,NGM-11.26,NGM,74886,1,80.69,3.95000,3.15400,0.08619,3.552,3.556,2026-09-08 07:00:01,0.04,0.02,0.02,0.01,3.55200
NRZ6,RFUD,NGM-12.26,Фьючерсный контракт NGM-12.26,3.958,3,0.00100,2026-12-29,2026-12-29,NR,NGM-12.26,NGM,37428,1,82.12,4.36200,3.55400,0.08619,3.958,3.944,2026-09-08 07:00:01,0.05,0.03,0.02,0.02,3.95800
NVU6,RFUD,NOTKM-9.26,Фьючерсный контракт NOTKM-9.26,10229,0,1.00000,2026-09-17,2026-09-18,NV,NOTKM-9.26,NOTKM,118198,10,1771.77,11112.00000,9346.00000,1.00000,10229,10294,2026-09-08 07:00:01,2.02,1.01,0.68,0.00,10229.00000
NVZ6,RFUD,NOTKM-12.26,Фьючерсный контракт NOTKM-12.26,10244,0,1.00000,2026-12-17,2026-12-18,NV,NOTKM-12.26,NOTKM,34966,10,1969.17,11211.00000,9277.00000,1.00000,10244,10337,2026-09-08 07:00:01,2.03,1.02,0.68,0.00,10244.00000
OGH7,RFUD,OGI-3.27,Фьючерсный контракт OGI-3.27,6294,0,1.00000,2027-03-18,2027-03-18,OG,OGI-3.27,OGI,0,1,1065.93,6812.00000,5776.00000,1.00000,6294,0,2026-09-08 07:00:01,0.42,0.21,0.14,0.14,6294.00000
OGU6,RFUD,OGI-9.26,Фьючерсный контракт OGI-9.26,6054,0,1.00000,2026-09-17,2026-09-17,OG,OGI-9.26,OGI,1326,1,864.60,6485.00000,5623.00000,1.00000,6054,6211,2026-09-08 07:00:01,0.40,0.20,0.14,0.13,6054.00000
OGZ6,RFUD,OGI-12.26,Фьючерсный контракт OGI-12.26,6253,0,1.00000,2026-12-17,2026-12-17,OG,OGI-12.26,OGI,100,1,982.85,6735.00000,5771.00000,1.00000,6253,6351,2026-09-08 07:00:01,0.42,0.21,0.14,0.14,6253.00000
OJF7,RFUD,ORANGE-1.27,Фьючерсный контракт ORANGE-1.27,1.661,3,0.00100,2027-01-04,2027-01-04,OJ,ORANGE-1.27,ORANGE,1224,100,2928.52,1.80500,1.51700,8.61909,1.661,1.642,2026-09-08 07:00:01,1.89,0.95,0.63,0.63,1.66100
OJX6,RFUD,ORANGE-11.26,Фьючерсный контракт ORANGE-11.26,1.585,3,0.00100,2026-11-02,2026-11-02,OJ,ORANGE-11.26,ORANGE,16004,100,2790.37,1.72300,1.44700,8.61909,1.585,1.578,2026-09-08 07:00:01,1.81,0.91,0.61,0.60,1.58500
ONU6,RFUD,OZON-9.26,Фьючерсный контракт OZON-9.26,2707,0,1.00000,2026-09-17,2026-09-18,ON,OZON-9.26,OZON,764428,1,682.78,3047.00000,2367.00000,1.00000,2707,2700,2026-09-08 07:00:01,0.54,0.27,0.18,0.00,2707.00000
ONZ6,RFUD,OZON-12.26,Фьючерсный контракт OZON-12.26,2797,0,1.00000,2026-12-17,2026-12-18,ON,OZON-12.26,OZON,279324,1,740.19,3160.00000,2434.00000,1.00000,2797,2791,2026-09-08 07:00:01,0.56,0.28,0.19,0.00,2797.00000
PDH7,RFUD,PLD-3.27,Фьючерсный контракт PLD-3.27,1458.19,2,0.01000,2027-03-19,2027-03-19,PD,PLD-3.27,PLD,424,1,29746.42,1652.44000,1263.94000,0.86191,1458.19,1463.97,2026-09-08 07:00:01,16.59,8.30,5.53,5.53,1458.19000
PDM7,RFUD,PLD-6.27,Фьючерсный контракт PLD-6.27,1486.62,2,0.01000,2027-06-18,2027-06-18,PD,PLD-6.27,PLD,76,1,30762.00,1686.57000,1286.67000,0.86191,1486.62,1491.62,2026-09-08 07:00:01,16.92,8.46,5.64,5.64,1486.62000
PDU6,RFUD,PLD-9.26,Фьючерсный контракт PLD-9.26,1390,2,0.01000,2026-09-18,2026-09-18,PD,PLD-9.26,PLD,45514,1,26447.24,1565.81000,1214.19000,0.86191,1390,1393.06,2026-09-08 07:00:01,15.81,7.91,5.27,5.27,1390.00000
PDZ6,RFUD,PLD-12.26,Фьючерсный контракт PLD-12.26,1436.35,2,0.01000,2026-12-18,2026-12-18,PD,PLD-12.26,PLD,19692,1,28883.35,1625.77000,1246.93000,0.86191,1436.35,1442,2026-09-08 07:00:01,16.35,8.18,5.45,5.45,1436.35000
PHU6,RFUD,PHOR-9.26,Фьючерсный контракт PHOR-9.26,5627,0,1.00000,2026-09-17,2026-09-18,PH,PHOR-9.26,PHOR,20444,1,969.03,6110.00000,5144.00000,1.00000,5627,5603,2026-09-08 07:00:01,1.11,0.56,0.37,0.00,5627.00000
PHZ6,RFUD,PHOR-12.26,Фьючерсный контракт PHOR-12.26,5784,0,1.00000,2026-12-17,2026-12-18,PH,PHOR-12.26,PHOR,7630,1,1080.40,6314.00000,5254.00000,1.00000,5784,5773,2026-09-08 07:00:01,1.15,0.58,0.38,0.00,5784.00000
PIU6,RFUD,PIKK-9.26,Фьючерсный контракт PIKK-9.26,5387,0,1.00000,2026-09-17,2026-09-18,PI,PIKK-9.26,PIKK,17216,10,1367.23,6068.00000,4706.00000,1.00000,5387,5392,2026-09-08 07:00:01,1.06,0.53,0.35,0.00,5387.00000
PSU6,RFUD,POSI-9.26,Фьючерсный контракт POSI-9.26,1011,0,1.00000,2026-09-17,2026-09-18,PS,POSI-9.26,POSI,191820,1,254.72,1138.00000,884.00000,1.00000,1011,1018,2026-09-08 07:00:01,0.21,0.11,0.07,0.00,1011.00000
PSZ6,RFUD,POSI-12.26,Фьючерсный контракт POSI-12.26,1041,0,1.00000,2026-12-17,2026-12-18,PS,POSI-12.26,POSI,26948,1,276.08,1176.00000,906.00000,1.00000,1041,1050,2026-09-08 07:00:01,0.21,0.11,0.07,0.00,1041.00000
PTH7,RFUD,PLT-3.27,Фьючерсный контракт PLT-3.27,1912.9,1,0.10000,2027-03-19,2027-03-19,PT,PLT-3.27,PLT,368,1,35859.43,2145.30000,1680.50000,8.61909,1912.9,1917.4,2026-09-08 07:00:01,21.76,10.88,7.25,7.25,1912.90000
PTM7,RFUD,PLT-6.27,Фьючерсный контракт PLT-6.27,1944.3,1,0.10000,2027-06-18,2027-06-18,PT,PLT-6.27,PLT,82,1,35101.74,2172.50000,1716.10000,8.61909,1944.3,1953.4,2026-09-08 07:00:01,22.12,11.06,7.37,7.37,1944.30000
PTU6,RFUD,PLT-9.26,Фьючерсный контракт PLT-9.26,1843.6,1,0.10000,2026-09-18,2026-09-18,PT,PLT-9.26,PLT,104736,1,29586.63,2040.20000,1647.00000,8.61909,1843.6,1843.9,2026-09-08 07:00:01,20.97,10.49,6.99,6.99,1843.60000
PTZ6,RFUD,PLT-12.26,Фьючерсный контракт PLT-12.26,1880.5,1,0.10000,2026-12-18,2026-12-18,PT,PLT-12.26,PLT,18054,1,32847.86,2095.80000,1665.20000,8.61909,1880.5,1876.6,2026-09-08 07:00:01,21.39,10.70,7.13,7.13,1880.50000
PXU6,RFUD,PLZLM-9.26,Фьючерсный контракт PLZLM-9.26,9979,0,1.00000,2026-09-17,2026-09-18,PX,PLZLM-9.26,PLZLM,209724,10,1728.47,10840.00000,9118.00000,1.00000,9979,9965,2026-09-08 07:00:01,1.98,0.99,0.66,0.00,9979.00000
PXZ6,RFUD,PLZLM-12.26,Фьючерсный контракт PLZLM-12.26,10324,0,1.00000,2026-12-17,2026-12-18,PX,PLZLM-12.26,PLZLM,47106,10,1927.39,11270.00000,9378.00000,1.00000,10324,10314,2026-09-08 07:00:01,2.05,1.03,0.68,0.00,10324.00000
QQQF,RFUD,QQQF,QQQF,719,1,0.10000,2100-01-01,2100-01-01,QQ,QQQF,QQQF,1300,1,7139.19,755.00000,683.00000,8.61909,719,718.9,2026-09-08 07:00:01,12.27,6.14,4.09,0.00,719.00000
R2U6,RFUD,R2000-9.26,Фьючерсный контракт R2000-9.26,294.5,1,0.10000,2026-09-18,2026-09-18,R2,R2000-9.26,R2000,1422,1,2971.90,309.40000,279.60000,8.61909,294.5,294.5,2026-09-08 07:00:01,5.03,2.52,1.67,1.68,294.50000
R2Z6,RFUD,R2000-12.26,Фьючерсный контракт R2000-12.26,294.2,1,0.10000,2026-12-18,2026-12-18,R2,R2000-12.26,R2000,110,1,3181.02,310.10000,278.30000,8.61909,294.2,294.1,2026-09-08 07:00:01,5.02,2.51,1.67,1.67,294.20000
RAU6,RFUD,RASP-9.26,Фьючерсный контракт RASP-9.26,1359,0,1.00000,2026-09-17,2026-09-18,RA,RASP-9.26,RASP,37612,10,345.04,1531.00000,1187.00000,1.00000,1359,1367,2026-09-08 07:00:01,0.26,0.13,0.09,0.00,1359.00000
RAZ6,RFUD,RASP-12.26,Фьючерсный контракт RASP-12.26,1375,0,1.00000,2026-12-17,2026-12-18,RA,RASP-12.26,RASP,5698,10,373.34,1558.00000,1192.00000,1.00000,1375,1384,2026-09-08 07:00:01,0.28,0.14,0.09,0.00,1375.00000
RBH7,RFUD,RGBI-3.27,Фьючерсный контракт RGBI-3.27,11544,0,1.00000,2027-03-01,2027-03-01,RB,RGBI-3.27,RGBI,67782,1,1299.68,12186.00000,10902.00000,1.00000,11544,11546,2026-09-08 07:00:01,0.76,0.38,0.26,0.25,11544.00000
RBM7,RFUD,RGBI-6.27,Фьючерсный контракт RGBI-6.27,11606,0,1.00000,2027-06-01,2027-06-01,RB,RGBI-6.27,RGBI,8498,1,1379.96,12284.00000,10928.00000,1.00000,11606,11600,2026-09-08 07:00:01,0.77,0.39,0.26,0.26,11606.00000
RBU7,RFUD,RGBI-9.27,Фьючерсный контракт RGBI-9.27,11633,0,1.00000,2027-09-01,2027-09-01,RB,RGBI-9.27,RGBI,44,1,1462.71,12348.00000,10918.00000,1.00000,11633,11633,2026-09-08 07:00:01,0.77,0.39,0.26,0.26,11633.00000
RBZ6,RFUD,RGBI-12.26,Фьючерсный контракт RGBI-12.26,11455,0,1.00000,2026-12-01,2026-12-01,RB,RGBI-12.26,RGBI,654594,1,1250.33,12075.00000,10835.00000,1.00000,11455,11458,2026-09-08 07:00:01,0.75,0.38,0.25,0.25,11455.00000
RDU6,RFUD,RENI-9.26,Фьючерсный контракт RENI-9.26,7203,0,1.00000,2026-09-17,2026-09-18,RD,RENI-9.26,RENI,7692,100,1815.18,8108.00000,6298.00000,1.00000,7203,7135,2026-09-08 07:00:01,1.43,0.72,0.47,0.00,7203.00000
RDZ6,RFUD,RENI-12.26,Фьючерсный контракт RENI-12.26,7431,0,1.00000,2026-12-17,2026-12-18,RD,RENI-12.26,RENI,1434,100,1967.69,8397.00000,6465.00000,1.00000,7431,7459,2026-09-08 07:00:01,1.48,0.74,0.49,0.00,7431.00000
RFH7,RFUD,RUONIA-3.27,Фьючерсный контракт RUONIA-3.27,4.784,4,0.00010,2027-03-01,2027-03-01,RF,RUONIA-3.27,RUONIA,2,1,1518.06,4.85910,4.70890,1.00000,4.784,4.784,2026-09-08 07:00:01,7.90,3.95,2.63,2.63,4.78400
RFM7,RFUD,RUONIA-6.27,Фьючерсный контракт RUONIA-6.27,4.9452,4,0.00010,2027-06-01,2027-06-01,RF,RUONIA-6.27,RUONIA,2030,1,1851.81,5.03650,4.85390,1.00000,4.9452,0,2026-09-08 07:00:01,8.16,4.08,2.72,2.72,4.94520
RFU7,RFUD,RUONIA-9.27,Фьючерсный контракт RUONIA-9.27,5.1099,4,0.00010,2027-09-01,2027-09-01,RF,RUONIA-9.27,RUONIA,4,1,2217.00,5.21880,5.00100,1.00000,5.1099,5.1099,2026-09-08 07:00:01,8.43,4.22,2.81,2.81,5.10990
RFZ6,RFUD,RUONIA-12.26,Фьючерсный контракт RUONIA-12.26,4.6278,4,0.00010,2026-12-01,2026-12-01,RF,RUONIA-12.26,RUONIA,4,1,1318.27,4.69320,4.56240,1.00000,4.6278,0,2026-09-08 07:00:01,7.64,3.82,2.54,2.55,4.62780
RGBIF,RFUD,RGBIF,RGBIF,113.52,2,0.01000,2100-01-01,2100-01-01,RG,RGBIF,RGBIF,313746,100,1137.26,119.20000,107.84000,1.00000,113.52,113.6,2026-09-08 07:00:01,0.75,0.38,0.25,11.35,113.52000
RIH7,RFUD,RTS-3.27,Фьючерсный контракт RTS-3.27,83000,0,10.00000,2027-03-18,2027-03-18,RI,RTS-3.27,RTS,786,1,23775.67,88920.00000,77080.00000,17.23818,83000,82870,2026-09-08 07:00:01,9.44,4.72,3.15,3.15,83000.00000
RIM7,RFUD,RTS-6.27,Фьючерсный контракт RTS-6.27,83670,0,10.00000,2027-06-17,2027-06-17,RI,RTS-6.27,RTS,230,1,24978.97,89850.00000,77490.00000,17.23818,83670,83670,2026-09-08 07:00:01,9.52,4.76,3.17,3.17,83670.00000
RIU6,RFUD,RTS-9.26,Фьючерсный контракт RTS-9.26,82760,0,10.00000,2026-09-17,2026-09-17,RI,RTS-9.26,RTS,86730,1,21602.63,88200.00000,77320.00000,17.23818,82760,82700,2026-09-08 07:00:01,9.41,4.71,3.13,3.14,82760.00000
RIZ6,RFUD,RTS-12.26,Фьючерсный контракт RTS-12.26,82470,0,10.00000,2026-12-17,2026-12-17,RI,RTS-12.26,RTS,16640,1,22825.08,88180.00000,76760.00000,17.23818,82470,82420,2026-09-08 07:00:01,9.39,4.70,3.13,3.13,82470.00000
RLU6,RFUD,RUAL-9.26,Фьючерсный контракт RUAL-9.26,2734,0,1.00000,2026-09-17,2026-09-18,RL,RUAL-9.26,RUAL,125482,100,471.94,2969.00000,2499.00000,1.00000,2734,2712,2026-09-08 07:00:01,0.54,0.27,0.18,0.00,2734.00000
RLZ6,RFUD,RUAL-12.26,Фьючерсный контракт RUAL-12.26,2826,0,1.00000,2026-12-17,2026-12-18,RL,RUAL-12.26,RUAL,25980,100,526.37,3084.00000,2568.00000,1.00000,2826,2796,2026-09-08 07:00:01,0.56,0.28,0.19,0.00,2826.00000
RMU6,RFUD,RTSM-9.26,Фьючерсный контракт RTSM-9.26,828,1,0.50000,2026-09-17,2026-09-17,RM,RTSM-9.26,RTSM,23496,1,2161.31,882.00000,774.00000,8.61909,828,828,2026-09-08 07:00:01,0.94,0.47,0.31,0.31,828.00000
RMZ6,RFUD,RTSM-12.26,Фьючерсный контракт RTSM-12.26,825,1,0.50000,2026-12-17,2026-12-17,RM,RTSM-12.26,RTSM,4920,1,2398.50,882.00000,768.00000,8.61909,825,826,2026-09-08 07:00:01,0.94,0.47,0.31,0.31,825.00000
RNH7,RFUD,ROSN-3.27,Фьючерсный контракт ROSN-3.27,35292,0,1.00000,2027-03-18,2027-03-19,RN,ROSN-3.27,ROSN,1046,100,7969.24,39167.00000,31417.00000,1.00000,35292,35468,2026-09-08 07:00:01,6.99,3.50,2.33,0.00,35292.00000
RNM7,RFUD,ROSN-6.27,Фьючерсный контракт ROSN-6.27,36492,0,1.00000,2027-06-17,2027-06-18,RN,ROSN-6.27,ROSN,362,100,7996.81,40382.00000,32602.00000,1.00000,36492,36932,2026-09-08 07:00:01,7.22,3.61,2.40,0.00,36492.00000
RNU6,RFUD,ROSN-9.26,Фьючерсный контракт ROSN-9.26,33600,0,1.00000,2026-09-17,2026-09-18,RN,ROSN-9.26,ROSN,58918,100,6794.52,36988.00000,30212.00000,1.00000,33600,33551,2026-09-08 07:00:01,6.66,3.33,2.22,0.00,33600.00000
RNZ6,RFUD,ROSN-12.26,Фьючерсный контракт ROSN-12.26,34766,0,1.00000,2026-12-17,2026-12-18,RN,ROSN-12.26,ROSN,10596,100,7848.04,38439.00000,31093.00000,1.00000,34766,34728,2026-09-08 07:00:01,6.89,3.45,2.30,0.00,34766.00000
RQU6,RFUD,RTKMP-9.26,Фьючерсный контракт RTKMP-9.26,4299,0,1.00000,2026-09-17,2026-09-18,RQ,RTKMP-9.26,RTKMP,2850,100,1431.38,5012.00000,3586.00000,1.00000,4299,4319,2026-09-08 07:00:01,0.85,0.43,0.28,0.00,4299.00000
RQZ6,RFUD,RTKMP-12.26,Фьючерсный контракт RTKMP-12.26,4416,0,1.00000,2026-12-17,2026-12-18,RQ,RTKMP-12.26,RTKMP,732,100,1527.75,5166.00000,3666.00000,1.00000,4416,4410,2026-09-08 07:00:01,0.87,0.44,0.29,0.00,4416.00000
RRU6,RFUD,RUON-9.26,Фьючерсный контракт RUON-9.26,86.28,2,0.01000,2026-09-30,2026-09-30,RR,RUON-9.26,RUON,0,1000000,1173.37,86.99000,85.57000,8.21918,86.28,0,2026-09-08 07:00:01,11.70,5.85,3.90,3.90,86.28000
RTU6,RFUD,RTKM-9.26,Фьючерсный контракт RTKM-9.26,4195,0,1.00000,2026-09-17,2026-09-18,RT,RTKM-9.26,RTKM,54144,100,849.41,4618.00000,3772.00000,1.00000,4195,4217,2026-09-08 07:00:01,0.83,0.42,0.28,0.00,4195.00000
RTZ6,RFUD,RTKM-12.26,Фьючерсный контракт RTKM-12.26,4341,0,1.00000,2026-12-17,2026-12-18,RT,RTKM-12.26,RTKM,21096,100,935.07,4800.00000,3882.00000,1.00000,4341,4381,2026-09-08 07:00:01,0.86,0.43,0.28,0.00,4341.00000
RUU6,RFUD,RNFT-9.26,Фьючерсный контракт RNFT-9.26,846,0,1.00000,2026-09-17,2026-09-18,RU,RNFT-9.26,RNFT,118156,10,213.65,952.00000,740.00000,1.00000,846,845,2026-09-08 07:00:01,0.17,0.09,0.05,0.00,846.00000
RUZ6,RFUD,RNFT-12.26,Фьючерсный контракт RNFT-12.26,865,0,1.00000,2026-12-17,2026-12-18,RU,RNFT-12.26,RNFT,17828,10,231.42,978.00000,752.00000,1.00000,865,867,2026-09-08 07:00:01,0.17,0.09,0.05,0.00,865.00000
RZU6,RFUD,RAGR-9.26,Фьючерсный контракт RAGR-9.26,7104,0,1.00000,2026-09-17,2026-09-18,RZ,RAGR-9.26,RAGR,6644,100,1792.85,7997.00000,6211.00000,1.00000,7104,7100,2026-09-08 07:00:01,1.41,0.71,0.47,0.00,7104.00000
RZZ6,RFUD,RAGR-12.26,Фьючерсный контракт RAGR-12.26,7366,0,1.00000,2026-12-17,2026-12-18,RZ,RAGR-12.26,RAGR,2286,100,1944.01,8320.00000,6412.00000,1.00000,7366,7370,2026-09-08 07:00:01,1.46,0.73,0.49,0.00,7366.00000
S0U6,RFUD,SOFL-9.26,Фьючерсный контракт SOFL-9.26,515,0,1.00000,2026-09-17,2026-09-18,S0,SOFL-9.26,SOFL,80016,10,171.30,600.00000,430.00000,1.00000,515,514,2026-09-08 07:00:01,0.10,0.05,0.03,0.00,515.00000
S0Z6,RFUD,SOFL-12.26,Фьючерсный контракт SOFL-12.26,535,0,1.00000,2026-12-17,2026-12-18,S0,SOFL-12.26,SOFL,14358,10,182.96,624.00000,446.00000,1.00000,535,530,2026-09-08 07:00:01,0.11,0.06,0.04,0.00,535.00000
S1H7,RFUD,SILVM-3.27,Фьючерсный контракт SILVM-3.27,69.7,2,0.01000,2027-03-19,2027-03-19,S1,SILVM-3.27,SILVM,3040,1,1292.36,78.19000,61.21000,0.86191,69.7,69.76,2026-09-08 07:00:01,0.80,0.40,0.26,0.26,69.70000
S1M7,RFUD,SILVM-6.27,Фьючерсный контракт SILVM-6.27,71.1,2,0.01000,2027-06-18,2027-06-18,S1,SILVM-6.27,SILVM,1576,1,1346.35,79.90000,62.30000,0.86191,71.1,71.1,2026-09-08 07:00:01,0.81,0.41,0.27,0.27,71.10000
S1U6,RFUD,SILVM-9.26,Фьючерсный контракт SILVM-9.26,66.43,2,0.01000,2026-09-18,2026-09-18,S1,SILVM-9.26,SILVM,108912,1,1198.00,74.39000,58.47000,0.86191,66.43,66.44,2026-09-08 07:00:01,0.75,0.38,0.25,0.25,66.43000
S1Z6,RFUD,SILVM-12.26,Фьючерсный контракт SILVM-12.26,67.96,2,0.01000,2026-12-18,2026-12-18,S1,SILVM-12.26,SILVM,30968,1,1240.21,76.16000,59.76000,0.86191,67.96,68.01,2026-09-08 07:00:01,0.77,0.39,0.26,0.26,67.96000
S2H7,RFUD,SL-3.27,Фьючерсный контракт SL-3.27,183.83,2,0.01000,2027-03-18,2027-03-18,S2,SL-3.27,SL,0,100,3933.61,203.20000,164.46000,1.00000,183.83,0,2026-09-08 07:00:01,2.43,1.22,0.81,0.81,183.83000
S2U6,RFUD,SL-9.26,Фьючерсный контракт SL-9.26,180.57,2,0.01000,2026-09-17,2026-09-17,S2,SL-9.26,SL,23702,100,3657.90,198.79000,162.35000,1.00000,180.57,180.77,2026-09-08 07:00:01,2.38,1.19,0.80,0.79,180.57000
S2Z6,RFUD,SL-12.26,Фьючерсный контракт SL-12.26,187.89,2,0.01000,2026-12-17,2026-12-17,S2,SL-12.26,SL,2748,100,3991.50,207.51000,168.27000,1.00000,187.89,188.86,2026-09-08 07:00:01,2.48,1.24,0.83,0.83,187.89000
S3U6,RFUD,SOL-9.26,Фьючерсный контракт SOL-9.26,103.75,2,0.01000,2026-09-25,2026-09-25,S3,SOL-9.26,SOL,3684,1,3947.51,123.60000,83.90000,0.86191,103.75,104.18,2026-09-08 07:00:01,3.58,1.79,1.79,0.59,103.75000
S3V6,RFUD,SOL-10.26,Фьючерсный контракт SOL-10.26,106.75,2,0.01000,2026-10-30,2026-10-30,S3,SOL-10.26,SOL,654,1,4032.18,126.91000,86.59000,0.86191,106.75,108.5,2026-09-08 07:00:01,3.68,1.84,1.84,0.61,106.75000
S3X6,RFUD,SOL-11.26,Фьючерсный контракт SOL-11.26,110.79,2,0.01000,2026-11-27,2026-11-27,S3,SOL-11.26,SOL,84,1,4038.91,130.98000,90.60000,0.86191,110.79,110.79,2026-09-08 07:00:01,3.82,1.91,1.91,0.63,110.79000
SAH7,RFUD,SUGR-3.27,Фьючерсный контракт SUGR-3.27,40.1,2,0.01000,2027-02-26,2027-03-01,SA,SUGR-3.27,SUGR,4144,1016,5548.44,42.78000,37.42000,10.16000,40.1,39.86,2026-09-08 07:00:01,5.38,2.69,1.79,1.79,40.10000
SAV6,RFUD,SUGR-10.26,Фьючерсный контракт SUGR-10.26,35.17,2,0.01000,2026-09-30,2026-10-01,SA,SUGR-10.26,SUGR,7208,1016,4798.21,37.52000,32.82000,10.16000,35.17,35.25,2026-09-08 07:00:01,4.71,2.36,1.57,1.57,35.17000
SBERF,RFUD,SBERF,SBERF,279.61,2,0.01000,2100-01-01,2100-01-01,SB,SBERF,SBERF,213884,100,4762.34,303.41000,255.81000,1.00000,279.61,280.1,2026-09-08 07:00:01,8.39,4.20,4.19,27.96,279.61000
SCU6,RFUD,SVCB-9.26,Фьючерсный контракт SVCB-9.26,1041,0,1.00000,2026-09-17,2026-09-18,SC,SVCB-9.26,SVCB,1061176,100,179.81,1130.00000,952.00000,1.00000,1041,1045,2026-09-08 07:00:01,0.21,0.11,0.07,0.00,1041.00000
SCZ6,RFUD,SVCB-12.26,Фьючерсный контракт SVCB-12.26,1077,0,1.00000,2026-12-17,2026-12-18,SC,SVCB-12.26,SVCB,168868,100,200.55,1175.00000,979.00000,1.00000,1077,1081,2026-09-08 07:00:01,0.21,0.11,0.07,0.00,1077.00000
SDU6,RFUD,SAUDI-9.26,Фьючерсный контракт SAUDI-9.26,38.75,2,0.01000,2026-09-18,2026-09-18,SD,SAUDI-9.26,SAUDI,286,1,391.04,40.71000,36.79000,0.86191,38.75,38.1,2026-09-08 07:00:01,0.66,0.33,0.22,0.22,38.75000
SDZ6,RFUD,SAUDI-12.26,Фьючерсный контракт SAUDI-12.26,39.04,2,0.01000,2026-12-18,2026-12-18,SD,SAUDI-12.26,SAUDI,140,1,415.56,41.12000,36.96000,0.86191,39.04,39.9,2026-09-08 07:00:01,0.66,0.33,0.22,0.22,39.04000
SEU6,RFUD,SPBE-9.26,Фьючерсный контракт SPBE-9.26,1429,0,1.00000,2026-09-17,2026-09-18,SE,SPBE-9.26,SPBE,60052,10,711.25,1784.00000,1074.00000,1.00000,1429,1445,2026-09-08 07:00:01,0.28,0.14,0.09,0.00,1429.00000
SEZ6,RFUD,SPBE-12.26,Фьючерсный контракт SPBE-12.26,1485,0,1.00000,2026-12-17,2026-12-18,SE,SPBE-12.26,SPBE,25884,10,713.95,1840.00000,1130.00000,1.00000,1485,1493,2026-09-08 07:00:01,0.29,0.15,0.10,0.00,1485.00000
SFH7,RFUD,SPYF-3.27,Фьючерсный контракт SPYF-3.27,770.05,2,0.01000,2027-03-19,2027-03-19,SF,SPYF-3.27,SPYF,3826,1,8722.80,813.51000,726.59000,0.86191,770.05,770.5,2026-09-08 07:00:01,13.15,6.58,4.38,4.38,770.05000
SFM7,RFUD,SPYF-6.27,Фьючерсный контракт SPYF-6.27,771.14,2,0.01000,2027-06-18,2027-06-18,SF,SPYF-6.27,SPYF,1112,1,9256.67,817.01000,725.27000,0.86191,771.14,772.03,2026-09-08 07:00:01,13.16,6.58,4.38,4.39,771.14000
SFU6,RFUD,SPYF-9.26,Фьючерсный контракт SPYF-9.26,767.93,2,0.01000,2026-09-18,2026-09-18,SF,SPYF-9.26,SPYF,393032,1,7749.40,806.95000,728.91000,0.86191,767.93,768.45,2026-09-08 07:00:01,13.11,6.56,4.37,4.37,767.93000
SFZ6,RFUD,SPYF-12.26,Фьючерсный контракт SPYF-12.26,769.49,2,0.01000,2026-12-18,2026-12-18,SF,SPYF-12.26,SPYF,71958,1,8601.06,811.01000,727.97000,0.86191,769.49,770.22,2026-09-08 07:00:01,13.13,6.57,4.38,4.38,769.49000
SGU6,RFUD,SNGP-9.26,Фьючерсный контракт SNGP-9.26,41997,0,1.00000,2026-09-17,2026-09-18,SG,SNGP-9.26,SNGP,20492,1000,8499.16,46235.00000,37759.00000,1.00000,41997,42139,2026-09-08 07:00:01,8.31,4.16,2.77,0.00,41997.00000
SGZ6,RFUD,SNGP-12.26,Фьючерсный контракт SNGP-12.26,43430,0,1.00000,2026-12-17,2026-12-18,SG,SNGP-12.26,SNGP,3732,1000,9356.11,48024.00000,38836.00000,1.00000,43430,43623,2026-09-08 07:00:01,8.59,4.30,2.87,0.00,43430.00000
SHU6,RFUD,SFIN-9.26,Фьючерсный контракт SFIN-9.26,588.6,1,0.20000,2026-09-17,2026-09-18,SH,SFIN-9.26,SFIN,138640,1,198.51,687.40000,489.80000,0.20000,588.6,591.2,2026-09-08 07:00:01,0.12,0.06,0.04,0.00,588.60000
SHZ6,RFUD,SFIN-12.26,Фьючерсный контракт SFIN-12.26,573.6,1,0.20000,2026-12-17,2026-12-18,SH,SFIN-12.26,SFIN,38170,1,211.15,677.20000,470.00000,0.20000,573.6,574,2026-09-08 07:00:01,0.12,0.06,0.04,0.00,573.60000
SiH7,RFUD,Si-3.27,Фьючерсный контракт Si-3.27,89500,0,1.00000,2027-03-18,2027-03-18,Si,Si-3.27,Si,29308,1000,14277.43,97255.00000,81745.00000,1.00000,89500,89655,2026-09-08 07:00:01,4.14,2.07,1.38,1.38,89500.00000
SiM7,RFUD,Si-6.27,Фьючерсный контракт Si-6.27,91410,0,1.00000,2027-06-17,2027-06-17,Si,Si-6.27,Si,4424,1000,14963.54,99493.00000,83327.00000,1.00000,91410,91412,2026-09-08 07:00:01,4.23,2.12,1.41,1.41,91410.00000
SiU6,RFUD,Si-9.26,Фьючерсный контракт Si-9.26,86670,0,1.00000,2026-09-17,2026-09-17,Si,Si-9.26,Si,7906060,1000,13076.10,93851.00000,79489.00000,1.00000,86670,86872,2026-09-08 07:00:01,4.00,2.00,1.34,1.33,86670.00000
SiU7,RFUD,Si-9.27,Фьючерсный контракт Si-9.27,93411,0,1.00000,2027-09-16,2027-09-16,Si,Si-9.27,Si,786,1000,15680.40,101836.00000,84986.00000,1.00000,93411,93410,2026-09-08 07:00:01,4.32,2.16,1.44,1.44,93411.00000
SiZ6,RFUD,Si-12.26,Фьючерсный контракт Si-12.26,87827,0,1.00000,2026-12-17,2026-12-17,Si,Si-12.26,Si,4237936,1000,13744.72,95327.00000,80327.00000,1.00000,87827,88025,2026-09-08 07:00:01,4.06,2.03,1.36,1.35,87827.00000
SiZ7,RFUD,Si-12.27,Фьючерсный контракт Si-12.27,95251,0,1.00000,2027-12-16,2027-12-16,Si,Si-12.27,Si,672,1000,16421.89,104030.00000,86472.00000,1.00000,95251,95279,2026-09-08 07:00:01,4.40,2.20,1.46,1.47,95251.00000
SKU6,RFUD,SAMSUNG-9.26,Фьючерсный контракт SAMSUNG-9.26,200.92,2,0.01000,2026-09-18,2026-09-18,SK,SAMSUNG-9.26,SAMSUNG,1316,1,4022.35,221.17000,180.67000,0.86191,200.92,202.71,2026-09-08 07:00:01,3.43,1.72,1.15,1.14,200.92000
SKZ6,RFUD,SAMSUNG-12.26,Фьючерсный контракт SAMSUNG-12.26,200,2,0.01000,2026-12-18,2026-12-18,SK,SAMSUNG-12.26,SAMSUNG,134,1,4177.42,220.90000,179.10000,0.86191,200,201,2026-09-08 07:00:01,3.41,1.71,1.13,1.14,200.00000
SLVRUBF,RFUD,SLVRUBF,SLVRUBF,179.3,2,0.01000,2100-01-01,2100-01-01,SL,SLVRUBF,SLVRUBTOM,66982,100,3594.85,197.26000,161.34000,1.00000,179.3,179.67,2026-09-08 07:00:01,2.37,1.19,0.79,17.93,179.30000
SNDKF,RFUD,SNDKF,SNDKF,1740,1,0.10000,2100-01-01,2100-01-01,SN,SNDKF,SNDKF,,1,51777.26,2001.10000,1478.90000,8.61909,1740,,2026-09-08 07:00:01,38.49,19.25,17.15,0.00,1740.00000
SNU6,RFUD,SNGR-9.26,Фьючерсный контракт SNGR-9.26,15957,0,1.00000,2026-09-17,2026-09-18,SN,SNGR-9.26,SNGR,32784,1000,3230.00,17567.00000,14347.00000,1.00000,15957,15944,2026-09-08 07:00:01,3.16,1.58,1.06,0.00,15957.00000
SNZ6,RFUD,SNGR-12.26,Фьючерсный контракт SNGR-12.26,16499,0,1.00000,2026-12-17,2026-12-18,SN,SNGR-12.26,SNGR,7654,1000,3555.57,18245.00000,14753.00000,1.00000,16499,16500,2026-09-08 07:00:01,3.27,1.64,1.09,0.00,16499.00000
SOU6,RFUD,SIBN-9.26,Фьючерсный контракт SIBN-9.26,5490,0,1.00000,2026-09-17,2026-09-18,SO,SIBN-9.26,SIBN,36296,10,1001.47,5989.00000,4991.00000,1.00000,5490,5482,2026-09-08 07:00:01,1.09,0.55,0.36,0.00,5490.00000
SOZ6,RFUD,SIBN-12.26,Фьючерсный контракт SIBN-12.26,5274,0,1.00000,2026-12-17,2026-12-18,SO,SIBN-12.26,SIBN,20392,10,1103.94,5816.00000,4732.00000,1.00000,5274,5255,2026-09-08 07:00:01,1.04,0.52,0.35,0.00,5274.00000
SP500F,RFUD,SP500F,SP500F,770.2,1,0.10000,2100-01-01,2100-01-01,SP,SP500F,SP500F,2052,1,7647.90,808.70000,731.70000,8.61909,770.2,769.6,2026-09-08 07:00:01,13.15,6.58,4.38,0.00,770.20000
SPH7,RFUD,SBPR-3.27,Фьючерсный контракт SBPR-3.27,29953,0,1.00000,2027-03-18,2027-03-19,SP,SBPR-3.27,SBPR,226,100,5829.34,32788.00000,27118.00000,1.00000,29953,30047,2026-09-08 07:00:01,5.93,2.97,1.98,0.00,29953.00000
SPM7,RFUD,SBPR-6.27,Фьючерсный контракт SBPR-6.27,30712,0,1.00000,2027-06-17,2027-06-18,SP,SBPR-6.27,SBPR,106,100,5845.04,33556.00000,27868.00000,1.00000,30712,30712,2026-09-08 07:00:01,6.08,3.04,2.03,0.00,30712.00000
SPU6,RFUD,SBPR-9.26,Фьючерсный контракт SBPR-9.26,28185,0,1.00000,2026-09-17,2026-09-18,SP,SBPR-9.26,SBPR,88704,100,4856.70,30606.00000,25764.00000,1.00000,28185,28143,2026-09-08 07:00:01,5.58,2.79,1.86,0.00,28185.00000
SPZ6,RFUD,SBPR-12.26,Фьючерсный контракт SBPR-12.26,29145,0,1.00000,2026-12-17,2026-12-18,SP,SBPR-12.26,SBPR,1588,100,5417.86,31805.00000,26485.00000,1.00000,29145,29150,2026-09-08 07:00:01,5.77,2.89,1.93,0.00,29145.00000
SQU6,RFUD,SOXQ-9.26,Фьючерсный контракт SOXQ-9.26,93.64,2,0.01000,2026-09-18,2026-09-18,SQ,SOXQ-9.26,SOXQ,36148,1,1037.93,98.86000,88.42000,0.86191,93.64,93.77,2026-09-08 07:00:01,1.60,0.80,0.54,0.53,93.64000
SQZ6,RFUD,SOXQ-12.26,Фьючерсный контракт SOXQ-12.26,95.17,2,0.01000,2026-12-18,2026-12-18,SQ,SOXQ-12.26,SOXQ,11420,1,1133.76,100.83000,89.51000,0.86191,95.17,95.09,2026-09-08 07:00:01,1.62,0.81,0.54,0.54,95.17000
SRH7,RFUD,SBRF-3.27,Фьючерсный контракт SBRF-3.27,30115,0,1.00000,2027-03-18,2027-03-19,SR,SBRF-3.27,SBRF,4218,100,5829.39,32951.00000,27279.00000,1.00000,30115,30139,2026-09-08 07:00:01,5.96,2.98,1.98,0.00,30115.00000
SRM7,RFUD,SBRF-6.27,Фьючерсный контракт SBRF-6.27,30856,0,1.00000,2027-06-17,2027-06-18,SR,SBRF-6.27,SBRF,1776,100,5844.51,33700.00000,28012.00000,1.00000,30856,31071,2026-09-08 07:00:01,6.11,3.06,2.04,0.00,30856.00000
SRU6,RFUD,SBRF-9.26,Фьючерсный контракт SBRF-9.26,28155,0,1.00000,2026-09-17,2026-09-18,SR,SBRF-9.26,SBRF,995512,100,4851.84,30574.00000,25736.00000,1.00000,28155,28145,2026-09-08 07:00:01,5.58,2.79,1.86,0.00,28155.00000
SRZ6,RFUD,SBRF-12.26,Фьючерсный контракт SBRF-12.26,29130,0,1.00000,2026-12-17,2026-12-18,SR,SBRF-12.26,SBRF,51054,100,5552.77,31788.00000,26472.00000,1.00000,29130,29122,2026-09-08 07:00:01,5.77,2.89,1.93,0.00,29130.00000
SSU6,RFUD,SMLT-9.26,Фьючерсный контракт SMLT-9.26,371,0,1.00000,2026-09-17,2026-09-18,SS,SMLT-9.26,SMLT,2950342,1,186.23,463.00000,279.00000,1.00000,371,371,2026-09-08 07:00:01,0.07,0.04,0.02,0.00,371.00000
SSZ6,RFUD,SMLT-12.26,Фьючерсный контракт SMLT-12.26,383,0,1.00000,2026-12-17,2026-12-18,SS,SMLT-12.26,SMLT,543528,1,195.61,479.00000,287.00000,1.00000,383,383,2026-09-08 07:00:01,0.07,0.04,0.02,0.00,383.00000
SuU6,RFUD,SUGAR-9.26,Фьючерсный контракт SUGAR-9.26,51600,0,10.00000,2026-09-15,2026-09-15,Su,SUGAR-9.26,SUGAR,2788,100,837.10,55770.00000,47430.00000,1.00000,51600,51600,2026-09-08 07:00:01,0.68,0.34,0.23,0.23,51600.00000
SuV6,RFUD,SUGAR-10.26,Фьючерсный контракт SUGAR-10.26,58000,0,10.00000,2026-10-15,2026-10-15,Su,SUGAR-10.26,SUGAR,2010,100,893.11,62420.00000,53580.00000,1.00000,58000,58260,2026-09-08 07:00:01,0.77,0.39,0.26,0.26,58000.00000
SuX6,RFUD,SUGAR-11.26,Фьючерсный контракт SUGAR-11.26,51100,0,10.00000,2026-11-13,2026-11-13,Su,SUGAR-11.26,SUGAR,0,100,927.36,55660.00000,46540.00000,1.00000,51100,0,2026-09-08 07:00:01,0.68,0.34,0.23,0.22,51100.00000
SVH7,RFUD,SILV-3.27,Фьючерсный контракт SILV-3.27,69.71,2,0.01000,2027-03-19,2027-03-19,SV,SILV-3.27,SILV,1974,10,13544.43,78.55000,60.87000,8.61909,69.71,69.57,2026-09-08 07:00:01,7.93,3.97,2.64,2.64,69.71000
SVM7,RFUD,SILV-6.27,Фьючерсный контракт SILV-6.27,71.17,2,0.01000,2027-06-18,2027-06-18,SV,SILV-6.27,SILV,806,10,14028.93,80.28000,62.06000,8.61909,71.17,71.01,2026-09-08 07:00:01,8.10,4.05,2.70,2.70,71.17000
SVU6,RFUD,SILV-9.26,Фьючерсный контракт SILV-9.26,66.43,2,0.01000,2026-09-18,2026-09-18,SV,SILV-9.26,SILV,407774,10,11979.95,74.39000,58.47000,8.61909,66.43,66.43,2026-09-08 07:00:01,7.56,3.78,2.52,2.52,66.43000
SVU7,RFUD,SILV-9.27,Фьючерсный контракт SILV-9.27,73.21,2,0.01000,2027-09-17,2027-09-17,SV,SILV-9.27,SILV,0,10,14042.54,82.34000,64.08000,8.61909,73.21,0,2026-09-08 07:00:01,8.33,4.17,2.78,2.78,73.21000
SVZ6,RFUD,SILV-12.26,Фьючерсный контракт SILV-12.26,67.98,2,0.01000,2026-12-18,2026-12-18,SV,SILV-12.26,SILV,90764,10,13519.20,76.58000,59.38000,8.61909,67.98,67.89,2026-09-08 07:00:01,7.74,3.87,2.58,2.58,67.98000
SXU6,RFUD,STOX-9.26,Фьючерсный контракт STOX-9.26,6472.8,1,0.10000,2026-09-18,2026-09-18,SX,STOX-9.26,STOX,11952,100,908.51,6866.40000,6079.20000,0.10017,6472.8,6498.5,2026-09-08 07:00:01,1.29,0.65,0.43,0.43,6472.80000
SXZ6,RFUD,STOX-12.26,Фьючерсный контракт STOX-12.26,6469.1,1,0.10000,2026-12-18,2026-12-18,SX,STOX-12.26,STOX,1012,100,962.93,6883.70000,6054.50000,0.10017,6469.1,6469.1,2026-09-08 07:00:01,1.29,0.65,0.43,0.43,6469.10000
SYU6,RFUD,SONY-9.26,Фьючерсный контракт SONY-9.26,23.66,2,0.01000,2026-09-18,2026-09-18,SY,SONY-9.26,SONY,44,10,5676.25,26.51000,20.81000,8.61909,23.66,23.36,2026-09-08 07:00:01,4.04,2.02,1.34,1.35,23.66000
SYZ6,RFUD,SONY-12.26,Фьючерсный контракт SONY-12.26,24.52,2,0.01000,2026-12-18,2026-12-18,SY,SONY-12.26,SONY,42,10,5872.82,27.45000,21.59000,8.61909,24.52,0,2026-09-08 07:00:01,4.19,2.10,1.39,1.39,24.52000
SZU6,RFUD,SGZH-9.26,Фьючерсный контракт SGZH-9.26,694,0,1.00000,2026-09-17,2026-09-18,SZ,SGZH-9.26,SGZH,599262,1000,494.66,940.00000,448.00000,1.00000,694,700,2026-09-08 07:00:01,0.14,0.07,0.05,0.00,694.00000
SZZ6,RFUD,SGZH-12.26,Фьючерсный контракт SGZH-12.26,667,0,1.00000,2026-12-17,2026-12-18,SZ,SGZH-12.26,SGZH,157848,1000,513.66,919.00000,415.00000,1.00000,667,674,2026-09-08 07:00:01,0.14,0.07,0.05,0.00,667.00000
TBU6,RFUD,T-9.26,Фьючерсный контракт T-9.26,2655,0,1.00000,2026-09-17,2026-09-18,TB,T-9.26,T,707784,10,459.88,2884.00000,2426.00000,1.00000,2655,2650,2026-09-08 07:00:01,0.52,0.26,0.17,0.00,2655.00000
TBZ6,RFUD,T-12.26,Фьючерсный контракт T-12.26,2706,0,1.00000,2026-12-17,2026-12-18,TB,T-12.26,T,150100,10,512.02,2957.00000,2455.00000,1.00000,2706,2703,2026-09-08 07:00:01,0.54,0.27,0.18,0.00,2706.00000
TCU6,RFUD,TENCENT-9.26,Фьючерсный контракт TENCENT-9.26,440.4,1,0.10000,2026-09-18,2026-09-18,TC,TENCENT-9.26,TENCENT,210,10,6783.18,467.10000,413.70000,10.99230,440.4,438.6,2026-09-08 07:00:01,9.58,4.79,3.20,3.20,440.40000
TCZ6,RFUD,TENCENT-12.26,Фьючерсный контракт TENCENT-12.26,449.7,1,0.10000,2026-12-18,2026-12-18,TC,TENCENT-12.26,TENCENT,42,10,7199.33,477.90000,421.50000,10.99230,449.7,449.8,2026-09-08 07:00:01,9.79,4.90,3.27,3.26,449.70000
TLU6,RFUD,TLT-9.26,Фьючерсный контракт TLT-9.26,81.97,2,0.01000,2026-09-18,2026-09-18,TL,TLT-9.26,TLT,2906,10,5016.59,84.49000,79.45000,8.61909,81.97,81.98,2026-09-08 07:00:01,13.99,7.00,4.66,4.66,81.97000
TLZ6,RFUD,TLT-12.26,Фьючерсный контракт TLT-12.26,82.87,2,0.01000,2026-12-18,2026-12-18,TL,TLT-12.26,TLT,874,10,5585.42,85.66000,80.08000,8.61909,82.87,82.16,2026-09-08 07:00:01,14.14,7.07,4.71,4.71,82.87000
TNU6,RFUD,TRNF-9.26,Фьючерсный контракт TRNF-9.26,1071,0,1.00000,2026-09-17,2026-09-18,TN,TRNF-9.26,TRNF,286996,1,216.49,1178.00000,964.00000,1.00000,1071,1065,2026-09-08 07:00:01,0.21,0.11,0.07,0.00,1071.00000
TNZ6,RFUD,TRNF-12.26,Фьючерсный контракт TRNF-12.26,1110,0,1.00000,2026-12-17,2026-12-18,TN,TRNF-12.26,TRNF,129366,1,238.38,1227.00000,993.00000,1.00000,1110,1104,2026-09-08 07:00:01,0.22,0.11,0.07,0.00,1110.00000
TOU6,RFUD,TOYOTA-9.26,Фьючерсный контракт TOYOTA-9.26,195.4,2,0.01000,2026-09-18,2026-09-18,TO,TOYOTA-9.26,TOYOTA,14,1,3329.84,212.16000,178.64000,0.86191,195.4,195.4,2026-09-08 07:00:01,3.34,1.67,1.11,1.11,195.40000
TOZ6,RFUD,TOYOTA-12.26,Фьючерсный контракт TOYOTA-12.26,202.6,2,0.01000,2026-12-18,2026-12-18,TO,TOYOTA-12.26,TOYOTA,12,1,3483.42,220.03000,185.17000,0.86191,202.6,204,2026-09-08 07:00:01,3.46,1.73,1.15,1.15,202.60000
TPU6,RFUD,TATP-9.26,Фьючерсный контракт TATP-9.26,5782,0,1.00000,2026-09-17,2026-09-18,TP,TATP-9.26,TATP,47242,10,1169.22,6365.00000,5199.00000,1.00000,5782,5753,2026-09-08 07:00:01,1.15,0.58,0.38,0.00,5782.00000
TPZ6,RFUD,TATP-12.26,Фьючерсный контракт TATP-12.26,5660,0,1.00000,2026-12-17,2026-12-18,TP,TATP-12.26,TATP,10182,10,1281.06,6289.00000,5031.00000,1.00000,5660,5640,2026-09-08 07:00:01,1.12,0.56,0.37,0.00,5660.00000
TRH7,RFUD,UTRY-3.27,Фьючерсный контракт UTRY-3.27,50.5357,4,0.00010,2027-03-18,2027-03-18,TR,UTRY-3.27,UTRY,0,1000,34207.13,57.62990,43.44150,0.17854,50.5357,0,2026-09-08 07:00:01,4.17,2.09,1.39,1.39,50.53570
TRU6,RFUD,UTRY-9.26,Фьючерсный контракт UTRY-9.26,48.2473,4,0.00010,2026-09-17,2026-09-17,TR,UTRY-9.26,UTRY,0,1000,28341.32,54.33770,42.15690,0.17854,48.2473,0,2026-09-08 07:00:01,3.98,1.99,1.32,1.33,48.24730
TRZ6,RFUD,UTRY-12.26,Фьючерсный контракт UTRY-12.26,49.44,4,0.00010,2026-12-17,2026-12-17,TR,UTRY-12.26,UTRY,0,1000,31871.39,56.13530,42.74470,0.17854,49.44,0,2026-09-08 07:00:01,4.07,2.04,1.36,1.36,49.44000
TSLAF,RFUD,TSLAF,TSLAF,354.1,1,0.10000,2100-01-01,2100-01-01,TS,TSLAF,TSLAF,,1,7026.18,389.50000,318.70000,8.61909,354.1,,2026-09-08 07:00:01,7.83,3.92,3.49,0.00,354.10000
TSU6,RFUD,TSM-9.26,Фьючерсный контракт TSM-9.26,420.4,1,0.10000,2026-09-18,2026-09-18,TS,TSM-9.26,TSM,1000,1,8833.63,464.80000,376.00000,8.61909,420.4,435.4,2026-09-08 07:00:01,7.18,3.59,2.40,2.39,420.40000
TSZ6,RFUD,TSM-12.26,Фьючерсный контракт TSM-12.26,435.6,1,0.10000,2026-12-18,2026-12-18,TS,TSM-12.26,TSM,82,1,9256.63,481.50000,389.70000,8.61909,435.6,435.6,2026-09-08 07:00:01,7.43,3.72,2.47,2.48,435.60000
TTU6,RFUD,TATN-9.26,Фьючерсный контракт TATN-9.26,59577,0,1.00000,2026-09-17,2026-09-18,TT,TATN-9.26,TATN,9398,100,10285.75,64705.00000,54449.00000,1.00000,59577,59438,2026-09-08 07:00:01,11.79,5.90,3.93,0.00,59577.00000
TTZ6,RFUD,TATN-12.26,Фьючерсный контракт TATN-12.26,58508,0,1.00000,2026-12-17,2026-12-18,TT,TATN-12.26,TATN,5746,100,11412.73,64112.00000,52904.00000,1.00000,58508,58210,2026-09-08 07:00:01,11.58,5.79,3.86,0.00,58508.00000
TXU6,RFUD,TRX-9.26,Фьючерсный контракт TRX-9.26,0.3349,4,0.00010,2026-09-25,2026-09-25,TX,TRX-9.26,TRX,2486,1,1007.94,0.38560,0.28420,0.86191,0.3349,0.3358,2026-09-08 07:00:01,1.15,0.58,0.58,0.19,0.33490
TXV6,RFUD,TRX-10.26,Фьючерсный контракт TRX-10.26,0.336,4,0.00010,2026-10-30,2026-10-30,TX,TRX-10.26,TRX,386,1,1033.00,0.38760,0.28440,0.86191,0.336,0.3357,2026-09-08 07:00:01,1.16,0.58,0.58,0.19,0.33600
TXX6,RFUD,TRX-11.26,Фьючерсный контракт TRX-11.26,0.337,4,0.00010,2026-11-27,2026-11-27,TX,TRX-11.26,TRX,184,1,1034.04,0.38870,0.28530,0.86191,0.337,0,2026-09-08 07:00:01,1.16,0.58,0.58,0.19,0.33700
TYH7,RFUD,TRY-3.27,Фьючерсный контракт TRY-3.27,1.641,3,0.00100,2027-03-18,2027-03-18,TY,TRY-3.27,TRY,0,1000,570.06,2.06200,1.22000,1.00000,1.641,0,2026-09-08 07:00:01,0.07,0.04,0.02,0.03,1.64100
TYU6,RFUD,TRY-9.26,Фьючерсный контракт TRY-9.26,1.7,3,0.00100,2026-09-17,2026-09-17,TY,TRY-9.26,TRY,1958,1000,541.14,2.10400,1.29600,1.00000,1.7,1.694,2026-09-08 07:00:01,0.08,0.04,0.03,0.03,1.70000
TYZ6,RFUD,TRY-12.26,Фьючерсный контракт TRY-12.26,1.641,3,0.00100,2026-12-17,2026-12-17,TY,TRY-12.26,TRY,646,1000,580.47,2.06700,1.21500,1.00000,1.641,1.64,2026-09-08 07:00:01,0.07,0.04,0.02,0.03,1.64100
UCH7,RFUD,UCNY-3.27,Фьючерсный контракт UCNY-3.27,6.677,3,0.00100,2027-03-18,2027-03-18,UC,UCNY-3.27,UCNY,38,1000,9356.34,7.14400,6.21000,12.89410,6.677,6.684,2026-09-08 07:00:01,3.98,1.99,1.32,1.33,6.67700
UCM7,RFUD,UCNY-6.27,Фьючерсный контракт UCNY-6.27,6.651,3,0.00100,2027-06-17,2027-06-17,UC,UCNY-6.27,UCNY,38,1000,10026.35,7.14900,6.15300,12.89410,6.651,0,2026-09-08 07:00:01,3.97,1.99,1.32,1.32,6.65100
UCU6,RFUD,UCNY-9.26,Фьючерсный контракт UCNY-9.26,6.7,3,0.00100,2026-09-17,2026-09-17,UC,UCNY-9.26,UCNY,111954,1000,8053.81,7.10600,6.29400,12.89410,6.7,6.697,2026-09-08 07:00:01,3.99,2.00,1.33,1.33,6.70000
UCU7,RFUD,UCNY-9.27,Фьючерсный контракт UCNY-9.27,6.077,3,0.00100,2027-09-16,2027-09-16,UC,UCNY-9.27,UCNY,0,1000,10485.41,6.59500,5.55900,12.89410,6.077,0,2026-09-08 07:00:01,3.62,1.81,1.20,1.21,6.07700
UCZ6,RFUD,UCNY-12.26,Фьючерсный контракт UCNY-12.26,6.67,3,0.00100,2026-12-17,2026-12-17,UC,UCNY-12.26,UCNY,129666,1000,8813.39,7.11200,6.22800,12.89410,6.67,6.669,2026-09-08 07:00:01,3.97,1.99,1.32,1.32,6.67000
UMU6,RFUD,USDM-9.26,Фьючерсный контракт USDM-9.26,86.69,2,0.01000,2026-09-17,2026-09-17,UM,USDM-9.26,USDM,11948,100,1315.12,93.91000,79.47000,1.00000,86.69,86.82,2026-09-08 07:00:01,0.40,0.20,0.14,0.13,86.69000
UMZ6,RFUD,USDM-12.26,Фьючерсный контракт USDM-12.26,87.8,2,0.01000,2026-12-17,2026-12-17,UM,USDM-12.26,USDM,3940,100,1382.00,95.34000,80.26000,1.00000,87.8,87.97,2026-09-08 07:00:01,0.40,0.20,0.14,0.14,87.80000
UNU6,RFUD,UPRO-9.26,Фьючерсный контракт UPRO-9.26,10422,0,1.00000,2026-09-17,2026-09-18,UN,UPRO-9.26,UPRO,9326,10000,2110.29,11474.00000,9370.00000,1.00000,10422,10420,2026-09-08 07:00:01,2.07,1.04,0.69,0.00,10422.00000
UNZ6,RFUD,UPRO-12.26,Фьючерсный контракт UPRO-12.26,10790,0,1.00000,2026-12-17,2026-12-18,UN,UPRO-12.26,UPRO,2688,10000,2323.21,11930.00000,9650.00000,1.00000,10790,10794,2026-09-08 07:00:01,2.14,1.07,0.71,0.00,10790.00000
USDRUBF,RFUD,USDRUBF,USDRUBF,86.19,2,0.01000,2100-01-01,2100-01-01,US,USDRUBF,USDRUBTOM,1014628,1000,12944.93,93.30000,79.08000,10.00000,86.19,86.74,2026-09-08 07:00:01,3.98,1.99,1.32,86.19,86.19000
UTH7,RFUD,UKZT-3.27,Фьючерсный контракт UKZT-3.27,521.5,1,0.10000,2027-03-18,2027-03-18,UT,UKZT-3.27,UKZT,0,1000,18451.66,566.40000,476.60000,19.39000,521.5,0,2026-09-08 07:00:01,4.67,2.34,1.55,1.56,521.50000
UTU6,RFUD,UKZT-9.26,Фьючерсный контракт UKZT-9.26,499.3,1,0.10000,2026-09-17,2026-09-17,UT,UKZT-9.26,UKZT,0,1000,16890.03,540.80000,457.80000,19.39000,499.3,0,2026-09-08 07:00:01,4.47,2.24,1.49,1.49,499.30000
UTZ6,RFUD,UKZT-12.26,Фьючерсный контракт UKZT-12.26,510.4,1,0.10000,2026-12-17,2026-12-17,UT,UKZT-12.26,UKZT,0,1000,17757.57,553.80000,467.00000,19.39000,510.4,0,2026-09-08 07:00:01,4.57,2.29,1.53,1.52,510.40000
VBU6,RFUD,VTBR-9.26,Фьючерсный контракт VTBR-9.26,5287,0,1.00000,2026-09-17,2026-09-18,VB,VTBR-9.26,VTBR,852504,100,911.50,5741.00000,4833.00000,1.00000,5287,5295,2026-09-08 07:00:01,1.04,0.52,0.35,0.00,5287.00000
VBZ6,RFUD,VTBR-12.26,Фьючерсный контракт VTBR-12.26,5472,0,1.00000,2026-12-17,2026-12-18,VB,VTBR-12.26,VTBR,363574,100,1016.87,5971.00000,4973.00000,1.00000,5472,5476,2026-09-08 07:00:01,1.08,0.54,0.36,0.00,5472.00000
VIU6,RFUD,RVI-9.26,Фьючерсный контракт RVI-9.26,39.95,2,0.05000,2026-09-17,2026-09-17,VI,RVI-9.26,RVI,2890,1,2773.20,46.90000,33.00000,8.61909,39.95,39.55,2026-09-08 07:00:01,0.45,0.23,0.15,0.15,39.95000
VIV6,RFUD,RVI-10.26,Фьючерсный контракт RVI-10.26,39.55,2,0.05000,2026-10-15,2026-10-15,VI,RVI-10.26,RVI,292,1,2942.11,46.55000,32.55000,8.61909,39.55,39.9,2026-09-08 07:00:01,0.45,0.23,0.15,0.15,39.55000
VIX6,RFUD,RVI-11.26,Фьючерсный контракт RVI-11.26,39.95,2,0.05000,2026-11-19,2026-11-19,VI,RVI-11.26,RVI,0,1,2782.43,46.95000,32.95000,8.61909,39.95,0,2026-09-08 07:00:01,0.45,0.23,0.15,0.15,39.95000
VKU6,RFUD,VKCO-9.26,Фьючерсный контракт VKCO-9.26,1218,0,1.00000,2026-09-17,2026-09-18,VK,VKCO-9.26,VKCO,390496,10,355.94,1395.00000,1041.00000,1.00000,1218,1211,2026-09-08 07:00:01,0.24,0.12,0.08,0.00,1218.00000
VKZ6,RFUD,VKCO-12.26,Фьючерсный контракт VKCO-12.26,1262,0,1.00000,2026-12-17,2026-12-18,VK,VKCO-12.26,VKCO,101990,10,382.63,1449.00000,1075.00000,1.00000,1262,1250,2026-09-08 07:00:01,0.25,0.13,0.09,0.00,1262.00000
W4F7,RFUD,WHEAT-1.27,Фьючерсный контракт WHEAT-1.27,17170,0,10.00000,2027-01-29,2027-01-29,W4,WHEAT-1.27,WHEAT,5854,1,1727.76,18010.00000,16330.00000,10.00000,17170,17190,2026-09-08 07:00:01,2.26,1.13,0.75,0.76,17170.00000
W4G7,RFUD,WHEAT-2.27,Фьючерсный контракт WHEAT-2.27,18060,0,10.00000,2027-02-26,2027-02-26,W4,WHEAT-2.27,WHEAT,5146,1,1819.07,18940.00000,17180.00000,10.00000,18060,18040,2026-09-08 07:00:01,2.38,1.19,0.80,0.79,18060.00000
W4H7,RFUD,WHEAT-3.27,Фьючерсный контракт WHEAT-3.27,19110,0,10.00000,2027-03-31,2027-03-31,W4,WHEAT-3.27,WHEAT,662,1,1890.95,20030.00000,18190.00000,10.00000,19110,19130,2026-09-08 07:00:01,2.52,1.26,0.84,0.84,19110.00000
W4J7,RFUD,WHEAT-4.27,Фьючерсный контракт WHEAT-4.27,19900,0,10.00000,2027-04-30,2027-04-30,W4,WHEAT-4.27,WHEAT,430,1,1920.24,20830.00000,18970.00000,10.00000,19900,19810,2026-09-08 07:00:01,2.63,1.32,0.87,0.88,19900.00000
W4K7,RFUD,WHEAT-5.27,Фьючерсный контракт WHEAT-5.27,20500,0,10.00000,2027-05-31,2027-05-31,W4,WHEAT-5.27,WHEAT,832,1,1918.25,21430.00000,19570.00000,10.00000,20500,20200,2026-09-08 07:00:01,2.71,1.36,0.90,0.90,20500.00000
W4M7,RFUD,WHEAT-6.27,Фьючерсный контракт WHEAT-6.27,20680,0,10.00000,2027-06-30,2027-06-30,W4,WHEAT-6.27,WHEAT,978,1,1931.71,21620.00000,19740.00000,10.00000,20680,20250,2026-09-08 07:00:01,2.73,1.37,0.91,0.91,20680.00000
W4N7,RFUD,WHEAT-7.27,Фьючерсный контракт WHEAT-7.27,20490,0,10.00000,2027-07-30,2027-07-30,W4,WHEAT-7.27,WHEAT,464,1,1931.70,21430.00000,19550.00000,10.00000,20490,20490,2026-09-08 07:00:01,2.71,1.36,0.90,0.90,20490.00000
W4Q7,RFUD,WHEAT-8.27,Фьючерсный контракт WHEAT-8.27,20030,0,10.00000,2027-08-31,2027-08-31,W4,WHEAT-8.27,WHEAT,18,1,1911.00,20960.00000,19100.00000,10.00000,20030,20030,2026-09-08 07:00:01,2.64,1.32,0.88,0.88,20030.00000
W4U6,RFUD,WHEAT-9.26,Фьючерсный контракт WHEAT-9.26,12590,0,10.00000,2026-09-30,2026-09-30,W4,WHEAT-9.26,WHEAT,51506,1,1342.73,13250.00000,11930.00000,10.00000,12590,12620,2026-09-08 07:00:01,1.67,0.84,0.56,0.55,12590.00000
W4V6,RFUD,WHEAT-10.26,Фьючерсный контракт WHEAT-10.26,13940,0,10.00000,2026-10-30,2026-10-30,W4,WHEAT-10.26,WHEAT,20054,1,1477.09,14660.00000,13220.00000,10.00000,13940,13990,2026-09-08 07:00:01,1.84,0.92,0.61,0.61,13940.00000
W4X6,RFUD,WHEAT-11.26,Фьючерсный контракт WHEAT-11.26,15060,0,10.00000,2026-11-30,2026-11-30,W4,WHEAT-11.26,WHEAT,7524,1,1547.26,15820.00000,14300.00000,10.00000,15060,15110,2026-09-08 07:00:01,1.98,0.99,0.66,0.66,15060.00000
W4Z6,RFUD,WHEAT-12.26,Фьючерсный контракт WHEAT-12.26,16060,0,10.00000,2026-12-30,2026-12-30,W4,WHEAT-12.26,WHEAT,5916,1,1624.43,16850.00000,15270.00000,10.00000,16060,16110,2026-09-08 07:00:01,2.12,1.06,0.71,0.71,16060.00000
WTF7,RFUD,WTI-1.27,Фьючерсный контракт WTI-1.27,86.45,2,0.01000,2027-01-20,2027-01-20,WT,WTI-1.27,WTI,20,10,21903.59,100.71000,72.19000,8.61909,86.45,86.45,2026-09-08 07:00:01,9.84,4.92,3.28,3.28,86.45000
WTG7,RFUD,WTI-2.27,Фьючерсный контракт WTI-2.27,84.9,2,0.01000,2027-02-22,2027-02-22,WT,WTI-2.27,WTI,16,10,22313.61,99.37000,70.43000,8.61909,84.9,84.9,2026-09-08 07:00:01,9.66,4.83,3.22,3.22,84.90000
WTU6,RFUD,WTI-9.26,Фьючерсный контракт WTI-9.26,93.02,2,0.01000,2026-09-22,2026-09-22,WT,WTI-9.26,WTI,920,10,19790.95,106.14000,79.90000,8.61909,93.02,92.65,2026-09-08 07:00:01,10.59,5.30,3.53,3.53,93.02000
WTV6,RFUD,WTI-10.26,Фьючерсный контракт WTI-10.26,89.85,2,0.01000,2026-10-20,2026-10-20,WT,WTI-10.26,WTI,14,10,20617.00,103.42000,76.28000,8.61909,89.85,89.85,2026-09-08 07:00:01,10.22,5.11,3.41,3.41,89.85000
WTX6,RFUD,WTI-11.26,Фьючерсный контракт WTI-11.26,87,2,0.01000,2026-11-20,2026-11-20,WT,WTI-11.26,WTI,36,10,21215.67,100.89000,73.11000,8.61909,87,87,2026-09-08 07:00:01,9.90,4.95,3.30,3.30,87.00000
WTZ6,RFUD,WTI-12.26,Фьючерсный контракт WTI-12.26,86.85,2,0.01000,2026-12-21,2026-12-21,WT,WTI-12.26,WTI,0,10,21438.83,100.86000,72.84000,8.61909,86.85,0,2026-09-08 07:00:01,9.88,4.94,3.29,3.29,86.85000
WUU6,RFUD,WUSH-9.26,Фьючерсный контракт WUSH-9.26,423,0,1.00000,2026-09-17,2026-09-18,WU,WUSH-9.26,WUSH,590558,10,211.99,528.00000,318.00000,1.00000,423,427,2026-09-08 07:00:01,0.09,0.05,0.03,0.00,423.00000
WUZ6,RFUD,WUSH-12.26,Фьючерсный контракт WUSH-12.26,438,0,1.00000,2026-12-17,2026-12-18,WU,WUSH-12.26,WUSH,76692,10,222.71,547.00000,329.00000,1.00000,438,442,2026-09-08 07:00:01,0.09,0.05,0.03,0.00,438.00000
X5U6,RFUD,X5-9.26,Фьючерсный контракт X5-9.26,1823,0,1.00000,2026-09-17,2026-09-18,X5,X5-9.26,X5,943560,1,314.23,1979.00000,1667.00000,1.00000,1823,1822,2026-09-08 07:00:01,0.36,0.18,0.12,0.00,1823.00000
X5Z6,RFUD,X5-12.26,Фьючерсный контракт X5-12.26,1889,0,1.00000,2026-12-17,2026-12-18,X5,X5-12.26,X5,134566,1,350.61,2061.00000,1717.00000,1.00000,1889,1887,2026-09-08 07:00:01,0.38,0.19,0.12,0.00,1889.00000
XIU6,RFUD,XIA-9.26,Фьючерсный контракт XIA-9.26,27.63,2,0.01000,2026-09-18,2026-09-18,XI,XIA-9.26,XIA,1008,100,4955.36,29.58000,25.68000,10.99230,27.63,27.78,2026-09-08 07:00:01,6.02,3.01,2.00,2.00,27.63000
XIZ6,RFUD,XIA-12.26,Фьючерсный контракт XIA-12.26,28.58,2,0.01000,2026-12-18,2026-12-18,XI,XIA-12.26,XIA,86,100,5224.78,30.63000,26.53000,10.99230,28.58,28.58,2026-09-08 07:00:01,6.22,3.11,2.07,2.07,28.58000
XRU6,RFUD,XRP-9.26,Фьючерсный контракт XRP-9.26,1.4006,4,0.00010,2026-09-25,2026-09-25,XR,XRP-9.26,XRP,12212,1,6025.12,1.70360,1.09760,0.86191,1.4006,1.4153,2026-09-08 07:00:01,4.83,2.42,2.42,0.80,1.40060
XRV6,RFUD,XRP-10.26,Фьючерсный контракт XRP-10.26,1.4159,4,0.00010,2026-10-30,2026-10-30,XR,XRP-10.26,XRP,330,1,6141.29,1.72300,1.10880,0.86191,1.4159,1.43,2026-09-08 07:00:01,4.88,2.44,2.44,0.81,1.41590
XRX6,RFUD,XRP-11.26,Фьючерсный контракт XRP-11.26,1.4657,4,0.00010,2026-11-27,2026-11-27,XR,XRP-11.26,XRP,70,1,6150.06,1.77320,1.15820,0.86191,1.4657,1.4657,2026-09-08 07:00:01,5.06,2.53,2.52,0.83,1.46570
YDU6,RFUD,YDEX-9.26,Фьючерсный контракт YDEX-9.26,3887,0,1.00000,2026-09-17,2026-09-18,YD,YDEX-9.26,YDEX,539406,1,669.99,4221.00000,3553.00000,1.00000,3887,3882,2026-09-08 07:00:01,0.77,0.39,0.26,0.00,3887.00000
YDZ6,RFUD,YDEX-12.26,Фьючерсный контракт YDEX-12.26,3913,0,1.00000,2026-12-17,2026-12-18,YD,YDEX-12.26,YDEX,77406,1,756.94,4279.00000,3547.00000,1.00000,3913,3909,2026-09-08 07:00:01,0.78,0.39,0.26,0.00,3913.00000
ZCH7,RFUD,ZINC-3.27,Фьючерсный контракт ZINC-3.27,4044.5,1,0.50000,2027-03-16,2027-03-16,ZC,ZINC-3.27,ZINC,2,100,4987.41,4291.00000,3798.00000,4.30955,4044.5,3919,2026-09-08 07:00:01,4.61,2.31,1.53,1.53,4044.50000
ZCU6,RFUD,ZINC-9.26,Фьючерсный контракт ZINC-9.26,4111,1,0.50000,2026-09-15,2026-09-15,ZC,ZINC-9.26,ZINC,1890,100,4126.42,4318.50000,3903.50000,4.30955,4111,4139.5,2026-09-08 07:00:01,4.68,2.34,1.56,1.56,4111.00000
ZCZ6,RFUD,ZINC-12.26,Фьючерсный контракт ZINC-12.26,4077,1,0.50000,2026-12-15,2026-12-15,ZC,ZINC-12.26,ZINC,536,100,4775.69,4314.00000,3840.00000,4.30955,4077,4050,2026-09-08 07:00:01,4.64,2.32,1.55,1.55,4077.00000
