Date,cl_period,BC,KEY_PERIOD,IR,VR,VVR,VR_SPOT,VVR_SPOT,r,R_SPOT,IR_SPOT,R2_SPOT,IR2_SPOT
2026-09-08,CL,1MFR,1D,,,,,,0.0,0.1484530082115867,,0.1484530082115867,
2026-09-08,CL,1MFR,1W,,,,,,0.0,0.14845300821148477,,0.14845300821148477,
2026-09-08,CL,1MFR,2W,,,,,,0.0,0.1482730100886176,,0.1482730100886176,
2026-09-08,CL,1MFR,1M,,,,,,0.0,0.14797394144390807,,0.14797394144390807,
2026-09-08,CL,1MFR,2M,,,,,,0.0,0.14765365092773863,,0.14765365092773863,
2026-09-08,CL,1MFR,3M,,,,,,0.0,0.1475453167697678,,0.1475453167697678,
2026-09-08,CL,1MFR,6M,,,,,,0.0,0.1452012583667024,,0.1452012583667024,
2026-09-08,CL,1MFR,9M,,,,,,0.0,0.14451318545177405,,0.14451318545177405,
2026-09-08,CL,1MFR,1Y,,,,,,0.0,0.14273012189486312,,0.14273012189486312,
2026-09-08,CL,1MFR,2Y,,,,,,0.0,0.14457416799638012,,0.14457416799638012,
2026-09-08,CL,1MFR,3Y,,,,,,0.0,0.14569985399827368,,0.14569985399827368,
2026-09-08,CL,1MFR,4Y,,,,,,0.0,0.14878914406388533,,0.14878914406388533,
2026-09-08,CL,1MFR,5Y,,,,,,0.0,0.14986985083307536,,0.14986985083307536,
2026-09-08,CL,1MFR,6Y,,,,,,0.0,0.15202095876873223,,0.15202095876873223,
2026-09-08,CL,1MFR,7Y,,,,,,0.0,0.15180475313490294,,0.15180475313490294,
2026-09-08,CL,1MFR,8Y,,,,,,0.0,0.15217567361806195,,0.15217567361806195,
2026-09-08,CL,1MFR,9Y,,,,,,0.0,0.15260861338183807,,0.15260861338183807,
2026-09-08,CL,1MFR,10Y,,,,,,0.0,0.15285211490657002,,0.15285211490657002,
2026-09-08,CL,AED,1D,,,,,,0.08784644243718033,0.1484530082115867,,0.06060656577440636,
2026-09-08,CL,AED,1W,,,,,,0.08784644243718033,0.14845300821148477,,0.06060656577430444,
2026-09-08,CL,AED,2W,,,,,,0.08784644243718033,0.1482730100886176,,0.060426567651437266,
2026-09-08,CL,AED,1M,,,,,,0.08784644243718033,0.14797394144390807,,0.060127499006727744,
2026-09-08,CL,AED,2M,,,,,,0.08784644243718033,0.14765365092773863,,0.0598072084905583,
2026-09-08,CL,AED,3M,,,,,,0.08784644243718033,0.1475453167697678,,0.05969887433258746,
2026-09-08,CL,AED,6M,,,,,,0.08780195156882112,0.1452012583667024,,0.05739930679788127,
2026-09-08,CL,AED,9M,,,,,,0.08780095177402653,0.14451318545177405,,0.056712233677747526,
2026-09-08,CL,AED,1Y,,,,,,0.08780095177402653,0.14273012189486312,,0.05492917012083659,
2026-09-08,CL,AED,2Y,,,,,,0.08780095177402653,0.14457416799638012,,0.056773216222353595,
2026-09-08,CL,AED,3Y,,,,,,0.08780095177402653,0.14569985399827368,,0.05789890222424715,
2026-09-08,CL,AED,4Y,,,,,,0.08780095177402653,0.14878914406388533,,0.0609881922898588,
2026-09-08,CL,AED,5Y,,,,,,0.08780095177402653,0.14986985083307536,,0.06206889905904883,
2026-09-08,CL,AED,6Y,,,,,,0.08780095177402653,0.15202095876873223,,0.0642200069947057,
2026-09-08,CL,AED,7Y,,,,,,0.08780095177402653,0.15180475313490294,,0.06400380136087641,
2026-09-08,CL,AED,8Y,,,,,,0.08780095177402653,0.15217567361806195,,0.06437472184403542,
2026-09-08,CL,AED,9Y,,,,,,0.08780095177402653,0.15260861338183807,,0.06480766160781154,
2026-09-08,CL,AED,10Y,,,,,,0.08780095177402653,0.15285211490657002,,0.0650511631325435,
2026-09-08,CL,AFKS,1D,,,,,,0.10904131358154048,0.1484530082115867,,0.03941169463004621,
2026-09-08,CL,AFKS,1W,,,,,,0.10904131358154048,0.14845300821148477,,0.03941169462994429,
2026-09-08,CL,AFKS,2W,,,,,,0.10955135347339112,0.1482730100886176,,0.038721656615226474,
2026-09-08,CL,AFKS,1M,,,,,,0.11118348112731316,0.14797394144390807,,0.036790460316594914,
2026-09-08,CL,AFKS,2M,,,,,,0.114243720478417,0.14765365092773863,,0.03340993044932164,
2026-09-08,CL,AFKS,3M,,,,,,0.11730395982952083,0.1475453167697678,,0.03024135694024696,
2026-09-08,CL,AFKS,6M,,,,,,0.1183240396132221,0.1452012583667024,,0.026877218753480286,
2026-09-08,CL,AFKS,9M,,,,,,0.1183240396132221,0.14451318545177405,,0.026189145838551947,
2026-09-08,CL,AFKS,1Y,,,,,,0.1183240396132221,0.14273012189486312,,0.02440608228164101,
2026-09-08,CL,AFKS,2Y,,,,,,0.1183240396132221,0.14457416799638012,,0.026250128383158017,
2026-09-08,CL,AFKS,3Y,,,,,,0.1183240396132221,0.14569985399827368,,0.027375814385051572,
2026-09-08,CL,AFKS,4Y,,,,,,0.1183240396132221,0.14878914406388533,,0.030465104450663222,
2026-09-08,CL,AFKS,5Y,,,,,,0.1183240396132221,0.14986985083307536,,0.031545811219853254,
2026-09-08,CL,AFKS,6Y,,,,,,0.1183240396132221,0.15202095876873223,,0.033696919155510124,
2026-09-08,CL,AFKS,7Y,,,,,,0.1183240396132221,0.15180475313490294,,0.03348071352168083,
2026-09-08,CL,AFKS,8Y,,,,,,0.1183240396132221,0.15217567361806195,,0.03385163400483984,
2026-09-08,CL,AFKS,9Y,,,,,,0.1183240396132221,0.15260861338183807,,0.03428457376861596,
2026-09-08,CL,AFKS,10Y,,,,,,0.1183240396132221,0.15285211490657002,,0.03452807529334792,
2026-09-08,CL,AFLT,1D,,,,,,0.09751866569624817,0.1484530082115867,,0.050934342515338515,
2026-09-08,CL,AFLT,1W,,,,,,0.09751866569624817,0.14845300821148477,,0.0509343425152366,
2026-09-08,CL,AFLT,2W,,,,,,0.09746114763260601,0.1482730100886176,,0.05081186245601159,
2026-09-08,CL,AFLT,1M,,,,,,0.09727708982895106,0.14797394144390807,,0.05069685161495702,
2026-09-08,CL,AFLT,2M,,,,,,0.09693198144709804,0.14765365092773863,,0.050721669480640594,
2026-09-08,CL,AFLT,3M,,,,,,0.09658687306524501,0.1475453167697678,,0.05095844370452278,
2026-09-08,CL,AFLT,6M,,,,,,0.09647183693796067,0.1452012583667024,,0.04872942142874172,
2026-09-08,CL,AFLT,9M,,,,,,0.09647183693796067,0.14451318545177405,,0.04804134851381338,
2026-09-08,CL,AFLT,1Y,,,,,,0.09647183693796067,0.14273012189486312,,0.04625828495690244,
2026-09-08,CL,AFLT,2Y,,,,,,0.09647183693796067,0.14457416799638012,,0.04810233105841945,
2026-09-08,CL,AFLT,3Y,,,,,,0.09647183693796067,0.14569985399827368,,0.049228017060313004,
2026-09-08,CL,AFLT,4Y,,,,,,0.09647183693796067,0.14878914406388533,,0.05231730712592465,
2026-09-08,CL,AFLT,5Y,,,,,,0.09647183693796067,0.14986985083307536,,0.053398013895114685,
2026-09-08,CL,AFLT,6Y,,,,,,0.09647183693796067,0.15202095876873223,,0.055549121830771556,
2026-09-08,CL,AFLT,7Y,,,,,,0.09647183693796067,0.15180475313490294,,0.055332916196942264,
2026-09-08,CL,AFLT,8Y,,,,,,0.09647183693796067,0.15217567361806195,,0.055703836680101274,
2026-09-08,CL,AFLT,9Y,,,,,,0.09647183693796067,0.15260861338183807,,0.05613677644387739,
2026-09-08,CL,AFLT,10Y,,,,,,0.09647183693796067,0.15285211490657002,,0.05638027796860935,
2026-09-08,CL,AFRICA,1D,,,,,,0.02992657193827797,0.1484530082115867,,0.11852643627330872,
2026-09-08,CL,AFRICA,1W,,,,,,0.02992657193827797,0.14845300821148477,,0.1185264362732068,
2026-09-08,CL,AFRICA,2W,,,,,,0.02992657193827797,0.1482730100886176,,0.11834643815033963,
2026-09-08,CL,AFRICA,1M,,,,,,0.02992657193827797,0.14797394144390807,,0.1180473695056301,
2026-09-08,CL,AFRICA,2M,,,,,,0.02992657193827797,0.14765365092773863,,0.11772707898946067,
2026-09-08,CL,AFRICA,3M,,,,,,0.02992657193827797,0.1475453167697678,,0.11761874483148982,
2026-09-08,CL,AFRICA,6M,,,,,,0.02992657193827797,0.1452012583667024,,0.11527468642842442,
2026-09-08,CL,AFRICA,9M,,,,,,0.02992657193827797,0.14451318545177405,,0.11458661351349608,
2026-09-08,CL,AFRICA,1Y,,,,,,0.02992657193827797,0.14273012189486312,,0.11280354995658515,
2026-09-08,CL,AFRICA,2Y,,,,,,0.02992657193827797,0.14457416799638012,,0.11464759605810215,
2026-09-08,CL,AFRICA,3Y,,,,,,0.02992657193827797,0.14569985399827368,,0.11577328205999571,
2026-09-08,CL,AFRICA,4Y,,,,,,0.02992657193827797,0.14878914406388533,,0.11886257212560736,
2026-09-08,CL,AFRICA,5Y,,,,,,0.02992657193827797,0.14986985083307536,,0.11994327889479739,
2026-09-08,CL,AFRICA,6Y,,,,,,0.02992657193827797,0.15202095876873223,,0.12209438683045426,
2026-09-08,CL,AFRICA,7Y,,,,,,0.02992657193827797,0.15180475313490294,,0.12187818119662497,
2026-09-08,CL,AFRICA,8Y,,,,,,0.02992657193827797,0.15217567361806195,,0.12224910167978398,
2026-09-08,CL,AFRICA,9Y,,,,,,0.02992657193827797,0.15260861338183807,,0.1226820414435601,
2026-09-08,CL,AFRICA,10Y,,,,,,0.02992657193827797,0.15285211490657002,,0.12292554296829206,
2026-09-08,CL,AI92,1D,,,,,,-0.11053725250708873,0.1484530082115867,,0.2589902607186754,
2026-09-08,CL,AI92,1W,,,,,,-0.11053725250708873,0.14845300821148477,,0.2589902607185735,
2026-09-08,CL,AI92,2W,,,,,,-0.11053725250708873,0.1482730100886176,,0.25881026259570633,
2026-09-08,CL,AI92,1M,,,,,,-0.11053725250708873,0.14797394144390807,,0.2585111939509968,
2026-09-08,CL,AI92,2M,,,,,,0.04887103491905784,0.14765365092773863,,0.0987826160086808,
2026-09-08,CL,AI92,3M,,,,,,0.04887103491905784,0.1475453167697678,,0.09867428185070995,
2026-09-08,CL,AI92,6M,,,,,,0.04887103491905784,0.1452012583667024,,0.09633022344764455,
2026-09-08,CL,AI92,9M,,,,,,0.04887103491905784,0.14451318545177405,,0.09564215053271621,
2026-09-08,CL,AI92,1Y,,,,,,0.04887103491905784,0.14273012189486312,,0.09385908697580528,
2026-09-08,CL,AI92,2Y,,,,,,0.04887103491905784,0.14457416799638012,,0.09570313307732228,
2026-09-08,CL,AI92,3Y,,,,,,0.04887103491905784,0.14569985399827368,,0.09682881907921584,
2026-09-08,CL,AI92,4Y,,,,,,0.04887103491905784,0.14878914406388533,,0.09991810914482749,
2026-09-08,CL,AI92,5Y,,,,,,0.04887103491905784,0.14986985083307536,,0.10099881591401752,
2026-09-08,CL,AI92,6Y,,,,,,0.04887103491905784,0.15202095876873223,,0.10314992384967439,
2026-09-08,CL,AI92,7Y,,,,,,0.04887103491905784,0.15180475313490294,,0.1029337182158451,
2026-09-08,CL,AI92,8Y,,,,,,0.04887103491905784,0.15217567361806195,,0.10330463869900411,
2026-09-08,CL,AI92,9Y,,,,,,0.04887103491905784,0.15260861338183807,,0.10373757846278023,
2026-09-08,CL,AI92,10Y,,,,,,0.04887103491905784,0.15285211490657002,,0.10398107998751219,
2026-09-08,CL,AI95,1D,,,,,,0.2294162512144711,0.1484530082115867,,-0.0809632430028844,
2026-09-08,CL,AI95,1W,,,,,,0.2294162512144711,0.14845300821148477,,-0.08096324300298632,
2026-09-08,CL,AI95,2W,,,,,,0.2294162512144711,0.1482730100886176,,-0.0811432411258535,
2026-09-08,CL,AI95,1M,,,,,,0.2294162512144711,0.14797394144390807,,-0.08144230977056302,
2026-09-08,CL,AI95,2M,,,,,,0.0040875063779484775,0.14765365092773863,,0.14356614454979016,
2026-09-08,CL,AI95,3M,,,,,,0.0040875063779484775,0.1475453167697678,,0.14345781039181932,
2026-09-08,CL,AI95,6M,,,,,,0.0040875063779484775,0.1452012583667024,,0.14111375198875392,
2026-09-08,CL,AI95,9M,,,,,,0.0040875063779484775,0.14451318545177405,,0.14042567907382558,
2026-09-08,CL,AI95,1Y,,,,,,0.0040875063779484775,0.14273012189486312,,0.13864261551691465,
2026-09-08,CL,AI95,2Y,,,,,,0.0040875063779484775,0.14457416799638012,,0.14048666161843165,
2026-09-08,CL,AI95,3Y,,,,,,0.0040875063779484775,0.14569985399827368,,0.1416123476203252,
2026-09-08,CL,AI95,4Y,,,,,,0.0040875063779484775,0.14878914406388533,,0.14470163768593686,
2026-09-08,CL,AI95,5Y,,,,,,0.0040875063779484775,0.14986985083307536,,0.1457823444551269,
2026-09-08,CL,AI95,6Y,,,,,,0.0040875063779484775,0.15202095876873223,,0.14793345239078376,
2026-09-08,CL,AI95,7Y,,,,,,0.0040875063779484775,0.15180475313490294,,0.14771724675695447,
2026-09-08,CL,AI95,8Y,,,,,,0.0040875063779484775,0.15217567361806195,,0.14808816724011348,
2026-09-08,CL,AI95,9Y,,,,,,0.0040875063779484775,0.15260861338183807,,0.1485211070038896,
2026-09-08,CL,AI95,10Y,,,,,,0.0040875063779484775,0.15285211490657002,,0.14876460852862156,
2026-09-08,CL,ALIBABA,1D,,,,,,0.0872103618303741,0.1484530082115867,,0.06124264638121259,
2026-09-08,CL,ALIBABA,1W,,,,,,0.0872103618303741,0.14845300821148477,,0.06124264638111067,
2026-09-08,CL,ALIBABA,2W,,,,,,0.0872103618303741,0.1482730100886176,,0.06106264825824349,
2026-09-08,CL,ALIBABA,1M,,,,,,0.0872103618303741,0.14797394144390807,,0.06076357961353397,
2026-09-08,CL,ALIBABA,2M,,,,,,0.0872103618303741,0.14765365092773863,,0.06044328909736453,
2026-09-08,CL,ALIBABA,3M,,,,,,0.0872103618303741,0.1475453167697678,,0.060334954939393684,
2026-09-08,CL,ALIBABA,6M,,,,,,0.0872103618303741,0.1452012583667024,,0.05799089653632829,
2026-09-08,CL,ALIBABA,9M,,,,,,0.0872103618303741,0.14451318545177405,,0.05730282362139995,
2026-09-08,CL,ALIBABA,1Y,,,,,,0.0872103618303741,0.14273012189486312,,0.05551976006448901,
2026-09-08,CL,ALIBABA,2Y,,,,,,0.0872103618303741,0.14457416799638012,,0.05736380616600602,
2026-09-08,CL,ALIBABA,3Y,,,,,,0.0872103618303741,0.14569985399827368,,0.05848949216789957,
2026-09-08,CL,ALIBABA,4Y,,,,,,0.0872103618303741,0.14878914406388533,,0.06157878223351122,
2026-09-08,CL,ALIBABA,5Y,,,,,,0.0872103618303741,0.14986985083307536,,0.06265948900270125,
2026-09-08,CL,ALIBABA,6Y,,,,,,0.0872103618303741,0.15202095876873223,,0.06481059693835813,
2026-09-08,CL,ALIBABA,7Y,,,,,,0.0872103618303741,0.15180475313490294,,0.06459439130452883,
2026-09-08,CL,ALIBABA,8Y,,,,,,0.0872103618303741,0.15217567361806195,,0.06496531178768784,
2026-09-08,CL,ALIBABA,9Y,,,,,,0.0872103618303741,0.15260861338183807,,0.06539825155146396,
2026-09-08,CL,ALIBABA,10Y,,,,,,0.0872103618303741,0.15285211490657002,,0.06564175307619592,
2026-09-08,CL,ALRS,1D,,,,,,0.13691302556607143,0.1484530082115867,,0.011539982645515257,
2026-09-08,CL,ALRS,1W,,,,,,0.13691302556607143,0.14845300821148477,,0.011539982645413338,
2026-09-08,CL,ALRS,2W,,,,,,0.13671498171137997,0.1482730100886176,,0.011558028377237628,
2026-09-08,CL,ALRS,1M,,,,,,0.13608124137636735,0.14797394144390807,,0.011892700067540729,
2026-09-08,CL,ALRS,2M,,,,,,0.1348929782482186,0.14765365092773863,,0.012760672679520024,
2026-09-08,CL,ALRS,3M,,,,,,0.1337047151200699,0.1475453167697678,,0.013840601649697887,
2026-09-08,CL,ALRS,6M,,,,,,0.133308627410687,0.1452012583667024,,0.011892630956015393,
2026-09-08,CL,ALRS,9M,,,,,,0.133308627410687,0.14451318545177405,,0.011204558041087054,
2026-09-08,CL,ALRS,1Y,,,,,,0.133308627410687,0.14273012189486312,,0.009421494484176118,
2026-09-08,CL,ALRS,2Y,,,,,,0.133308627410687,0.14457416799638012,,0.011265540585693123,
2026-09-08,CL,ALRS,3Y,,,,,,0.133308627410687,0.14569985399827368,,0.012391226587586679,
2026-09-08,CL,ALRS,4Y,,,,,,0.133308627410687,0.14878914406388533,,0.015480516653198328,
2026-09-08,CL,ALRS,5Y,,,,,,0.133308627410687,0.14986985083307536,,0.01656122342238836,
2026-09-08,CL,ALRS,6Y,,,,,,0.133308627410687,0.15202095876873223,,0.01871233135804523,
2026-09-08,CL,ALRS,7Y,,,,,,0.133308627410687,0.15180475313490294,,0.01849612572421594,
2026-09-08,CL,ALRS,8Y,,,,,,0.133308627410687,0.15217567361806195,,0.01886704620737495,
2026-09-08,CL,ALRS,9Y,,,,,,0.133308627410687,0.15260861338183807,,0.019299985971151068,
2026-09-08,CL,ALRS,10Y,,,,,,0.133308627410687,0.15285211490657002,,0.019543487495883027,
2026-09-08,CL,ALUM,1D,,,,,,-0.003000216319846021,0.1484530082115867,,0.1514532245314327,
2026-09-08,CL,ALUM,1W,,,,,,-0.003000216319846021,0.14845300821148477,,0.15145322453133078,
2026-09-08,CL,ALUM,2W,,,,,,-0.003000216319846021,0.1482730100886176,,0.1512732264084636,
2026-09-08,CL,ALUM,1M,,,,,,-0.003000216319846021,0.14797394144390807,,0.15097415776375409,
2026-09-08,CL,ALUM,2M,,,,,,-0.003000216319846021,0.14765365092773863,,0.15065386724758464,
2026-09-08,CL,ALUM,3M,,,,,,-0.003000216319846021,0.1475453167697678,,0.1505455330896138,
2026-09-08,CL,ALUM,6M,,,,,,-6.59388202163963e-05,0.1452012583667024,,0.14526719718691877,
2026-09-08,CL,ALUM,9M,,,,,,0.0,0.14451318545177405,,0.14451318545177405,
2026-09-08,CL,ALUM,1Y,,,,,,0.0,0.14273012189486312,,0.14273012189486312,
2026-09-08,CL,ALUM,2Y,,,,,,0.0,0.14457416799638012,,0.14457416799638012,
2026-09-08,CL,ALUM,3Y,,,,,,0.0,0.14569985399827368,,0.14569985399827368,
2026-09-08,CL,ALUM,4Y,,,,,,0.0,0.14878914406388533,,0.14878914406388533,
2026-09-08,CL,ALUM,5Y,,,,,,0.0,0.14986985083307536,,0.14986985083307536,
2026-09-08,CL,ALUM,6Y,,,,,,0.0,0.15202095876873223,,0.15202095876873223,
2026-09-08,CL,ALUM,7Y,,,,,,0.0,0.15180475313490294,,0.15180475313490294,
2026-09-08,CL,ALUM,8Y,,,,,,0.0,0.15217567361806195,,0.15217567361806195,
2026-09-08,CL,ALUM,9Y,,,,,,0.0,0.15260861338183807,,0.15260861338183807,
2026-09-08,CL,ALUM,10Y,,,,,,0.0,0.15285211490657002,,0.15285211490657002,
2026-09-08,CL,AMD,1D,,,,,,-0.006854440308391184,0.1484530082115867,,0.15530744851997788,
2026-09-08,CL,AMD,1W,,,,,,-0.006854440308391184,0.14845300821148477,,0.15530744851987596,
2026-09-08,CL,AMD,2W,,,,,,-0.006854440308391184,0.1482730100886176,,0.1551274503970088,
2026-09-08,CL,AMD,1M,,,,,,-0.006854440308391184,0.14797394144390807,,0.15482838175229927,
2026-09-08,CL,AMD,2M,,,,,,-0.006854440308391184,0.14765365092773863,,0.15450809123612982,
2026-09-08,CL,AMD,3M,,,,,,-0.006854440308391184,0.1475453167697678,,0.15439975707815898,
2026-09-08,CL,AMD,6M,,,,,,-0.02325095079162784,0.1452012583667024,,0.16845220915833023,
2026-09-08,CL,AMD,9M,,,,,,-0.023619411701363495,0.14451318545177405,,0.16813259715313755,
2026-09-08,CL,AMD,1Y,,,,,,-0.023619411701363495,0.14273012189486312,,0.16634953359622662,
2026-09-08,CL,AMD,2Y,,,,,,-0.023619411701363495,0.14457416799638012,,0.16819357969774362,
2026-09-08,CL,AMD,3Y,,,,,,-0.023619411701363495,0.14569985399827368,,0.16931926569963718,
2026-09-08,CL,AMD,4Y,,,,,,-0.023619411701363495,0.14878914406388533,,0.17240855576524883,
2026-09-08,CL,AMD,5Y,,,,,,-0.023619411701363495,0.14986985083307536,,0.17348926253443886,
2026-09-08,CL,AMD,6Y,,,,,,-0.023619411701363495,0.15202095876873223,,0.17564037047009573,
2026-09-08,CL,AMD,7Y,,,,,,-0.023619411701363495,0.15180475313490294,,0.17542416483626644,
2026-09-08,CL,AMD,8Y,,,,,,-0.023619411701363495,0.15217567361806195,,0.17579508531942545,
2026-09-08,CL,AMD,9Y,,,,,,-0.023619411701363495,0.15260861338183807,,0.17622802508320157,
2026-09-08,CL,AMD,10Y,,,,,,-0.023619411701363495,0.15285211490657002,,0.17647152660793353,
2026-09-08,CL,AMDF,1D,,,,,,0.0003807982246122322,0.1484530082115867,,0.14807220998697446,
2026-09-08,CL,AMDF,1W,,,,,,0.0003807982246122322,0.14845300821148477,,0.14807220998687254,
2026-09-08,CL,AMDF,2W,,,,,,0.0003807982246122322,0.1482730100886176,,0.14789221186400536,
2026-09-08,CL,AMDF,1M,,,,,,0.0003807982246122322,0.14797394144390807,,0.14759314321929584,
2026-09-08,CL,AMDF,2M,,,,,,0.0003807982246122322,0.14765365092773863,,0.1472728527031264,
2026-09-08,CL,AMDF,3M,,,,,,0.0003807982246122322,0.1475453167697678,,0.14716451854515555,
2026-09-08,CL,AMDF,6M,,,,,,0.0003807982246122322,0.1452012583667024,,0.14482046014209016,
2026-09-08,CL,AMDF,9M,,,,,,0.0003807982246122322,0.14451318545177405,,0.14413238722716182,
2026-09-08,CL,AMDF,1Y,,,,,,0.0003807982246122322,0.14273012189486312,,0.14234932367025088,
2026-09-08,CL,AMDF,2Y,,,,,,0.0003807982246122322,0.14457416799638012,,0.1441933697717679,
2026-09-08,CL,AMDF,3Y,,,,,,0.0003807982246122322,0.14569985399827368,,0.14531905577366144,
2026-09-08,CL,AMDF,4Y,,,,,,0.0003807982246122322,0.14878914406388533,,0.1484083458392731,
2026-09-08,CL,AMDF,5Y,,,,,,0.0003807982246122322,0.14986985083307536,,0.14948905260846312,
2026-09-08,CL,AMDF,6Y,,,,,,0.0003807982246122322,0.15202095876873223,,0.15164016054412,
2026-09-08,CL,AMDF,7Y,,,,,,0.0003807982246122322,0.15180475313490294,,0.1514239549102907,
2026-09-08,CL,AMDF,8Y,,,,,,0.0003807982246122322,0.15217567361806195,,0.1517948753934497,
2026-09-08,CL,AMDF,9Y,,,,,,0.0003807982246122322,0.15260861338183807,,0.15222781515722583,
2026-09-08,CL,AMDF,10Y,,,,,,0.0003807982246122322,0.15285211490657002,,0.1524713166819578,
2026-09-08,CL,AMZNF,1D,,,,,,-0.0005328089318753701,0.1484530082115867,,0.14898581714346207,
2026-09-08,CL,AMZNF,1W,,,,,,-0.0005328089318753701,0.14845300821148477,,0.14898581714336015,
2026-09-08,CL,AMZNF,2W,,,,,,-0.0005328089318753701,0.1482730100886176,,0.14880581902049297,
2026-09-08,CL,AMZNF,1M,,,,,,-0.0005328089318753701,0.14797394144390807,,0.14850675037578345,
2026-09-08,CL,AMZNF,2M,,,,,,-0.0005328089318753701,0.14765365092773863,,0.148186459859614,
2026-09-08,CL,AMZNF,3M,,,,,,-0.0005328089318753701,0.1475453167697678,,0.14807812570164317,
2026-09-08,CL,AMZNF,6M,,,,,,-0.0005328089318753701,0.1452012583667024,,0.14573406729857777,
2026-09-08,CL,AMZNF,9M,,,,,,-0.0005328089318753701,0.14451318545177405,,0.14504599438364943,
2026-09-08,CL,AMZNF,1Y,,,,,,-0.0005328089318753701,0.14273012189486312,,0.1432629308267385,
2026-09-08,CL,AMZNF,2Y,,,,,,-0.0005328089318753701,0.14457416799638012,,0.1451069769282555,
2026-09-08,CL,AMZNF,3Y,,,,,,-0.0005328089318753701,0.14569985399827368,,0.14623266293014905,
2026-09-08,CL,AMZNF,4Y,,,,,,-0.0005328089318753701,0.14878914406388533,,0.1493219529957607,
2026-09-08,CL,AMZNF,5Y,,,,,,-0.0005328089318753701,0.14986985083307536,,0.15040265976495074,
2026-09-08,CL,AMZNF,6Y,,,,,,-0.0005328089318753701,0.15202095876873223,,0.1525537677006076,
2026-09-08,CL,AMZNF,7Y,,,,,,-0.0005328089318753701,0.15180475313490294,,0.15233756206677831,
2026-09-08,CL,AMZNF,8Y,,,,,,-0.0005328089318753701,0.15217567361806195,,0.15270848254993732,
2026-09-08,CL,AMZNF,9Y,,,,,,-0.0005328089318753701,0.15260861338183807,,0.15314142231371344,
2026-09-08,CL,AMZNF,10Y,,,,,,-0.0005328089318753701,0.15285211490657002,,0.1533849238384454,
2026-09-08,CL,APPF,1D,,,,,,1.700741443002592e-06,0.1484530082115867,,0.14845130747014368,
2026-09-08,CL,APPF,1W,,,,,,1.700741443002592e-06,0.14845300821148477,,0.14845130747004176,
2026-09-08,CL,APPF,2W,,,,,,1.700741443002592e-06,0.1482730100886176,,0.14827130934717458,
2026-09-08,CL,APPF,1M,,,,,,1.700741443002592e-06,0.14797394144390807,,0.14797224070246506,
2026-09-08,CL,APPF,2M,,,,,,1.700741443002592e-06,0.14765365092773863,,0.14765195018629562,
2026-09-08,CL,APPF,3M,,,,,,1.700741443002592e-06,0.1475453167697678,,0.14754361602832478,
2026-09-08,CL,APPF,6M,,,,,,1.700741443002592e-06,0.1452012583667024,,0.14519955762525938,
2026-09-08,CL,APPF,9M,,,,,,1.700741443002592e-06,0.14451318545177405,,0.14451148471033104,
2026-09-08,CL,APPF,1Y,,,,,,1.700741443002592e-06,0.14273012189486312,,0.1427284211534201,
2026-09-08,CL,APPF,2Y,,,,,,1.700741443002592e-06,0.14457416799638012,,0.1445724672549371,
2026-09-08,CL,APPF,3Y,,,,,,1.700741443002592e-06,0.14569985399827368,,0.14569815325683066,
2026-09-08,CL,APPF,4Y,,,,,,1.700741443002592e-06,0.14878914406388533,,0.14878744332244231,
2026-09-08,CL,APPF,5Y,,,,,,1.700741443002592e-06,0.14986985083307536,,0.14986815009163235,
2026-09-08,CL,APPF,6Y,,,,,,1.700741443002592e-06,0.15202095876873223,,0.15201925802728922,
2026-09-08,CL,APPF,7Y,,,,,,1.700741443002592e-06,0.15180475313490294,,0.15180305239345993,
2026-09-08,CL,APPF,8Y,,,,,,1.700741443002592e-06,0.15217567361806195,,0.15217397287661893,
2026-09-08,CL,APPF,9Y,,,,,,1.700741443002592e-06,0.15260861338183807,,0.15260691264039505,
2026-09-08,CL,APPF,10Y,,,,,,1.700741443002592e-06,0.15285211490657002,,0.152850414165127,
2026-09-08,CL,ARGT,1D,,,,,,0.029995754998172204,0.1484530082115867,,0.11845725321341449,
2026-09-08,CL,ARGT,1W,,,,,,0.029995754998172204,0.14845300821148477,,0.11845725321331257,
2026-09-08,CL,ARGT,2W,,,,,,0.029995754998172204,0.1482730100886176,,0.1182772550904454,
2026-09-08,CL,ARGT,1M,,,,,,0.029995754998172204,0.14797394144390807,,0.11797818644573588,
2026-09-08,CL,ARGT,2M,,,,,,0.029995754998172204,0.14765365092773863,,0.11765789592956644,
2026-09-08,CL,ARGT,3M,,,,,,0.029995754998172204,0.1475453167697678,,0.11754956177159559,
2026-09-08,CL,ARGT,6M,,,,,,0.029995754998172204,0.1452012583667024,,0.1152055033685302,
2026-09-08,CL,ARGT,9M,,,,,,0.029995754998172204,0.14451318545177405,,0.11451743045360185,
2026-09-08,CL,ARGT,1Y,,,,,,0.029995754998172204,0.14273012189486312,,0.11273436689669092,
2026-09-08,CL,ARGT,2Y,,,,,,0.029995754998172204,0.14457416799638012,,0.11457841299820792,
2026-09-08,CL,ARGT,3Y,,,,,,0.029995754998172204,0.14569985399827368,,0.11570409900010148,
2026-09-08,CL,ARGT,4Y,,,,,,0.029995754998172204,0.14878914406388533,,0.11879338906571313,
2026-09-08,CL,ARGT,5Y,,,,,,0.029995754998172204,0.14986985083307536,,0.11987409583490316,
2026-09-08,CL,ARGT,6Y,,,,,,0.029995754998172204,0.15202095876873223,,0.12202520377056003,
2026-09-08,CL,ARGT,7Y,,,,,,0.029995754998172204,0.15180475313490294,,0.12180899813673074,
2026-09-08,CL,ARGT,8Y,,,,,,0.029995754998172204,0.15217567361806195,,0.12217991861988975,
2026-09-08,CL,ARGT,9Y,,,,,,0.029995754998172204,0.15260861338183807,,0.12261285838366587,
2026-09-08,CL,ARGT,10Y,,,,,,0.029995754998172204,0.15285211490657002,,0.12285635990839783,
2026-09-08,CL,ASML,1D,,,,,,0.09383923956073811,0.1484530082115867,,0.054613768650848576,
2026-09-08,CL,ASML,1W,,,,,,0.09383923956073811,0.14845300821148477,,0.05461376865074666,
2026-09-08,CL,ASML,2W,,,,,,0.09383923956073811,0.1482730100886176,,0.05443377052787948,
2026-09-08,CL,ASML,1M,,,,,,0.09383923956073811,0.14797394144390807,,0.05413470188316996,
2026-09-08,CL,ASML,2M,,,,,,0.09383923956073811,0.14765365092773863,,0.05381441136700052,
2026-09-08,CL,ASML,3M,,,,,,0.09383923956073811,0.1475453167697678,,0.05370607720902967,
2026-09-08,CL,ASML,6M,,,,,,0.09383923956073811,0.1452012583667024,,0.05136201880596428,
2026-09-08,CL,ASML,9M,,,,,,0.09383923956073811,0.14451318545177405,,0.05067394589103594,
2026-09-08,CL,ASML,1Y,,,,,,0.09383923956073811,0.14273012189486312,,0.048890882334125,
2026-09-08,CL,ASML,2Y,,,,,,0.09383923956073811,0.14457416799638012,,0.05073492843564201,
2026-09-08,CL,ASML,3Y,,,,,,0.09383923956073811,0.14569985399827368,,0.05186061443753556,
2026-09-08,CL,ASML,4Y,,,,,,0.09383923956073811,0.14878914406388533,,0.05494990450314721,
2026-09-08,CL,ASML,5Y,,,,,,0.09383923956073811,0.14986985083307536,,0.056030611272337244,
2026-09-08,CL,ASML,6Y,,,,,,0.09383923956073811,0.15202095876873223,,0.058181719207994115,
2026-09-08,CL,ASML,7Y,,,,,,0.09383923956073811,0.15180475313490294,,0.05796551357416482,
2026-09-08,CL,ASML,8Y,,,,,,0.09383923956073811,0.15217567361806195,,0.05833643405732383,
2026-09-08,CL,ASML,9Y,,,,,,0.09383923956073811,0.15260861338183807,,0.05876937382109995,
2026-09-08,CL,ASML,10Y,,,,,,0.09383923956073811,0.15285211490657002,,0.05901287534583191,
2026-09-08,CL,ASTR,1D,,,,,,0.20610398302108354,0.1484530082115867,,-0.05765097480949685,
2026-09-08,CL,ASTR,1W,,,,,,0.20610398302108354,0.14845300821148477,,-0.05765097480959877,
2026-09-08,CL,ASTR,2W,,,,,,0.2012686533978731,0.1482730100886176,,-0.05299564330925549,
2026-09-08,CL,ASTR,1M,,,,,,0.18579559860359957,0.14797394144390807,,-0.03782165715969149,
2026-09-08,CL,ASTR,2M,,,,,,0.15678362086433678,0.14765365092773863,,-0.009129969936598148,
2026-09-08,CL,ASTR,3M,,,,,,0.12777164312507397,0.1475453167697678,,0.019773673644693818,
2026-09-08,CL,ASTR,6M,,,,,,0.11810098387865303,0.1452012583667024,,0.02710027448804936,
2026-09-08,CL,ASTR,9M,,,,,,0.11810098387865303,0.14451318545177405,,0.02641220157312102,
2026-09-08,CL,ASTR,1Y,,,,,,0.11810098387865303,0.14273012189486312,,0.024629138016210084,
2026-09-08,CL,ASTR,2Y,,,,,,0.11810098387865303,0.14457416799638012,,0.02647318411772709,
2026-09-08,CL,ASTR,3Y,,,,,,0.11810098387865303,0.14569985399827368,,0.027598870119620644,
2026-09-08,CL,ASTR,4Y,,,,,,0.11810098387865303,0.14878914406388533,,0.030688160185232294,
2026-09-08,CL,ASTR,5Y,,,,,,0.11810098387865303,0.14986985083307536,,0.031768866954422326,
2026-09-08,CL,ASTR,6Y,,,,,,0.11810098387865303,0.15202095876873223,,0.033919974890079196,
2026-09-08,CL,ASTR,7Y,,,,,,0.11810098387865303,0.15180475313490294,,0.033703769256249905,
2026-09-08,CL,ASTR,8Y,,,,,,0.11810098387865303,0.15217567361806195,,0.034074689739408914,
2026-09-08,CL,ASTR,9Y,,,,,,0.11810098387865303,0.15260861338183807,,0.03450762950318503,
2026-09-08,CL,ASTR,10Y,,,,,,0.11810098387865303,0.15285211490657002,,0.03475113102791699,
2026-09-08,CL,ASTRM,1D,,,,,,0.10005194732492116,0.1484530082115867,,0.04840106088666553,
2026-09-08,CL,ASTRM,1W,,,,,,0.10005194732492116,0.14845300821148477,,0.04840106088656361,
2026-09-08,CL,ASTRM,2W,,,,,,0.10005194732492116,0.1482730100886176,,0.048221062763696435,
2026-09-08,CL,ASTRM,1M,,,,,,0.10005194732492116,0.14797394144390807,,0.04792199411898691,
2026-09-08,CL,ASTRM,2M,,,,,,0.10005194732492116,0.14765365092773863,,0.04760170360281747,
2026-09-08,CL,ASTRM,3M,,,,,,0.10005194732492116,0.1475453167697678,,0.047493369444846625,
2026-09-08,CL,ASTRM,6M,,,,,,0.1173447442491507,0.1452012583667024,,0.02785651411755169,
2026-09-08,CL,ASTRM,9M,,,,,,0.11972250382623227,0.14451318545177405,,0.02479068162554178,
2026-09-08,CL,ASTRM,1Y,,,,,,0.11972250382623227,0.14273012189486312,,0.023007618068630845,
2026-09-08,CL,ASTRM,2Y,,,,,,0.11972250382623227,0.14457416799638012,,0.02485166417014785,
2026-09-08,CL,ASTRM,3Y,,,,,,0.11972250382623227,0.14569985399827368,,0.025977350172041405,
2026-09-08,CL,ASTRM,4Y,,,,,,0.11972250382623227,0.14878914406388533,,0.029066640237653055,
2026-09-08,CL,ASTRM,5Y,,,,,,0.11972250382623227,0.14986985083307536,,0.030147347006843087,
2026-09-08,CL,ASTRM,6Y,,,,,,0.11972250382623227,0.15202095876873223,,0.03229845494249996,
2026-09-08,CL,ASTRM,7Y,,,,,,0.11972250382623227,0.15180475313490294,,0.032082249308670666,
2026-09-08,CL,ASTRM,8Y,,,,,,0.11972250382623227,0.15217567361806195,,0.032453169791829675,
2026-09-08,CL,ASTRM,9Y,,,,,,0.11972250382623227,0.15260861338183807,,0.032886109555605794,
2026-09-08,CL,ASTRM,10Y,,,,,,0.11972250382623227,0.15285211490657002,,0.033129611080337754,
2026-09-08,CL,AUDU,1D,,,,,,0.006661851791908374,0.1484530082115867,,0.14179115641967832,
2026-09-08,CL,AUDU,1W,,,,,,0.006661851791908374,0.14845300821148477,,0.1417911564195764,
2026-09-08,CL,AUDU,2W,,,,,,0.006661851791908374,0.1482730100886176,,0.14161115829670923,
2026-09-08,CL,AUDU,1M,,,,,,0.006661851791908374,0.14797394144390807,,0.1413120896519997,
2026-09-08,CL,AUDU,2M,,,,,,0.006661851791908374,0.14765365092773863,,0.14099179913583026,
2026-09-08,CL,AUDU,3M,,,,,,0.006661851791908374,0.1475453167697678,,0.14088346497785942,
2026-09-08,CL,AUDU,6M,,,,,,0.007197978928313637,0.1452012583667024,,0.13800327943838875,
2026-09-08,CL,AUDU,9M,,,,,,0.007210026729131733,0.14451318545177405,,0.13730315872264232,
2026-09-08,CL,AUDU,1Y,,,,,,0.007210026729131733,0.14273012189486312,,0.13552009516573138,
2026-09-08,CL,AUDU,2Y,,,,,,0.007210026729131733,0.14457416799638012,,0.13736414126724839,
2026-09-08,CL,AUDU,3Y,,,,,,0.007210026729131733,0.14569985399827368,,0.13848982726914194,
2026-09-08,CL,AUDU,4Y,,,,,,0.007210026729131733,0.14878914406388533,,0.1415791173347536,
2026-09-08,CL,AUDU,5Y,,,,,,0.007210026729131733,0.14986985083307536,,0.14265982410394362,
2026-09-08,CL,AUDU,6Y,,,,,,0.007210026729131733,0.15202095876873223,,0.1448109320396005,
2026-09-08,CL,AUDU,7Y,,,,,,0.007210026729131733,0.15180475313490294,,0.1445947264057712,
2026-09-08,CL,AUDU,8Y,,,,,,0.007210026729131733,0.15217567361806195,,0.1449656468889302,
2026-09-08,CL,AUDU,9Y,,,,,,0.007210026729131733,0.15260861338183807,,0.14539858665270633,
2026-09-08,CL,AUDU,10Y,,,,,,0.007210026729131733,0.15285211490657002,,0.1456420881774383,
2026-09-08,CL,BAIDU,1D,,,,,,0.1247439894375809,0.1484530082115867,,0.02370901877400579,
2026-09-08,CL,BAIDU,1W,,,,,,0.1247439894375809,0.14845300821148477,,0.02370901877390387,
2026-09-08,CL,BAIDU,2W,,,,,,0.1247439894375809,0.1482730100886176,,0.023529020651036694,
2026-09-08,CL,BAIDU,1M,,,,,,0.1247439894375809,0.14797394144390807,,0.023229952006327173,
2026-09-08,CL,BAIDU,2M,,,,,,0.1247439894375809,0.14765365092773863,,0.02290966149015773,
2026-09-08,CL,BAIDU,3M,,,,,,0.1247439894375809,0.1475453167697678,,0.022801327332186885,
2026-09-08,CL,BAIDU,6M,,,,,,0.1247439894375809,0.1452012583667024,,0.02045726892912149,
2026-09-08,CL,BAIDU,9M,,,,,,0.1247439894375809,0.14451318545177405,,0.01976919601419315,
2026-09-08,CL,BAIDU,1Y,,,,,,0.1247439894375809,0.14273012189486312,,0.017986132457282214,
2026-09-08,CL,BAIDU,2Y,,,,,,0.1247439894375809,0.14457416799638012,,0.01983017855879922,
2026-09-08,CL,BAIDU,3Y,,,,,,0.1247439894375809,0.14569985399827368,,0.020955864560692775,
2026-09-08,CL,BAIDU,4Y,,,,,,0.1247439894375809,0.14878914406388533,,0.024045154626304424,
2026-09-08,CL,BAIDU,5Y,,,,,,0.1247439894375809,0.14986985083307536,,0.025125861395494456,
2026-09-08,CL,BAIDU,6Y,,,,,,0.1247439894375809,0.15202095876873223,,0.027276969331151327,
2026-09-08,CL,BAIDU,7Y,,,,,,0.1247439894375809,0.15180475313490294,,0.027060763697322035,
2026-09-08,CL,BAIDU,8Y,,,,,,0.1247439894375809,0.15217567361806195,,0.027431684180481045,
2026-09-08,CL,BAIDU,9Y,,,,,,0.1247439894375809,0.15260861338183807,,0.027864623944257164,
2026-09-08,CL,BAIDU,10Y,,,,,,0.1247439894375809,0.15285211490657002,,0.028108125468989123,
2026-09-08,CL,BANE,1D,,,,,,0.18175264117753984,0.1484530082115867,,-0.033299632965953146,
2026-09-08,CL,BANE,1W,,,,,,0.18175264117753984,0.14845300821148477,,-0.033299632966055065,
2026-09-08,CL,BANE,2W,,,,,,0.17622037049347436,0.1482730100886176,,-0.027947360404856764,
2026-09-08,CL,BANE,1M,,,,,,0.15851710430446483,0.14797394144390807,,-0.01054316286055676,
2026-09-08,CL,BANE,2M,,,,,,0.125323480200072,0.14765365092773863,,0.02233017072766663,
2026-09-08,CL,BANE,3M,,,,,,0.09212985609567913,0.1475453167697678,,0.05541546067408866,
2026-09-08,CL,BANE,6M,,,,,,0.08106531472754819,0.1452012583667024,,0.0641359436391542,
2026-09-08,CL,BANE,9M,,,,,,0.08106531472754819,0.14451318545177405,,0.06344787072422586,
2026-09-08,CL,BANE,1Y,,,,,,0.08106531472754819,0.14273012189486312,,0.06166480716731493,
2026-09-08,CL,BANE,2Y,,,,,,0.08106531472754819,0.14457416799638012,,0.06350885326883193,
2026-09-08,CL,BANE,3Y,,,,,,0.08106531472754819,0.14569985399827368,,0.06463453927072549,
2026-09-08,CL,BANE,4Y,,,,,,0.08106531472754819,0.14878914406388533,,0.06772382933633714,
2026-09-08,CL,BANE,5Y,,,,,,0.08106531472754819,0.14986985083307536,,0.06880453610552717,
2026-09-08,CL,BANE,6Y,,,,,,0.08106531472754819,0.15202095876873223,,0.07095564404118404,
2026-09-08,CL,BANE,7Y,,,,,,0.08106531472754819,0.15180475313490294,,0.07073943840735475,
2026-09-08,CL,BANE,8Y,,,,,,0.08106531472754819,0.15217567361806195,,0.07111035889051376,
2026-09-08,CL,BANE,9Y,,,,,,0.08106531472754819,0.15260861338183807,,0.07154329865428988,
2026-09-08,CL,BANE,10Y,,,,,,0.08106531472754819,0.15285211490657002,,0.07178680017902184,
2026-09-08,CL,BELUGA,1D,,,,,,0.19205508135883348,0.1484530082115867,,-0.04360207314724679,
2026-09-08,CL,BELUGA,1W,,,,,,0.19205508135883348,0.14845300821148477,,-0.04360207314734871,
2026-09-08,CL,BELUGA,2W,,,,,,0.19117482777548986,0.1482730100886176,,-0.04290181768687226,
2026-09-08,CL,BELUGA,1M,,,,,,0.1883580163087902,0.14797394144390807,,-0.04038407486488213,
2026-09-08,CL,BELUGA,2M,,,,,,0.18307649480872842,0.14765365092773863,,-0.03542284388098979,
2026-09-08,CL,BELUGA,3M,,,,,,0.17779497330866662,0.1475453167697678,,-0.030249656538898828,
2026-09-08,CL,BELUGA,6M,,,,,,0.17603446614197935,0.1452012583667024,,-0.030833207775276955,
2026-09-08,CL,BELUGA,9M,,,,,,0.17603446614197935,0.14451318545177405,,-0.031521280690205294,
2026-09-08,CL,BELUGA,1Y,,,,,,0.17603446614197935,0.14273012189486312,,-0.03330434424711623,
2026-09-08,CL,BELUGA,2Y,,,,,,0.17603446614197935,0.14457416799638012,,-0.031460298145599225,
2026-09-08,CL,BELUGA,3Y,,,,,,0.17603446614197935,0.14569985399827368,,-0.03033461214370567,
2026-09-08,CL,BELUGA,4Y,,,,,,0.17603446614197935,0.14878914406388533,,-0.02724532207809402,
2026-09-08,CL,BELUGA,5Y,,,,,,0.17603446614197935,0.14986985083307536,,-0.026164615308903988,
2026-09-08,CL,BELUGA,6Y,,,,,,0.17603446614197935,0.15202095876873223,,-0.024013507373247117,
2026-09-08,CL,BELUGA,7Y,,,,,,0.17603446614197935,0.15180475313490294,,-0.02422971300707641,
2026-09-08,CL,BELUGA,8Y,,,,,,0.17603446614197935,0.15217567361806195,,-0.0238587925239174,
2026-09-08,CL,BELUGA,9Y,,,,,,0.17603446614197935,0.15260861338183807,,-0.02342585276014128,
2026-09-08,CL,BELUGA,10Y,,,,,,0.17603446614197935,0.15285211490657002,,-0.02318235123540932,
2026-09-08,CL,BELUGAM,1D,,,,,,0.13461355596475874,0.1484530082115867,,0.013839452246827949,
2026-09-08,CL,BELUGAM,1W,,,,,,0.13461355596475874,0.14845300821148477,,0.01383945224672603,
2026-09-08,CL,BELUGAM,2W,,,,,,0.13461355596475874,0.1482730100886176,,0.013659454123858855,
2026-09-08,CL,BELUGAM,1M,,,,,,0.13461355596475874,0.14797394144390807,,0.013360385479149334,
2026-09-08,CL,BELUGAM,2M,,,,,,0.13461355596475874,0.14765365092773863,,0.013040094962979892,
2026-09-08,CL,BELUGAM,3M,,,,,,0.13461355596475874,0.1475453167697678,,0.012931760805009046,
2026-09-08,CL,BELUGAM,6M,,,,,,0.12452907976663201,0.1452012583667024,,0.02067217860007038,
2026-09-08,CL,BELUGAM,9M,,,,,,0.12314246428938959,0.14451318545177405,,0.021370721162384462,
2026-09-08,CL,BELUGAM,1Y,,,,,,0.12314246428938959,0.14273012189486312,,0.019587657605473527,
2026-09-08,CL,BELUGAM,2Y,,,,,,0.12314246428938959,0.14457416799638012,,0.021431703706990532,
2026-09-08,CL,BELUGAM,3Y,,,,,,0.12314246428938959,0.14569985399827368,,0.022557389708884087,
2026-09-08,CL,BELUGAM,4Y,,,,,,0.12314246428938959,0.14878914406388533,,0.025646679774495737,
2026-09-08,CL,BELUGAM,5Y,,,,,,0.12314246428938959,0.14986985083307536,,0.02672738654368577,
2026-09-08,CL,BELUGAM,6Y,,,,,,0.12314246428938959,0.15202095876873223,,0.02887849447934264,
2026-09-08,CL,BELUGAM,7Y,,,,,,0.12314246428938959,0.15180475313490294,,0.028662288845513348,
2026-09-08,CL,BELUGAM,8Y,,,,,,0.12314246428938959,0.15217567361806195,,0.029033209328672357,
2026-09-08,CL,BELUGAM,9Y,,,,,,0.12314246428938959,0.15260861338183807,,0.029466149092448476,
2026-09-08,CL,BELUGAM,10Y,,,,,,0.12314246428938959,0.15285211490657002,,0.029709650617180436,
2026-09-08,CL,BR,1D,,,,,,-0.46057614844926736,0.1484530082115867,,0.6090291566608541,
2026-09-08,CL,BR,1W,,,,,,-0.46057614844926736,0.14845300821148477,,0.6090291566607522,
2026-09-08,CL,BR,2W,,,,,,-0.46057614844926736,0.1482730100886176,,0.608849158537885,
2026-09-08,CL,BR,1M,,,,,,-0.46057614844926736,0.14797394144390807,,0.6085500898931755,
2026-09-08,CL,BR,2M,,,,,,-0.45933768735035957,0.14765365092773863,,0.6069913382780983,
2026-09-08,CL,BR,3M,,,,,,-0.4109768246426579,0.1475453167697678,,0.5585221414124257,
2026-09-08,CL,BR,6M,,,,,,-0.30224698402116074,0.1452012583667024,,0.4474482423878631,
2026-09-08,CL,BR,9M,,,,,,-0.29912565687751463,0.14451318545177405,,0.4436388423292887,
2026-09-08,CL,BR,1Y,,,,,,-0.29912565687751463,0.14273012189486312,,0.44185577877237775,
2026-09-08,CL,BR,2Y,,,,,,-0.29912565687751463,0.14457416799638012,,0.44369982487389475,
2026-09-08,CL,BR,3Y,,,,,,-0.29912565687751463,0.14569985399827368,,0.4448255108757883,
2026-09-08,CL,BR,4Y,,,,,,-0.29912565687751463,0.14878914406388533,,0.44791480094139996,
2026-09-08,CL,BR,5Y,,,,,,-0.29912565687751463,0.14986985083307536,,0.44899550771059,
2026-09-08,CL,BR,6Y,,,,,,-0.29912565687751463,0.15202095876873223,,0.45114661564624686,
2026-09-08,CL,BR,7Y,,,,,,-0.29912565687751463,0.15180475313490294,,0.45093041001241757,
2026-09-08,CL,BR,8Y,,,,,,-0.29912565687751463,0.15217567361806195,,0.4513013304955766,
2026-09-08,CL,BR,9Y,,,,,,-0.29912565687751463,0.15260861338183807,,0.4517342702593527,
2026-09-08,CL,BR,10Y,,,,,,-0.29912565687751463,0.15285211490657002,,0.45197777178408466,
2026-09-08,CL,BRAZIL,1D,,,,,,0.026157579408419045,0.1484530082115867,,0.12229542880316764,
2026-09-08,CL,BRAZIL,1W,,,,,,0.026157579408419045,0.14845300821148477,,0.12229542880306572,
2026-09-08,CL,BRAZIL,2W,,,,,,0.026157579408419045,0.1482730100886176,,0.12211543068019855,
2026-09-08,CL,BRAZIL,1M,,,,,,0.026157579408419045,0.14797394144390807,,0.12181636203548903,
2026-09-08,CL,BRAZIL,2M,,,,,,0.026157579408419045,0.14765365092773863,,0.12149607151931958,
2026-09-08,CL,BRAZIL,3M,,,,,,0.026157579408419045,0.1475453167697678,,0.12138773736134874,
2026-09-08,CL,BRAZIL,6M,,,,,,0.026157579408419045,0.1452012583667024,,0.11904367895828334,
2026-09-08,CL,BRAZIL,9M,,,,,,0.026157579408419045,0.14451318545177405,,0.118355606043355,
2026-09-08,CL,BRAZIL,1Y,,,,,,0.026157579408419045,0.14273012189486312,,0.11657254248644407,
2026-09-08,CL,BRAZIL,2Y,,,,,,0.026157579408419045,0.14457416799638012,,0.11841658858796107,
2026-09-08,CL,BRAZIL,3Y,,,,,,0.026157579408419045,0.14569985399827368,,0.11954227458985463,
2026-09-08,CL,BRAZIL,4Y,,,,,,0.026157579408419045,0.14878914406388533,,0.12263156465546628,
2026-09-08,CL,BRAZIL,5Y,,,,,,0.026157579408419045,0.14986985083307536,,0.12371227142465631,
2026-09-08,CL,BRAZIL,6Y,,,,,,0.026157579408419045,0.15202095876873223,,0.1258633793603132,
2026-09-08,CL,BRAZIL,7Y,,,,,,0.026157579408419045,0.15180475313490294,,0.1256471737264839,
2026-09-08,CL,BRAZIL,8Y,,,,,,0.026157579408419045,0.15217567361806195,,0.1260180942096429,
2026-09-08,CL,BRAZIL,9Y,,,,,,0.026157579408419045,0.15260861338183807,,0.12645103397341903,
2026-09-08,CL,BRAZIL,10Y,,,,,,0.026157579408419045,0.15285211490657002,,0.126694535498151,
2026-09-08,CL,BRM,1D,,,,,,-0.455910199875503,0.1484530082115867,,0.6043632080870898,
2026-09-08,CL,BRM,1W,,,,,,-0.455910199875503,0.14845300821148477,,0.6043632080869878,
2026-09-08,CL,BRM,2W,,,,,,-0.455910199875503,0.1482730100886176,,0.6041832099641207,
2026-09-08,CL,BRM,1M,,,,,,-0.455910199875503,0.14797394144390807,,0.6038841413194111,
2026-09-08,CL,BRM,2M,,,,,,-0.4612119126752847,0.14765365092773863,,0.6088655636030234,
2026-09-08,CL,BRM,3M,,,,,,-0.408082302720337,0.1475453167697678,,0.5556276194901049,
2026-09-08,CL,BRM,6M,,,,,,-0.3093197683862094,0.1452012583667024,,0.4545210267529118,
2026-09-08,CL,BRM,9M,,,,,,-0.3063076971613949,0.14451318545177405,,0.45082088261316894,
2026-09-08,CL,BRM,1Y,,,,,,-0.3063076971613949,0.14273012189486312,,0.449037819056258,
2026-09-08,CL,BRM,2Y,,,,,,-0.3063076971613949,0.14457416799638012,,0.450881865157775,
2026-09-08,CL,BRM,3Y,,,,,,-0.3063076971613949,0.14569985399827368,,0.45200755115966856,
2026-09-08,CL,BRM,4Y,,,,,,-0.3063076971613949,0.14878914406388533,,0.4550968412252802,
2026-09-08,CL,BRM,5Y,,,,,,-0.3063076971613949,0.14986985083307536,,0.45617754799447024,
2026-09-08,CL,BRM,6Y,,,,,,-0.3063076971613949,0.15202095876873223,,0.4583286559301271,
2026-09-08,CL,BRM,7Y,,,,,,-0.3063076971613949,0.15180475313490294,,0.4581124502962978,
2026-09-08,CL,BRM,8Y,,,,,,-0.3063076971613949,0.15217567361806195,,0.45848337077945683,
2026-09-08,CL,BRM,9Y,,,,,,-0.3063076971613949,0.15260861338183807,,0.45891631054323295,
2026-09-08,CL,BRM,10Y,,,,,,-0.3063076971613949,0.15285211490657002,,0.4591598120679649,
2026-09-08,CL,BSPB,1D,,,,,,0.1918279755670473,0.1484530082115867,,-0.04337496735546062,
2026-09-08,CL,BSPB,1W,,,,,,0.1918279755670473,0.14845300821148477,,-0.04337496735556254,
2026-09-08,CL,BSPB,2W,,,,,,0.1893313843419942,0.1482730100886176,,-0.041058374253376606,
2026-09-08,CL,BSPB,1M,,,,,,0.18134229242182426,0.14797394144390807,,-0.033368350977916184,
2026-09-08,CL,BSPB,2M,,,,,,0.16636274507150564,0.14765365092773863,,-0.018709094143767008,
2026-09-08,CL,BSPB,3M,,,,,,0.15138319772118702,0.1475453167697678,,-0.003837880951419237,
2026-09-08,CL,BSPB,6M,,,,,,0.1463900152710808,0.1452012583667024,,-0.0011887569043784185,
2026-09-08,CL,BSPB,9M,,,,,,0.1463900152710808,0.14451318545177405,,-0.0018768298193067579,
2026-09-08,CL,BSPB,1Y,,,,,,0.1463900152710808,0.14273012189486312,,-0.0036598933762176933,
2026-09-08,CL,BSPB,2Y,,,,,,0.1463900152710808,0.14457416799638012,,-0.0018158472747006882,
2026-09-08,CL,BSPB,3Y,,,,,,0.1463900152710808,0.14569985399827368,,-0.0006901612728071327,
2026-09-08,CL,BSPB,4Y,,,,,,0.1463900152710808,0.14878914406388533,,0.002399128792804517,
2026-09-08,CL,BSPB,5Y,,,,,,0.1463900152710808,0.14986985083307536,,0.0034798355619945487,
2026-09-08,CL,BSPB,6Y,,,,,,0.1463900152710808,0.15202095876873223,,0.0056309434976514194,
2026-09-08,CL,BSPB,7Y,,,,,,0.1463900152710808,0.15180475313490294,,0.005414737863822128,
2026-09-08,CL,BSPB,8Y,,,,,,0.1463900152710808,0.15217567361806195,,0.005785658346981137,
2026-09-08,CL,BSPB,9Y,,,,,,0.1463900152710808,0.15260861338183807,,0.006218598110757256,
2026-09-08,CL,BSPB,10Y,,,,,,0.1463900152710808,0.15285211490657002,,0.006462099635489216,
2026-09-08,CL,BTC,1D,,,,,,-0.032286760705755736,0.1484530082115867,,0.18073976891734242,
2026-09-08,CL,BTC,1W,,,,,,-0.032286760705755736,0.14845300821148477,,0.1807397689172405,
2026-09-08,CL,BTC,2W,,,,,,-0.032286760705755736,0.1482730100886176,,0.18055977079437333,
2026-09-08,CL,BTC,1M,,,,,,-0.010042459384626251,0.14797394144390807,,0.15801640082853433,
2026-09-08,CL,BTC,2M,,,,,,0.033216034348258115,0.14765365092773863,,0.11443761657948051,
2026-09-08,CL,BTC,3M,,,,,,0.04725176309107505,0.1475453167697678,,0.10029355367869273,
2026-09-08,CL,BTC,6M,,,,,,0.04725176309107505,0.1452012583667024,,0.09794949527562734,
2026-09-08,CL,BTC,9M,,,,,,0.04725176309107505,0.14451318545177405,,0.097261422360699,
2026-09-08,CL,BTC,1Y,,,,,,0.04725176309107505,0.14273012189486312,,0.09547835880378806,
2026-09-08,CL,BTC,2Y,,,,,,0.04725176309107505,0.14457416799638012,,0.09732240490530507,
2026-09-08,CL,BTC,3Y,,,,,,0.04725176309107505,0.14569985399827368,,0.09844809090719862,
2026-09-08,CL,BTC,4Y,,,,,,0.04725176309107505,0.14878914406388533,,0.10153738097281027,
2026-09-08,CL,BTC,5Y,,,,,,0.04725176309107505,0.14986985083307536,,0.1026180877420003,
2026-09-08,CL,BTC,6Y,,,,,,0.04725176309107505,0.15202095876873223,,0.10476919567765718,
2026-09-08,CL,BTC,7Y,,,,,,0.04725176309107505,0.15180475313490294,,0.10455299004382788,
2026-09-08,CL,BTC,8Y,,,,,,0.04725176309107505,0.15217567361806195,,0.1049239105269869,
2026-09-08,CL,BTC,9Y,,,,,,0.04725176309107505,0.15260861338183807,,0.10535685029076301,
2026-09-08,CL,BTC,10Y,,,,,,0.04725176309107505,0.15285211490657002,,0.10560035181549497,
2026-09-08,CL,BYN,1D,,,,,,0.15808210150049573,0.1484530082115867,,-0.00962909328890904,
2026-09-08,CL,BYN,1W,,,,,,0.15808210150049573,0.14845300821148477,,-0.00962909328901096,
2026-09-08,CL,BYN,2W,,,,,,0.15808210150049573,0.1482730100886176,,-0.009809091411878135,
2026-09-08,CL,BYN,1M,,,,,,0.15808210150049573,0.14797394144390807,,-0.010108160056587656,
2026-09-08,CL,BYN,2M,,,,,,0.15808210150049573,0.14765365092773863,,-0.010428450572757098,
2026-09-08,CL,BYN,3M,,,,,,0.15808210150049573,0.1475453167697678,,-0.010536784730727944,
2026-09-08,CL,BYN,6M,,,,,,0.1557962894795918,0.1452012583667024,,-0.010595031112889397,
2026-09-08,CL,BYN,9M,,,,,,0.15574492291732428,0.14451318545177405,,-0.011231737465550229,
2026-09-08,CL,BYN,1Y,,,,,,0.15574492291732428,0.14273012189486312,,-0.013014801022461164,
2026-09-08,CL,BYN,2Y,,,,,,0.15574492291732428,0.14457416799638012,,-0.01117075492094416,
2026-09-08,CL,BYN,3Y,,,,,,0.15574492291732428,0.14569985399827368,,-0.010045068919050604,
2026-09-08,CL,BYN,4Y,,,,,,0.15574492291732428,0.14878914406388533,,-0.006955778853438954,
2026-09-08,CL,BYN,5Y,,,,,,0.15574492291732428,0.14986985083307536,,-0.005875072084248922,
2026-09-08,CL,BYN,6Y,,,,,,0.15574492291732428,0.15202095876873223,,-0.0037239641485920516,
2026-09-08,CL,BYN,7Y,,,,,,0.15574492291732428,0.15180475313490294,,-0.003940169782421343,
2026-09-08,CL,BYN,8Y,,,,,,0.15574492291732428,0.15217567361806195,,-0.0035692492992623337,
2026-09-08,CL,BYN,9Y,,,,,,0.15574492291732428,0.15260861338183807,,-0.0031363095354862147,
2026-09-08,CL,BYN,10Y,,,,,,0.15574492291732428,0.15285211490657002,,-0.0028928080107542553,
2026-09-08,CL,CBOM,1D,,,,,,0.21545707488954385,0.1484530082115867,,-0.06700406667795716,
2026-09-08,CL,CBOM,1W,,,,,,0.21545707488954385,0.14845300821148477,,-0.06700406667805908,
2026-09-08,CL,CBOM,2W,,,,,,0.2117043389607451,0.1482730100886176,,-0.06343132887212749,
2026-09-08,CL,CBOM,1M,,,,,,0.19969558398858903,0.14797394144390807,,-0.05172164254468095,
2026-09-08,CL,CBOM,2M,,,,,,0.1771791684157964,0.14765365092773863,,-0.029525517488057762,
2026-09-08,CL,CBOM,3M,,,,,,0.1546627528430038,0.1475453167697678,,-0.007117436073236005,
2026-09-08,CL,CBOM,6M,,,,,,0.14715728098540626,0.1452012583667024,,-0.0019560226187038676,
2026-09-08,CL,CBOM,9M,,,,,,0.14715728098540626,0.14451318545177405,,-0.002644095533632207,
2026-09-08,CL,CBOM,1Y,,,,,,0.14715728098540626,0.14273012189486312,,-0.004427159090543142,
2026-09-08,CL,CBOM,2Y,,,,,,0.14715728098540626,0.14457416799638012,,-0.0025831129890261373,
2026-09-08,CL,CBOM,3Y,,,,,,0.14715728098540626,0.14569985399827368,,-0.0014574269871325818,
2026-09-08,CL,CBOM,4Y,,,,,,0.14715728098540626,0.14878914406388533,,0.0016318630784790678,
2026-09-08,CL,CBOM,5Y,,,,,,0.14715728098540626,0.14986985083307536,,0.0027125698476690996,
2026-09-08,CL,CBOM,6Y,,,,,,0.14715728098540626,0.15202095876873223,,0.00486367778332597,
2026-09-08,CL,CBOM,7Y,,,,,,0.14715728098540626,0.15180475313490294,,0.004647472149496679,
2026-09-08,CL,CBOM,8Y,,,,,,0.14715728098540626,0.15217567361806195,,0.005018392632655688,
2026-09-08,CL,CBOM,9Y,,,,,,0.14715728098540626,0.15260861338183807,,0.005451332396431807,
2026-09-08,CL,CBOM,10Y,,,,,,0.14715728098540626,0.15285211490657002,,0.005694833921163767,
2026-09-08,CL,CHINA,1D,,,,,,0.07471378901076911,0.1484530082115867,,0.07373921920081758,
2026-09-08,CL,CHINA,1W,,,,,,0.07471378901076911,0.14845300821148477,,0.07373921920071566,
2026-09-08,CL,CHINA,2W,,,,,,0.07471378901076911,0.1482730100886176,,0.07355922107784849,
2026-09-08,CL,CHINA,1M,,,,,,0.07471378901076911,0.14797394144390807,,0.07326015243313896,
2026-09-08,CL,CHINA,2M,,,,,,0.07471378901076911,0.14765365092773863,,0.07293986191696952,
2026-09-08,CL,CHINA,3M,,,,,,0.07471378901076911,0.1475453167697678,,0.07283152775899868,
2026-09-08,CL,CHINA,6M,,,,,,0.07471378901076911,0.1452012583667024,,0.07048746935593328,
2026-09-08,CL,CHINA,9M,,,,,,0.07471378901076911,0.14451318545177405,,0.06979939644100494,
2026-09-08,CL,CHINA,1Y,,,,,,0.07471378901076911,0.14273012189486312,,0.068016332884094,
2026-09-08,CL,CHINA,2Y,,,,,,0.07471378901076911,0.14457416799638012,,0.06986037898561101,
2026-09-08,CL,CHINA,3Y,,,,,,0.07471378901076911,0.14569985399827368,,0.07098606498750457,
2026-09-08,CL,CHINA,4Y,,,,,,0.07471378901076911,0.14878914406388533,,0.07407535505311622,
2026-09-08,CL,CHINA,5Y,,,,,,0.07471378901076911,0.14986985083307536,,0.07515606182230625,
2026-09-08,CL,CHINA,6Y,,,,,,0.07471378901076911,0.15202095876873223,,0.07730716975796312,
2026-09-08,CL,CHINA,7Y,,,,,,0.07471378901076911,0.15180475313490294,,0.07709096412413383,
2026-09-08,CL,CHINA,8Y,,,,,,0.07471378901076911,0.15217567361806195,,0.07746188460729284,
2026-09-08,CL,CHINA,9Y,,,,,,0.07471378901076911,0.15260861338183807,,0.07789482437106895,
2026-09-08,CL,CHINA,10Y,,,,,,0.07471378901076911,0.15285211490657002,,0.07813832589580091,
2026-09-08,CL,CHMFM,1D,,,,,,0.17019742538354954,0.1484530082115867,,-0.02174441717196285,
2026-09-08,CL,CHMFM,1W,,,,,,0.17019742538354954,0.14845300821148477,,-0.021744417172064767,
2026-09-08,CL,CHMFM,2W,,,,,,0.16864440542402295,0.1482730100886176,,-0.020371395335405357,
2026-09-08,CL,CHMFM,1M,,,,,,0.1636747415535379,0.14797394144390807,,-0.01570080010962982,
2026-09-08,CL,CHMFM,2M,,,,,,0.15435662179637838,0.14765365092773863,,-0.006702970868639746,
2026-09-08,CL,CHMFM,3M,,,,,,0.14503850203921886,0.1475453167697678,,0.002506814730548923,
2026-09-08,CL,CHMFM,6M,,,,,,0.1419324621201657,0.1452012583667024,,0.003268796246536698,
2026-09-08,CL,CHMFM,9M,,,,,,0.1419324621201657,0.14451318545177405,,0.002580723331608359,
2026-09-08,CL,CHMFM,1Y,,,,,,0.1419324621201657,0.14273012189486312,,0.0007976597746974234,
2026-09-08,CL,CHMFM,2Y,,,,,,0.1419324621201657,0.14457416799638012,,0.0026417058762144285,
2026-09-08,CL,CHMFM,3Y,,,,,,0.1419324621201657,0.14569985399827368,,0.003767391878107984,
2026-09-08,CL,CHMFM,4Y,,,,,,0.1419324621201657,0.14878914406388533,,0.006856681943719634,
2026-09-08,CL,CHMFM,5Y,,,,,,0.1419324621201657,0.14986985083307536,,0.007937388712909665,
2026-09-08,CL,CHMFM,6Y,,,,,,0.1419324621201657,0.15202095876873223,,0.010088496648566536,
2026-09-08,CL,CHMFM,7Y,,,,,,0.1419324621201657,0.15180475313490294,,0.009872291014737244,
2026-09-08,CL,CHMFM,8Y,,,,,,0.1419324621201657,0.15217567361806195,,0.010243211497896254,
2026-09-08,CL,CHMFM,9Y,,,,,,0.1419324621201657,0.15260861338183807,,0.010676151261672373,
2026-09-08,CL,CHMFM,10Y,,,,,,0.1419324621201657,0.15285211490657002,,0.010919652786404332,
2026-09-08,CL,CNI,1D,,,,,,0.06183623922066796,0.1484530082115867,,0.08661676899091873,
2026-09-08,CL,CNI,1W,,,,,,0.06183623922066796,0.14845300821148477,,0.08661676899081681,
2026-09-08,CL,CNI,2W,,,,,,0.06050176014253079,0.1482730100886176,,0.08777124994608682,
2026-09-08,CL,CNI,1M,,,,,,0.056231427092491855,0.14797394144390807,,0.09174251435141623,
2026-09-08,CL,CNI,2M,,,,,,0.04822455262366885,0.14765365092773863,,0.09942909830406979,
2026-09-08,CL,CNI,3M,,,,,,0.040217678154845844,0.1475453167697678,,0.10732763861492195,
2026-09-08,CL,CNI,6M,,,,,,0.07251072065746896,0.1452012583667024,,0.07269053770923344,
2026-09-08,CL,CNI,9M,,,,,,0.07731799574806736,0.14451318545177405,,0.06719518970370669,
2026-09-08,CL,CNI,1Y,,,,,,0.07731799574806736,0.14273012189486312,,0.06541212614679576,
2026-09-08,CL,CNI,2Y,,,,,,0.07731799574806736,0.14457416799638012,,0.06725617224831276,
2026-09-08,CL,CNI,3Y,,,,,,0.07731799574806736,0.14569985399827368,,0.06838185825020632,
2026-09-08,CL,CNI,4Y,,,,,,0.07731799574806736,0.14878914406388533,,0.07147114831581797,
2026-09-08,CL,CNI,5Y,,,,,,0.07731799574806736,0.14986985083307536,,0.072551855085008,
2026-09-08,CL,CNI,6Y,,,,,,0.07731799574806736,0.15202095876873223,,0.07470296302066487,
2026-09-08,CL,CNI,7Y,,,,,,0.07731799574806736,0.15180475313490294,,0.07448675738683558,
2026-09-08,CL,CNI,8Y,,,,,,0.07731799574806736,0.15217567361806195,,0.07485767786999459,
2026-09-08,CL,CNI,9Y,,,,,,0.07731799574806736,0.15260861338183807,,0.0752906176337707,
2026-09-08,CL,CNI,10Y,,,,,,0.07731799574806736,0.15285211490657002,,0.07553411915850267,
2026-09-08,CL,CNY,1D,,,,,,0.09109023781489968,0.1484530082115867,,0.05736277039668701,
2026-09-08,CL,CNY,1W,,,,,,0.09109023781489968,0.14845300821148477,,0.05736277039658509,
2026-09-08,CL,CNY,2W,,,,,,0.09014905024513888,0.1482730100886176,,0.05812395984347872,
2026-09-08,CL,CNY,1M,,,,,,0.08713725002190431,0.14797394144390807,,0.060836691422003764,
2026-09-08,CL,CNY,2M,,,,,,0.08149012460333949,0.14765365092773863,,0.06616352632439915,
2026-09-08,CL,CNY,3M,,,,,,0.07584299918477468,0.1475453167697678,,0.07170231758499311,
2026-09-08,CL,CNY,6M,,,,,,0.06945148651525938,0.1452012583667024,,0.075749771851443,
2026-09-08,CL,CNY,9M,,,,,,0.06788774328934785,0.14451318545177405,,0.0766254421624262,
2026-09-08,CL,CNY,1Y,,,,,,0.06861700220110138,0.14273012189486312,,0.07411311969376173,
2026-09-08,CL,CNY,2Y,,,,,,0.07011671932079352,0.14457416799638012,,0.0744574486755866,
2026-09-08,CL,CNY,3Y,,,,,,0.07011671932079352,0.14569985399827368,,0.07558313467748015,
2026-09-08,CL,CNY,4Y,,,,,,0.07011671932079352,0.14878914406388533,,0.0786724247430918,
2026-09-08,CL,CNY,5Y,,,,,,0.07011671932079352,0.14986985083307536,,0.07975313151228183,
2026-09-08,CL,CNY,6Y,,,,,,0.07011671932079352,0.15202095876873223,,0.0819042394479387,
2026-09-08,CL,CNY,7Y,,,,,,0.07011671932079352,0.15180475313490294,,0.08168803381410941,
2026-09-08,CL,CNY,8Y,,,,,,0.07011671932079352,0.15217567361806195,,0.08205895429726842,
2026-09-08,CL,CNY,9Y,,,,,,0.07011671932079352,0.15260861338183807,,0.08249189406104454,
2026-09-08,CL,CNY,10Y,,,,,,0.07011671932079352,0.15285211490657002,,0.0827353955857765,
2026-09-08,CL,CNYRUBTOM,1D,,,,,,0.09109023781489968,0.1484530082115867,,0.05736277039668701,
2026-09-08,CL,CNYRUBTOM,1W,,,,,,0.09109023781489968,0.14845300821148477,,0.05736277039658509,
2026-09-08,CL,CNYRUBTOM,2W,,,,,,0.09014905024513888,0.1482730100886176,,0.05812395984347872,
2026-09-08,CL,CNYRUBTOM,1M,,,,,,0.08713725002190431,0.14797394144390807,,0.060836691422003764,
2026-09-08,CL,CNYRUBTOM,2M,,,,,,0.08149012460333949,0.14765365092773863,,0.06616352632439915,
2026-09-08,CL,CNYRUBTOM,3M,,,,,,0.07584299918477468,0.1475453167697678,,0.07170231758499311,
2026-09-08,CL,CNYRUBTOM,6M,,,,,,0.06945148651525938,0.1452012583667024,,0.075749771851443,
2026-09-08,CL,CNYRUBTOM,9M,,,,,,0.06788774328934785,0.14451318545177405,,0.0766254421624262,
2026-09-08,CL,CNYRUBTOM,1Y,,,,,,0.06861700220110138,0.14273012189486312,,0.07411311969376173,
2026-09-08,CL,CNYRUBTOM,2Y,,,,,,0.07011671932079352,0.14457416799638012,,0.0744574486755866,
2026-09-08,CL,CNYRUBTOM,3Y,,,,,,0.07011671932079352,0.14569985399827368,,0.07558313467748015,
2026-09-08,CL,CNYRUBTOM,4Y,,,,,,0.07011671932079352,0.14878914406388533,,0.0786724247430918,
2026-09-08,CL,CNYRUBTOM,5Y,,,,,,0.07011671932079352,0.14986985083307536,,0.07975313151228183,
2026-09-08,CL,CNYRUBTOM,6Y,,,,,,0.07011671932079352,0.15202095876873223,,0.0819042394479387,
2026-09-08,CL,CNYRUBTOM,7Y,,,,,,0.07011671932079352,0.15180475313490294,,0.08168803381410941,
2026-09-08,CL,CNYRUBTOM,8Y,,,,,,0.07011671932079352,0.15217567361806195,,0.08205895429726842,
2026-09-08,CL,CNYRUBTOM,9Y,,,,,,0.07011671932079352,0.15260861338183807,,0.08249189406104454,
2026-09-08,CL,CNYRUBTOM,10Y,,,,,,0.07011671932079352,0.15285211490657002,,0.0827353955857765,
2026-09-08,CL,COCOA,1D,,,,,,0.12882265831863404,0.1484530082115867,,0.019630349892952648,
2026-09-08,CL,COCOA,1W,,,,,,0.12882265831863404,0.14845300821148477,,0.01963034989285073,
2026-09-08,CL,COCOA,2W,,,,,,0.12882265831863404,0.1482730100886176,,0.019450351769983554,
2026-09-08,CL,COCOA,1M,,,,,,0.12882265831863404,0.14797394144390807,,0.019151283125274032,
2026-09-08,CL,COCOA,2M,,,,,,0.12882265831863404,0.14765365092773863,,0.01883099260910459,
2026-09-08,CL,COCOA,3M,,,,,,0.12882265831863404,0.1475453167697678,,0.018722658451133745,
2026-09-08,CL,COCOA,6M,,,,,,0.12882265831863404,0.1452012583667024,,0.016378600048068348,
2026-09-08,CL,COCOA,9M,,,,,,0.12882265831863404,0.14451318545177405,,0.01569052713314001,
2026-09-08,CL,COCOA,1Y,,,,,,0.12882265831863404,0.14273012189486312,,0.013907463576229073,
2026-09-08,CL,COCOA,2Y,,,,,,0.12882265831863404,0.14457416799638012,,0.01575150967774608,
2026-09-08,CL,COCOA,3Y,,,,,,0.12882265831863404,0.14569985399827368,,0.016877195679639634,
2026-09-08,CL,COCOA,4Y,,,,,,0.12882265831863404,0.14878914406388533,,0.019966485745251283,
2026-09-08,CL,COCOA,5Y,,,,,,0.12882265831863404,0.14986985083307536,,0.021047192514441315,
2026-09-08,CL,COCOA,6Y,,,,,,0.12882265831863404,0.15202095876873223,,0.023198300450098186,
2026-09-08,CL,COCOA,7Y,,,,,,0.12882265831863404,0.15180475313490294,,0.022982094816268894,
2026-09-08,CL,COCOA,8Y,,,,,,0.12882265831863404,0.15217567361806195,,0.023353015299427904,
2026-09-08,CL,COCOA,9Y,,,,,,0.12882265831863404,0.15260861338183807,,0.023785955063204023,
2026-09-08,CL,COCOA,10Y,,,,,,0.12882265831863404,0.15285211490657002,,0.024029456587935982,
2026-09-08,CL,COFFEE,1D,,,,,,0.02676679276849462,0.1484530082115867,,0.12168621544309208,
2026-09-08,CL,COFFEE,1W,,,,,,0.02676679276849462,0.14845300821148477,,0.12168621544299016,
2026-09-08,CL,COFFEE,2W,,,,,,0.02676679276849462,0.1482730100886176,,0.12150621732012298,
2026-09-08,CL,COFFEE,1M,,,,,,0.02676679276849462,0.14797394144390807,,0.12120714867541346,
2026-09-08,CL,COFFEE,2M,,,,,,0.02676679276849462,0.14765365092773863,,0.12088685815924402,
2026-09-08,CL,COFFEE,3M,,,,,,0.02676679276849462,0.1475453167697678,,0.12077852400127317,
2026-09-08,CL,COFFEE,6M,,,,,,0.02676679276849462,0.1452012583667024,,0.11843446559820778,
2026-09-08,CL,COFFEE,9M,,,,,,0.02676679276849462,0.14451318545177405,,0.11774639268327944,
2026-09-08,CL,COFFEE,1Y,,,,,,0.02676679276849462,0.14273012189486312,,0.1159633291263685,
2026-09-08,CL,COFFEE,2Y,,,,,,0.02676679276849462,0.14457416799638012,,0.11780737522788551,
2026-09-08,CL,COFFEE,3Y,,,,,,0.02676679276849462,0.14569985399827368,,0.11893306122977906,
2026-09-08,CL,COFFEE,4Y,,,,,,0.02676679276849462,0.14878914406388533,,0.12202235129539071,
2026-09-08,CL,COFFEE,5Y,,,,,,0.02676679276849462,0.14986985083307536,,0.12310305806458074,
2026-09-08,CL,COFFEE,6Y,,,,,,0.02676679276849462,0.15202095876873223,,0.12525416600023762,
2026-09-08,CL,COFFEE,7Y,,,,,,0.02676679276849462,0.15180475313490294,,0.12503796036640832,
2026-09-08,CL,COFFEE,8Y,,,,,,0.02676679276849462,0.15217567361806195,,0.12540888084956733,
2026-09-08,CL,COFFEE,9Y,,,,,,0.02676679276849462,0.15260861338183807,,0.12584182061334345,
2026-09-08,CL,COFFEE,10Y,,,,,,0.02676679276849462,0.15285211490657002,,0.1260853221380754,
2026-09-08,CL,COHRF,1D,,,,,,-0.00041538643131799706,0.1484530082115867,,0.1488683946429047,
2026-09-08,CL,COHRF,1W,,,,,,-0.00041538643131799706,0.14845300821148477,,0.14886839464280277,
2026-09-08,CL,COHRF,2W,,,,,,-0.00041538643131799706,0.1482730100886176,,0.1486883965199356,
2026-09-08,CL,COHRF,1M,,,,,,-0.00041538643131799706,0.14797394144390807,,0.14838932787522607,
2026-09-08,CL,COHRF,2M,,,,,,-0.00041538643131799706,0.14765365092773863,,0.14806903735905663,
2026-09-08,CL,COHRF,3M,,,,,,-0.00041538643131799706,0.1475453167697678,,0.14796070320108579,
2026-09-08,CL,COHRF,6M,,,,,,-0.00041538643131799706,0.1452012583667024,,0.1456166447980204,
2026-09-08,CL,COHRF,9M,,,,,,-0.00041538643131799706,0.14451318545177405,,0.14492857188309205,
2026-09-08,CL,COHRF,1Y,,,,,,-0.00041538643131799706,0.14273012189486312,,0.14314550832618111,
2026-09-08,CL,COHRF,2Y,,,,,,-0.00041538643131799706,0.14457416799638012,,0.14498955442769812,
2026-09-08,CL,COHRF,3Y,,,,,,-0.00041538643131799706,0.14569985399827368,,0.14611524042959168,
2026-09-08,CL,COHRF,4Y,,,,,,-0.00041538643131799706,0.14878914406388533,,0.14920453049520332,
2026-09-08,CL,COHRF,5Y,,,,,,-0.00041538643131799706,0.14986985083307536,,0.15028523726439336,
2026-09-08,CL,COHRF,6Y,,,,,,-0.00041538643131799706,0.15202095876873223,,0.15243634520005023,
2026-09-08,CL,COHRF,7Y,,,,,,-0.00041538643131799706,0.15180475313490294,,0.15222013956622094,
2026-09-08,CL,COHRF,8Y,,,,,,-0.00041538643131799706,0.15217567361806195,,0.15259106004937995,
2026-09-08,CL,COHRF,9Y,,,,,,-0.00041538643131799706,0.15260861338183807,,0.15302399981315606,
2026-09-08,CL,COHRF,10Y,,,,,,-0.00041538643131799706,0.15285211490657002,,0.15326750133788802,
2026-09-08,CL,COPPER,1D,,,,,,-0.005999984680523982,0.1484530082115867,,0.15445299289211067,
2026-09-08,CL,COPPER,1W,,,,,,-0.005999984680523982,0.14845300821148477,,0.15445299289200876,
2026-09-08,CL,COPPER,2W,,,,,,-0.005999984680523982,0.1482730100886176,,0.15427299476914158,
2026-09-08,CL,COPPER,1M,,,,,,-0.005999984680523982,0.14797394144390807,,0.15397392612443206,
2026-09-08,CL,COPPER,2M,,,,,,-0.005999984680523982,0.14765365092773863,,0.15365363560826262,
2026-09-08,CL,COPPER,3M,,,,,,-0.005999984680523982,0.1475453167697678,,0.15354530145029177,
2026-09-08,CL,COPPER,6M,,,,,,-0.0001318677951763509,0.1452012583667024,,0.14533312616187874,
2026-09-08,CL,COPPER,9M,,,,,,0.0,0.14451318545177405,,0.14451318545177405,
2026-09-08,CL,COPPER,1Y,,,,,,0.0,0.14273012189486312,,0.14273012189486312,
2026-09-08,CL,COPPER,2Y,,,,,,0.0,0.14457416799638012,,0.14457416799638012,
2026-09-08,CL,COPPER,3Y,,,,,,0.0,0.14569985399827368,,0.14569985399827368,
2026-09-08,CL,COPPER,4Y,,,,,,0.0,0.14878914406388533,,0.14878914406388533,
2026-09-08,CL,COPPER,5Y,,,,,,0.0,0.14986985083307536,,0.14986985083307536,
2026-09-08,CL,COPPER,6Y,,,,,,0.0,0.15202095876873223,,0.15202095876873223,
2026-09-08,CL,COPPER,7Y,,,,,,0.0,0.15180475313490294,,0.15180475313490294,
2026-09-08,CL,COPPER,8Y,,,,,,0.0,0.15217567361806195,,0.15217567361806195,
2026-09-08,CL,COPPER,9Y,,,,,,0.0,0.15260861338183807,,0.15260861338183807,
2026-09-08,CL,COPPER,10Y,,,,,,0.0,0.15285211490657002,,0.15285211490657002,
2026-09-08,CL,DAX,1D,,,,,,-0.0075295479423312705,0.1484530082115867,,0.15598255615391796,
2026-09-08,CL,DAX,1W,,,,,,-0.0075295479423312705,0.14845300821148477,,0.15598255615381604,
2026-09-08,CL,DAX,2W,,,,,,-0.0075295479423312705,0.1482730100886176,,0.15580255803094886,
2026-09-08,CL,DAX,1M,,,,,,-0.0075295479423312705,0.14797394144390807,,0.15550348938623934,
2026-09-08,CL,DAX,2M,,,,,,-0.0075295479423312705,0.14765365092773863,,0.1551831988700699,
2026-09-08,CL,DAX,3M,,,,,,-0.0075295479423312705,0.1475453167697678,,0.15507486471209905,
2026-09-08,CL,DAX,6M,,,,,,-0.0075295479423312705,0.1452012583667024,,0.15273080630903366,
2026-09-08,CL,DAX,9M,,,,,,-0.0075295479423312705,0.14451318545177405,,0.15204273339410532,
2026-09-08,CL,DAX,1Y,,,,,,-0.0075295479423312705,0.14273012189486312,,0.15025966983719438,
2026-09-08,CL,DAX,2Y,,,,,,-0.0075295479423312705,0.14457416799638012,,0.1521037159387114,
2026-09-08,CL,DAX,3Y,,,,,,-0.0075295479423312705,0.14569985399827368,,0.15322940194060494,
2026-09-08,CL,DAX,4Y,,,,,,-0.0075295479423312705,0.14878914406388533,,0.1563186920062166,
2026-09-08,CL,DAX,5Y,,,,,,-0.0075295479423312705,0.14986985083307536,,0.15739939877540662,
2026-09-08,CL,DAX,6Y,,,,,,-0.0075295479423312705,0.15202095876873223,,0.1595505067110635,
2026-09-08,CL,DAX,7Y,,,,,,-0.0075295479423312705,0.15180475313490294,,0.1593343010772342,
2026-09-08,CL,DAX,8Y,,,,,,-0.0075295479423312705,0.15217567361806195,,0.1597052215603932,
2026-09-08,CL,DAX,9Y,,,,,,-0.0075295479423312705,0.15260861338183807,,0.16013816132416933,
2026-09-08,CL,DAX,10Y,,,,,,-0.0075295479423312705,0.15285211490657002,,0.1603816628489013,
2026-09-08,CL,DJ30,1D,,,,,,-0.00377291817019767,0.1484530082115867,,0.15222592638178437,
2026-09-08,CL,DJ30,1W,,,,,,-0.00377291817019767,0.14845300821148477,,0.15222592638168245,
2026-09-08,CL,DJ30,2W,,,,,,-0.00377291817019767,0.1482730100886176,,0.15204592825881527,
2026-09-08,CL,DJ30,1M,,,,,,-0.00377291817019767,0.14797394144390807,,0.15174685961410575,
2026-09-08,CL,DJ30,2M,,,,,,-0.00377291817019767,0.14765365092773863,,0.1514265690979363,
2026-09-08,CL,DJ30,3M,,,,,,-0.00377291817019767,0.1475453167697678,,0.15131823493996546,
2026-09-08,CL,DJ30,6M,,,,,,-0.00377291817019767,0.1452012583667024,,0.14897417653690007,
2026-09-08,CL,DJ30,9M,,,,,,-0.00377291817019767,0.14451318545177405,,0.14828610362197173,
2026-09-08,CL,DJ30,1Y,,,,,,-0.00377291817019767,0.14273012189486312,,0.1465030400650608,
2026-09-08,CL,DJ30,2Y,,,,,,-0.00377291817019767,0.14457416799638012,,0.1483470861665778,
2026-09-08,CL,DJ30,3Y,,,,,,-0.00377291817019767,0.14569985399827368,,0.14947277216847135,
2026-09-08,CL,DJ30,4Y,,,,,,-0.00377291817019767,0.14878914406388533,,0.152562062234083,
2026-09-08,CL,DJ30,5Y,,,,,,-0.00377291817019767,0.14986985083307536,,0.15364276900327303,
2026-09-08,CL,DJ30,6Y,,,,,,-0.00377291817019767,0.15202095876873223,,0.1557938769389299,
2026-09-08,CL,DJ30,7Y,,,,,,-0.00377291817019767,0.15180475313490294,,0.1555776713051006,
2026-09-08,CL,DJ30,8Y,,,,,,-0.00377291817019767,0.15217567361806195,,0.15594859178825962,
2026-09-08,CL,DJ30,9Y,,,,,,-0.00377291817019767,0.15260861338183807,,0.15638153155203574,
2026-09-08,CL,DJ30,10Y,,,,,,-0.00377291817019767,0.15285211490657002,,0.1566250330767677,
2026-09-08,CL,DOMRF,1D,,,,,,0.15613865848488098,0.1484530082115867,,-0.007685650273294292,
2026-09-08,CL,DOMRF,1W,,,,,,0.15613865848488098,0.14845300821148477,,-0.007685650273396211,
2026-09-08,CL,DOMRF,2W,,,,,,0.1552667924632877,0.1482730100886176,,-0.0069937823746701044,
2026-09-08,CL,DOMRF,1M,,,,,,0.15247682119418918,0.14797394144390807,,-0.004502879750281102,
2026-09-08,CL,DOMRF,2M,,,,,,0.14724562506462946,0.14765365092773863,,0.00040802586310917377,
2026-09-08,CL,DOMRF,3M,,,,,,0.14201442893506971,0.1475453167697678,,0.005530887834698073,
2026-09-08,CL,DOMRF,6M,,,,,,0.14027069689188315,0.1452012583667024,,0.0049305614748192395,
2026-09-08,CL,DOMRF,9M,,,,,,0.14027069689188315,0.14451318545177405,,0.0042424885598909,
2026-09-08,CL,DOMRF,1Y,,,,,,0.14027069689188315,0.14273012189486312,,0.0024594250029799647,
2026-09-08,CL,DOMRF,2Y,,,,,,0.14027069689188315,0.14457416799638012,,0.00430347110449697,
2026-09-08,CL,DOMRF,3Y,,,,,,0.14027069689188315,0.14569985399827368,,0.005429157106390525,
2026-09-08,CL,DOMRF,4Y,,,,,,0.14027069689188315,0.14878914406388533,,0.008518447172002175,
2026-09-08,CL,DOMRF,5Y,,,,,,0.14027069689188315,0.14986985083307536,,0.009599153941192207,
2026-09-08,CL,DOMRF,6Y,,,,,,0.14027069689188315,0.15202095876873223,,0.011750261876849077,
2026-09-08,CL,DOMRF,7Y,,,,,,0.14027069689188315,0.15180475313490294,,0.011534056243019786,
2026-09-08,CL,DOMRF,8Y,,,,,,0.14027069689188315,0.15217567361806195,,0.011904976726178795,
2026-09-08,CL,DOMRF,9Y,,,,,,0.14027069689188315,0.15260861338183807,,0.012337916489954914,
2026-09-08,CL,DOMRF,10Y,,,,,,0.14027069689188315,0.15285211490657002,,0.012581418014686874,
2026-09-08,CL,DTL,1D,,,,,,-0.1702150307770842,0.1484530082115867,,0.3186680389886709,
2026-09-08,CL,DTL,1W,,,,,,-0.1702150307770842,0.14845300821148477,,0.318668038988569,
2026-09-08,CL,DTL,2W,,,,,,-0.1702150307770842,0.1482730100886176,,0.3184880408657018,
2026-09-08,CL,DTL,1M,,,,,,-0.1702150307770842,0.14797394144390807,,0.3181889722209923,
2026-09-08,CL,DTL,2M,,,,,,-0.1198856100481731,0.14765365092773863,,0.26753926097591174,
2026-09-08,CL,DTL,3M,,,,,,-0.1198856100481731,0.1475453167697678,,0.2674309268179409,
2026-09-08,CL,DTL,6M,,,,,,-0.1198856100481731,0.1452012583667024,,0.2650868684148755,
2026-09-08,CL,DTL,9M,,,,,,-0.1198856100481731,0.14451318545177405,,0.26439879549994716,
2026-09-08,CL,DTL,1Y,,,,,,-0.1198856100481731,0.14273012189486312,,0.2626157319430362,
2026-09-08,CL,DTL,2Y,,,,,,-0.1198856100481731,0.14457416799638012,,0.26445977804455323,
2026-09-08,CL,DTL,3Y,,,,,,-0.1198856100481731,0.14569985399827368,,0.2655854640464468,
2026-09-08,CL,DTL,4Y,,,,,,-0.1198856100481731,0.14878914406388533,,0.26867475411205843,
2026-09-08,CL,DTL,5Y,,,,,,-0.1198856100481731,0.14986985083307536,,0.26975546088124847,
2026-09-08,CL,DTL,6Y,,,,,,-0.1198856100481731,0.15202095876873223,,0.27190656881690534,
2026-09-08,CL,DTL,7Y,,,,,,-0.1198856100481731,0.15180475313490294,,0.27169036318307604,
2026-09-08,CL,DTL,8Y,,,,,,-0.1198856100481731,0.15217567361806195,,0.27206128366623505,
2026-09-08,CL,DTL,9Y,,,,,,-0.1198856100481731,0.15260861338183807,,0.2724942234300112,
2026-09-08,CL,DTL,10Y,,,,,,-0.1198856100481731,0.15285211490657002,,0.27273772495474313,
2026-09-08,CL,ECAD,1D,,,,,,0.009140310881633652,0.1484530082115867,,0.13931269732995305,
2026-09-08,CL,ECAD,1W,,,,,,0.009140310881633652,0.14845300821148477,,0.13931269732985113,
2026-09-08,CL,ECAD,2W,,,,,,0.009140310881633652,0.1482730100886176,,0.13913269920698396,
2026-09-08,CL,ECAD,1M,,,,,,0.009140310881633652,0.14797394144390807,,0.13883363056227443,
2026-09-08,CL,ECAD,2M,,,,,,0.009140310881633652,0.14765365092773863,,0.138513340046105,
2026-09-08,CL,ECAD,3M,,,,,,0.009140310881633652,0.1475453167697678,,0.13840500588813415,
2026-09-08,CL,ECAD,6M,,,,,,0.009140310881633652,0.1452012583667024,,0.13606094748506875,
2026-09-08,CL,ECAD,9M,,,,,,0.009140310881633652,0.14451318545177405,,0.1353728745701404,
2026-09-08,CL,ECAD,1Y,,,,,,0.009140310881633652,0.14273012189486312,,0.13358981101322948,
2026-09-08,CL,ECAD,2Y,,,,,,0.009140310881633652,0.14457416799638012,,0.13543385711474648,
2026-09-08,CL,ECAD,3Y,,,,,,0.009140310881633652,0.14569985399827368,,0.13655954311664004,
2026-09-08,CL,ECAD,4Y,,,,,,0.009140310881633652,0.14878914406388533,,0.13964883318225169,
2026-09-08,CL,ECAD,5Y,,,,,,0.009140310881633652,0.14986985083307536,,0.14072953995144172,
2026-09-08,CL,ECAD,6Y,,,,,,0.009140310881633652,0.15202095876873223,,0.1428806478870986,
2026-09-08,CL,ECAD,7Y,,,,,,0.009140310881633652,0.15180475313490294,,0.1426644422532693,
2026-09-08,CL,ECAD,8Y,,,,,,0.009140310881633652,0.15217567361806195,,0.1430353627364283,
2026-09-08,CL,ECAD,9Y,,,,,,0.009140310881633652,0.15260861338183807,,0.14346830250020443,
2026-09-08,CL,ECAD,10Y,,,,,,0.009140310881633652,0.15285211490657002,,0.14371180402493638,
2026-09-08,CL,ED,1D,,,,,,-0.0041492993469181725,0.1484530082115867,,0.15260230755850487,
2026-09-08,CL,ED,1W,,,,,,-0.0041492993469181725,0.14845300821148477,,0.15260230755840296,
2026-09-08,CL,ED,2W,,,,,,-0.0041492993469181725,0.1482730100886176,,0.15242230943553578,
2026-09-08,CL,ED,1M,,,,,,-0.0041492993469181725,0.14797394144390807,,0.15212324079082626,
2026-09-08,CL,ED,2M,,,,,,-0.0041492993469181725,0.14765365092773863,,0.15180295027465682,
2026-09-08,CL,ED,3M,,,,,,-0.0041492993469181725,0.1475453167697678,,0.15169461611668597,
2026-09-08,CL,ED,6M,,,,,,-0.004151400541263842,0.1452012583667024,,0.14935265890796623,
2026-09-08,CL,ED,9M,,,,,,-0.001251350713200421,0.14451318545177405,,0.14576453616497448,
2026-09-08,CL,ED,1Y,,,,,,0.0016402395118853472,0.14273012189486312,,0.14108988238297776,
2026-09-08,CL,ED,2Y,,,,,,0.0016402395118853472,0.14457416799638012,,0.14293392848449477,
2026-09-08,CL,ED,3Y,,,,,,0.0016402395118853472,0.14569985399827368,,0.14405961448638832,
2026-09-08,CL,ED,4Y,,,,,,0.0016402395118853472,0.14878914406388533,,0.14714890455199997,
2026-09-08,CL,ED,5Y,,,,,,0.0016402395118853472,0.14986985083307536,,0.14822961132119,
2026-09-08,CL,ED,6Y,,,,,,0.0016402395118853472,0.15202095876873223,,0.15038071925684687,
2026-09-08,CL,ED,7Y,,,,,,0.0016402395118853472,0.15180475313490294,,0.15016451362301758,
2026-09-08,CL,ED,8Y,,,,,,0.0016402395118853472,0.15217567361806195,,0.1505354341061766,
2026-09-08,CL,ED,9Y,,,,,,0.0016402395118853472,0.15260861338183807,,0.1509683738699527,
2026-09-08,CL,ED,10Y,,,,,,0.0016402395118853472,0.15285211490657002,,0.15121187539468467,
2026-09-08,CL,EGBP,1D,,,,,,0.00970863695949071,0.1484530082115867,,0.138744371252096,
2026-09-08,CL,EGBP,1W,,,,,,0.00970863695949071,0.14845300821148477,,0.13874437125199407,
2026-09-08,CL,EGBP,2W,,,,,,0.00970863695949071,0.1482730100886176,,0.1385643731291269,
2026-09-08,CL,EGBP,1M,,,,,,0.00970863695949071,0.14797394144390807,,0.13826530448441737,
2026-09-08,CL,EGBP,2M,,,,,,0.00970863695949071,0.14765365092773863,,0.13794501396824793,
2026-09-08,CL,EGBP,3M,,,,,,0.00970863695949071,0.1475453167697678,,0.13783667981027709,
2026-09-08,CL,EGBP,6M,,,,,,0.00970863695949071,0.1452012583667024,,0.1354926214072117,
2026-09-08,CL,EGBP,9M,,,,,,0.00970863695949071,0.14451318545177405,,0.13480454849228335,
2026-09-08,CL,EGBP,1Y,,,,,,0.00970863695949071,0.14273012189486312,,0.1330214849353724,
2026-09-08,CL,EGBP,2Y,,,,,,0.00970863695949071,0.14457416799638012,,0.13486553103688942,
2026-09-08,CL,EGBP,3Y,,,,,,0.00970863695949071,0.14569985399827368,,0.13599121703878297,
2026-09-08,CL,EGBP,4Y,,,,,,0.00970863695949071,0.14878914406388533,,0.13908050710439462,
2026-09-08,CL,EGBP,5Y,,,,,,0.00970863695949071,0.14986985083307536,,0.14016121387358466,
2026-09-08,CL,EGBP,6Y,,,,,,0.00970863695949071,0.15202095876873223,,0.14231232180924153,
2026-09-08,CL,EGBP,7Y,,,,,,0.00970863695949071,0.15180475313490294,,0.14209611617541223,
2026-09-08,CL,EGBP,8Y,,,,,,0.00970863695949071,0.15217567361806195,,0.14246703665857124,
2026-09-08,CL,EGBP,9Y,,,,,,0.00970863695949071,0.15260861338183807,,0.14289997642234736,
2026-09-08,CL,EGBP,10Y,,,,,,0.00970863695949071,0.15285211490657002,,0.14314347794707932,
2026-09-08,CL,EJPY,1D,,,,,,0.004652991502656291,0.1484530082115867,,0.1438000167089304,
2026-09-08,CL,EJPY,1W,,,,,,0.004652991502656291,0.14845300821148477,,0.14380001670882847,
2026-09-08,CL,EJPY,2W,,,,,,0.004652991502656291,0.1482730100886176,,0.1436200185859613,
2026-09-08,CL,EJPY,1M,,,,,,0.004652991502656291,0.14797394144390807,,0.14332094994125177,
2026-09-08,CL,EJPY,2M,,,,,,0.004652991502656291,0.14765365092773863,,0.14300065942508233,
2026-09-08,CL,EJPY,3M,,,,,,0.004652991502656291,0.1475453167697678,,0.1428923252671115,
2026-09-08,CL,EJPY,6M,,,,,,0.004652991502656291,0.1452012583667024,,0.1405482668640461,
2026-09-08,CL,EJPY,9M,,,,,,0.004652991502656291,0.14451318545177405,,0.13986019394911775,
2026-09-08,CL,EJPY,1Y,,,,,,0.004652991502656291,0.14273012189486312,,0.13807713039220681,
2026-09-08,CL,EJPY,2Y,,,,,,0.004652991502656291,0.14457416799638012,,0.13992117649372382,
2026-09-08,CL,EJPY,3Y,,,,,,0.004652991502656291,0.14569985399827368,,0.14104686249561738,
2026-09-08,CL,EJPY,4Y,,,,,,0.004652991502656291,0.14878914406388533,,0.14413615256122903,
2026-09-08,CL,EJPY,5Y,,,,,,0.004652991502656291,0.14986985083307536,,0.14521685933041906,
2026-09-08,CL,EJPY,6Y,,,,,,0.004652991502656291,0.15202095876873223,,0.14736796726607593,
2026-09-08,CL,EJPY,7Y,,,,,,0.004652991502656291,0.15180475313490294,,0.14715176163224664,
2026-09-08,CL,EJPY,8Y,,,,,,0.004652991502656291,0.15217567361806195,,0.14752268211540565,
2026-09-08,CL,EJPY,9Y,,,,,,0.004652991502656291,0.15260861338183807,,0.14795562187918176,
2026-09-08,CL,EJPY,10Y,,,,,,0.004652991502656291,0.15285211490657002,,0.14819912340391372,
2026-09-08,CL,EM,1D,,,,,,0.07397999252303256,0.1484530082115867,,0.07447301568855413,
2026-09-08,CL,EM,1W,,,,,,0.07397999252303256,0.14845300821148477,,0.07447301568845222,
2026-09-08,CL,EM,2W,,,,,,0.07397999252303256,0.1482730100886176,,0.07429301756558504,
2026-09-08,CL,EM,1M,,,,,,0.07397999252303256,0.14797394144390807,,0.07399394892087552,
2026-09-08,CL,EM,2M,,,,,,0.07397999252303256,0.14765365092773863,,0.07367365840470608,
2026-09-08,CL,EM,3M,,,,,,0.07397999252303256,0.1475453167697678,,0.07356532424673523,
2026-09-08,CL,EM,6M,,,,,,0.07397999252303256,0.1452012583667024,,0.07122126584366983,
2026-09-08,CL,EM,9M,,,,,,0.07397999252303256,0.14451318545177405,,0.0705331929287415,
2026-09-08,CL,EM,1Y,,,,,,0.07397999252303256,0.14273012189486312,,0.06875012937183056,
2026-09-08,CL,EM,2Y,,,,,,0.07397999252303256,0.14457416799638012,,0.07059417547334756,
2026-09-08,CL,EM,3Y,,,,,,0.07397999252303256,0.14569985399827368,,0.07171986147524112,
2026-09-08,CL,EM,4Y,,,,,,0.07397999252303256,0.14878914406388533,,0.07480915154085277,
2026-09-08,CL,EM,5Y,,,,,,0.07397999252303256,0.14986985083307536,,0.0758898583100428,
2026-09-08,CL,EM,6Y,,,,,,0.07397999252303256,0.15202095876873223,,0.07804096624569967,
2026-09-08,CL,EM,7Y,,,,,,0.07397999252303256,0.15180475313490294,,0.07782476061187038,
2026-09-08,CL,EM,8Y,,,,,,0.07397999252303256,0.15217567361806195,,0.07819568109502939,
2026-09-08,CL,EM,9Y,,,,,,0.07397999252303256,0.15260861338183807,,0.07862862085880551,
2026-09-08,CL,EM,10Y,,,,,,0.07397999252303256,0.15285211490657002,,0.07887212238353747,
2026-09-08,CL,ENPG,1D,,,,,,0.15029063808239412,0.1484530082115867,,-0.0018376298708074335,
2026-09-08,CL,ENPG,1W,,,,,,0.15029063808239412,0.14845300821148477,,-0.001837629870909352,
2026-09-08,CL,ENPG,2W,,,,,,0.1499359529324121,0.1482730100886176,,-0.001662942843794507,
2026-09-08,CL,ENPG,1M,,,,,,0.1488009604524696,0.14797394144390807,,-0.0008270190085615248,
2026-09-08,CL,ENPG,2M,,,,,,0.1466728495525774,0.14765365092773863,,0.0009808013751612388,
2026-09-08,CL,ENPG,3M,,,,,,0.14454473865268522,0.1475453167697678,,0.0030005781170825696,
2026-09-08,CL,ENPG,6M,,,,,,0.14383536835272115,0.1452012583667024,,0.0013658900139812413,
2026-09-08,CL,ENPG,9M,,,,,,0.14383536835272115,0.14451318545177405,,0.000677817099052902,
2026-09-08,CL,ENPG,1Y,,,,,,0.14383536835272115,0.14273012189486312,,-0.0011052464578580334,
2026-09-08,CL,ENPG,2Y,,,,,,0.14383536835272115,0.14457416799638012,,0.0007387996436589717,
2026-09-08,CL,ENPG,3Y,,,,,,0.14383536835272115,0.14569985399827368,,0.0018644856455525272,
2026-09-08,CL,ENPG,4Y,,,,,,0.14383536835272115,0.14878914406388533,,0.004953775711164177,
2026-09-08,CL,ENPG,5Y,,,,,,0.14383536835272115,0.14986985083307536,,0.0060344824803542085,
2026-09-08,CL,ENPG,6Y,,,,,,0.14383536835272115,0.15202095876873223,,0.00818559041601108,
2026-09-08,CL,ENPG,7Y,,,,,,0.14383536835272115,0.15180475313490294,,0.007969384782181788,
2026-09-08,CL,ENPG,8Y,,,,,,0.14383536835272115,0.15217567361806195,,0.008340305265340797,
2026-09-08,CL,ENPG,9Y,,,,,,0.14383536835272115,0.15260861338183807,,0.008773245029116916,
2026-09-08,CL,ENPG,10Y,,,,,,0.14383536835272115,0.15285211490657002,,0.009016746553848876,
2026-09-08,CL,ETH,1D,,,,,,0.14483913783288074,0.1484530082115867,,0.0036138703787059467,
2026-09-08,CL,ETH,1W,,,,,,0.14483913783288074,0.14845300821148477,,0.0036138703786040283,
2026-09-08,CL,ETH,2W,,,,,,0.14483913783288074,0.1482730100886176,,0.003433872255736853,
2026-09-08,CL,ETH,1M,,,,,,0.11512103773839798,0.14797394144390807,,0.0328529037055101,
2026-09-08,CL,ETH,2M,,,,,,0.06460538977949076,0.14765365092773863,,0.08304826114824787,
2026-09-08,CL,ETH,3M,,,,,,0.0640466933588806,0.1475453167697678,,0.0834986234108872,
2026-09-08,CL,ETH,6M,,,,,,0.0640466933588806,0.1452012583667024,,0.0811545650078218,
2026-09-08,CL,ETH,9M,,,,,,0.0640466933588806,0.14451318545177405,,0.08046649209289346,
2026-09-08,CL,ETH,1Y,,,,,,0.0640466933588806,0.14273012189486312,,0.07868342853598252,
2026-09-08,CL,ETH,2Y,,,,,,0.0640466933588806,0.14457416799638012,,0.08052747463749953,
2026-09-08,CL,ETH,3Y,,,,,,0.0640466933588806,0.14569985399827368,,0.08165316063939308,
2026-09-08,CL,ETH,4Y,,,,,,0.0640466933588806,0.14878914406388533,,0.08474245070500473,
2026-09-08,CL,ETH,5Y,,,,,,0.0640466933588806,0.14986985083307536,,0.08582315747419476,
2026-09-08,CL,ETH,6Y,,,,,,0.0640466933588806,0.15202095876873223,,0.08797426540985163,
2026-09-08,CL,ETH,7Y,,,,,,0.0640466933588806,0.15180475313490294,,0.08775805977602234,
2026-09-08,CL,ETH,8Y,,,,,,0.0640466933588806,0.15217567361806195,,0.08812898025918135,
2026-09-08,CL,ETH,9Y,,,,,,0.0640466933588806,0.15260861338183807,,0.08856192002295747,
2026-09-08,CL,ETH,10Y,,,,,,0.0640466933588806,0.15285211490657002,,0.08880542154768943,
2026-09-08,CL,ETHA,1D,,,,,,0.0910905414360578,0.1484530082115867,,0.05736246677552889,
2026-09-08,CL,ETHA,1W,,,,,,0.0910905414360578,0.14845300821148477,,0.057362466775426973,
2026-09-08,CL,ETHA,2W,,,,,,0.0910905414360578,0.1482730100886176,,0.0571824686525598,
2026-09-08,CL,ETHA,1M,,,,,,0.0910905414360578,0.14797394144390807,,0.05688340000785028,
2026-09-08,CL,ETHA,2M,,,,,,0.0910905414360578,0.14765365092773863,,0.056563109491680835,
2026-09-08,CL,ETHA,3M,,,,,,0.0910905414360578,0.1475453167697678,,0.05645477533370999,
2026-09-08,CL,ETHA,6M,,,,,,0.0910905414360578,0.1452012583667024,,0.05411071693064459,
2026-09-08,CL,ETHA,9M,,,,,,0.0910905414360578,0.14451318545177405,,0.05342264401571625,
2026-09-08,CL,ETHA,1Y,,,,,,0.0910905414360578,0.14273012189486312,,0.05163958045880532,
2026-09-08,CL,ETHA,2Y,,,,,,0.0910905414360578,0.14457416799638012,,0.05348362656032232,
2026-09-08,CL,ETHA,3Y,,,,,,0.0910905414360578,0.14569985399827368,,0.05460931256221588,
2026-09-08,CL,ETHA,4Y,,,,,,0.0910905414360578,0.14878914406388533,,0.05769860262782753,
2026-09-08,CL,ETHA,5Y,,,,,,0.0910905414360578,0.14986985083307536,,0.05877930939701756,
2026-09-08,CL,ETHA,6Y,,,,,,0.0910905414360578,0.15202095876873223,,0.06093041733267443,
2026-09-08,CL,ETHA,7Y,,,,,,0.0910905414360578,0.15180475313490294,,0.06071421169884514,
2026-09-08,CL,ETHA,8Y,,,,,,0.0910905414360578,0.15217567361806195,,0.06108513218200415,
2026-09-08,CL,ETHA,9Y,,,,,,0.0910905414360578,0.15260861338183807,,0.06151807194578027,
2026-09-08,CL,ETHA,10Y,,,,,,0.0910905414360578,0.15285211490657002,,0.06176157347051223,
2026-09-08,CL,EURM,1D,,,,,,-0.016138303259340122,0.1484530082115867,,0.16459131147092682,
2026-09-08,CL,EURM,1W,,,,,,-0.016138303259340122,0.14845300821148477,,0.1645913114708249,
2026-09-08,CL,EURM,2W,,,,,,-0.012872087908541644,0.1482730100886176,,0.16114509799715923,
2026-09-08,CL,EURM,1M,,,,,,-0.002420198785986514,0.14797394144390807,,0.15039414022989459,
2026-09-08,CL,EURM,2M,,,,,,0.017177093318804352,0.14765365092773863,,0.13047655760893428,
2026-09-08,CL,EURM,3M,,,,,,0.03677438542359522,0.1475453167697678,,0.11077093134617257,
2026-09-08,CL,EURM,6M,,,,,,0.04330681612519218,0.1452012583667024,,0.1018944422415102,
2026-09-08,CL,EURM,9M,,,,,,0.04330681612519218,0.14451318545177405,,0.10120636932658186,
2026-09-08,CL,EURM,1Y,,,,,,0.04330681612519218,0.14273012189486312,,0.09942330576967093,
2026-09-08,CL,EURM,2Y,,,,,,0.04330681612519218,0.14457416799638012,,0.10126735187118793,
2026-09-08,CL,EURM,3Y,,,,,,0.04330681612519218,0.14569985399827368,,0.10239303787308149,
2026-09-08,CL,EURM,4Y,,,,,,0.04330681612519218,0.14878914406388533,,0.10548232793869314,
2026-09-08,CL,EURM,5Y,,,,,,0.04330681612519218,0.14986985083307536,,0.10656303470788317,
2026-09-08,CL,EURM,6Y,,,,,,0.04330681612519218,0.15202095876873223,,0.10871414264354004,
2026-09-08,CL,EURM,7Y,,,,,,0.04330681612519218,0.15180475313490294,,0.10849793700971075,
2026-09-08,CL,EURM,8Y,,,,,,0.04330681612519218,0.15217567361806195,,0.10886885749286976,
2026-09-08,CL,EURM,9Y,,,,,,0.04330681612519218,0.15260861338183807,,0.10930179725664588,
2026-09-08,CL,EURM,10Y,,,,,,0.04330681612519218,0.15285211490657002,,0.10954529878137784,
2026-09-08,CL,EURRUBTOM,1D,,,,,,-0.012506625073350897,0.1484530082115867,,0.1609596332849376,
2026-09-08,CL,EURRUBTOM,1W,,,,,,-0.012506625073350897,0.14845300821148477,,0.16095963328483567,
2026-09-08,CL,EURRUBTOM,2W,,,,,,-0.009327625787775202,0.1482730100886176,,0.1576006358763928,
2026-09-08,CL,EURRUBTOM,1M,,,,,,0.0008451719260670221,0.14797394144390807,,0.14712876951784104,
2026-09-08,CL,EURRUBTOM,2M,,,,,,0.019919167639521194,0.14765365092773863,,0.12773448328821743,
2026-09-08,CL,EURRUBTOM,3M,,,,,,0.03899316335297536,0.1475453167697678,,0.10855215341679242,
2026-09-08,CL,EURRUBTOM,6M,,,,,,0.05708305603678899,0.1452012583667024,,0.08811820232991341,
2026-09-08,CL,EURRUBTOM,9M,,,,,,0.07508474103575881,0.14451318545177405,,0.06942844441601524,
2026-09-08,CL,EURRUBTOM,1Y,,,,,,0.07757414096869229,0.14273012189486312,,0.06515598092617082,
2026-09-08,CL,EURRUBTOM,2Y,,,,,,0.07757414096869229,0.14457416799638012,,0.06700002702768783,
2026-09-08,CL,EURRUBTOM,3Y,,,,,,0.07757414096869229,0.14569985399827368,,0.06812571302958138,
2026-09-08,CL,EURRUBTOM,4Y,,,,,,0.07757414096869229,0.14878914406388533,,0.07121500309519303,
2026-09-08,CL,EURRUBTOM,5Y,,,,,,0.07757414096869229,0.14986985083307536,,0.07229570986438306,
2026-09-08,CL,EURRUBTOM,6Y,,,,,,0.07757414096869229,0.15202095876873223,,0.07444681780003994,
2026-09-08,CL,EURRUBTOM,7Y,,,,,,0.07757414096869229,0.15180475313490294,,0.07423061216621064,
2026-09-08,CL,EURRUBTOM,8Y,,,,,,0.07757414096869229,0.15217567361806195,,0.07460153264936965,
2026-09-08,CL,EURRUBTOM,9Y,,,,,,0.07757414096869229,0.15260861338183807,,0.07503447241314577,
2026-09-08,CL,EURRUBTOM,10Y,,,,,,0.07757414096869229,0.15285211490657002,,0.07527797393787773,
2026-09-08,CL,Eu,1D,,,,,,-0.012506625073350897,0.1484530082115867,,0.1609596332849376,
2026-09-08,CL,Eu,1W,,,,,,-0.012506625073350897,0.14845300821148477,,0.16095963328483567,
2026-09-08,CL,Eu,2W,,,,,,-0.009327625787775202,0.1482730100886176,,0.1576006358763928,
2026-09-08,CL,Eu,1M,,,,,,0.0008451719260670221,0.14797394144390807,,0.14712876951784104,
2026-09-08,CL,Eu,2M,,,,,,0.019919167639521194,0.14765365092773863,,0.12773448328821743,
2026-09-08,CL,Eu,3M,,,,,,0.03899316335297536,0.1475453167697678,,0.10855215341679242,
2026-09-08,CL,Eu,6M,,,,,,0.05708305603678899,0.1452012583667024,,0.08811820232991341,
2026-09-08,CL,Eu,9M,,,,,,0.07508474103575881,0.14451318545177405,,0.06942844441601524,
2026-09-08,CL,Eu,1Y,,,,,,0.07757414096869229,0.14273012189486312,,0.06515598092617082,
2026-09-08,CL,Eu,2Y,,,,,,0.07757414096869229,0.14457416799638012,,0.06700002702768783,
2026-09-08,CL,Eu,3Y,,,,,,0.07757414096869229,0.14569985399827368,,0.06812571302958138,
2026-09-08,CL,Eu,4Y,,,,,,0.07757414096869229,0.14878914406388533,,0.07121500309519303,
2026-09-08,CL,Eu,5Y,,,,,,0.07757414096869229,0.14986985083307536,,0.07229570986438306,
2026-09-08,CL,Eu,6Y,,,,,,0.07757414096869229,0.15202095876873223,,0.07444681780003994,
2026-09-08,CL,Eu,7Y,,,,,,0.07757414096869229,0.15180475313490294,,0.07423061216621064,
2026-09-08,CL,Eu,8Y,,,,,,0.07757414096869229,0.15217567361806195,,0.07460153264936965,
2026-09-08,CL,Eu,9Y,,,,,,0.07757414096869229,0.15260861338183807,,0.07503447241314577,
2026-09-08,CL,Eu,10Y,,,,,,0.07757414096869229,0.15285211490657002,,0.07527797393787773,
2026-09-08,CL,FEES,1D,,,,,,0.13370407619648905,0.1484530082115867,,0.014748932015097638,
2026-09-08,CL,FEES,1W,,,,,,0.13370407619648905,0.14845300821148477,,0.01474893201499572,
2026-09-08,CL,FEES,2W,,,,,,0.13377638855281904,0.1482730100886176,,0.01449662153579856,
2026-09-08,CL,FEES,1M,,,,,,0.13400778809307504,0.14797394144390807,,0.013966153350833038,
2026-09-08,CL,FEES,2M,,,,,,0.13444166223105503,0.14765365092773863,,0.013211988696683608,
2026-09-08,CL,FEES,3M,,,,,,0.134875536369035,0.1475453167697678,,0.0126697804007328,
2026-09-08,CL,FEES,6M,,,,,,0.13502016108169498,0.1452012583667024,,0.010181097285007407,
2026-09-08,CL,FEES,9M,,,,,,0.13502016108169498,0.14451318545177405,,0.009493024370079067,
2026-09-08,CL,FEES,1Y,,,,,,0.13502016108169498,0.14273012189486312,,0.007709960813168132,
2026-09-08,CL,FEES,2Y,,,,,,0.13502016108169498,0.14457416799638012,,0.009554006914685137,
2026-09-08,CL,FEES,3Y,,,,,,0.13502016108169498,0.14569985399827368,,0.010679692916578692,
2026-09-08,CL,FEES,4Y,,,,,,0.13502016108169498,0.14878914406388533,,0.013768982982190342,
2026-09-08,CL,FEES,5Y,,,,,,0.13502016108169498,0.14986985083307536,,0.014849689751380374,
2026-09-08,CL,FEES,6Y,,,,,,0.13502016108169498,0.15202095876873223,,0.017000797687037245,
2026-09-08,CL,FEES,7Y,,,,,,0.13502016108169498,0.15180475313490294,,0.016784592053207953,
2026-09-08,CL,FEES,8Y,,,,,,0.13502016108169498,0.15217567361806195,,0.017155512536366962,
2026-09-08,CL,FEES,9Y,,,,,,0.13502016108169498,0.15260861338183807,,0.01758845230014308,
2026-09-08,CL,FEES,10Y,,,,,,0.13502016108169498,0.15285211490657002,,0.01783195382487504,
2026-09-08,CL,FESH,1D,,,,,,0.2429860002230357,0.1484530082115867,,-0.09453299201144902,
2026-09-08,CL,FESH,1W,,,,,,0.2429860002230357,0.14845300821148477,,-0.09453299201155094,
2026-09-08,CL,FESH,2W,,,,,,0.23786754610669433,0.1482730100886176,,-0.08959453601807674,
2026-09-08,CL,FESH,1M,,,,,,0.22148849293440195,0.14797394144390807,,-0.07351455149049388,
2026-09-08,CL,FESH,2M,,,,,,0.1907777682363537,0.14765365092773863,,-0.04312411730861507,
2026-09-08,CL,FESH,3M,,,,,,0.16006704353830548,0.1475453167697678,,-0.012521726768537689,
2026-09-08,CL,FESH,6M,,,,,,0.14983013530562272,0.1452012583667024,,-0.004628876938920334,
2026-09-08,CL,FESH,9M,,,,,,0.14983013530562272,0.14451318545177405,,-0.005316949853848674,
2026-09-08,CL,FESH,1Y,,,,,,0.14983013530562272,0.14273012189486312,,-0.007100013410759609,
2026-09-08,CL,FESH,2Y,,,,,,0.14983013530562272,0.14457416799638012,,-0.005255967309242604,
2026-09-08,CL,FESH,3Y,,,,,,0.14983013530562272,0.14569985399827368,,-0.0041302813073490485,
2026-09-08,CL,FESH,4Y,,,,,,0.14983013530562272,0.14878914406388533,,-0.001040991241737399,
2026-09-08,CL,FESH,5Y,,,,,,0.14983013530562272,0.14986985083307536,,3.971552745263285e-05,
2026-09-08,CL,FESH,6Y,,,,,,0.14983013530562272,0.15202095876873223,,0.0021908234631095036,
2026-09-08,CL,FESH,7Y,,,,,,0.14983013530562272,0.15180475313490294,,0.001974617829280212,
2026-09-08,CL,FESH,8Y,,,,,,0.14983013530562272,0.15217567361806195,,0.0023455383124392215,
2026-09-08,CL,FESH,9Y,,,,,,0.14983013530562272,0.15260861338183807,,0.0027784780762153405,
2026-09-08,CL,FESH,10Y,,,,,,0.14983013530562272,0.15285211490657002,,0.0030219796009473,
2026-09-08,CL,FIXR,1D,,,,,,0.16014060513633588,0.1484530082115867,,-0.011687596924749188,
2026-09-08,CL,FIXR,1W,,,,,,0.16014060513633588,0.14845300821148477,,-0.011687596924851107,
2026-09-08,CL,FIXR,2W,,,,,,0.15715793918100637,0.1482730100886176,,-0.008884929092388777,
2026-09-08,CL,FIXR,1M,,,,,,0.14761340812395193,0.14797394144390807,,0.00036053331995614113,
2026-09-08,CL,FIXR,2M,,,,,,0.12971741239197487,0.14765365092773863,,0.01793623853576376,
2026-09-08,CL,FIXR,3M,,,,,,0.11182141665999784,0.1475453167697678,,0.035723900109769946,
2026-09-08,CL,FIXR,6M,,,,,,0.10585608474933882,0.1452012583667024,,0.039345173617363574,
2026-09-08,CL,FIXR,9M,,,,,,0.10585608474933882,0.14451318545177405,,0.038657100702435235,
2026-09-08,CL,FIXR,1Y,,,,,,0.10585608474933882,0.14273012189486312,,0.0368740371455243,
2026-09-08,CL,FIXR,2Y,,,,,,0.10585608474933882,0.14457416799638012,,0.038718083247041304,
2026-09-08,CL,FIXR,3Y,,,,,,0.10585608474933882,0.14569985399827368,,0.03984376924893486,
2026-09-08,CL,FIXR,4Y,,,,,,0.10585608474933882,0.14878914406388533,,0.04293305931454651,
2026-09-08,CL,FIXR,5Y,,,,,,0.10585608474933882,0.14986985083307536,,0.04401376608373654,
2026-09-08,CL,FIXR,6Y,,,,,,0.10585608474933882,0.15202095876873223,,0.04616487401939341,
2026-09-08,CL,FIXR,7Y,,,,,,0.10585608474933882,0.15180475313490294,,0.04594866838556412,
2026-09-08,CL,FIXR,8Y,,,,,,0.10585608474933882,0.15217567361806195,,0.04631958886872313,
2026-09-08,CL,FIXR,9Y,,,,,,0.10585608474933882,0.15260861338183807,,0.04675252863249925,
2026-09-08,CL,FIXR,10Y,,,,,,0.10585608474933882,0.15285211490657002,,0.04699603015723121,
2026-09-08,CL,FLOT,1D,,,,,,0.22703299944650107,0.1484530082115867,,-0.07857999123491438,
2026-09-08,CL,FLOT,1W,,,,,,0.22703299944650107,0.14845300821148477,,-0.0785799912350163,
2026-09-08,CL,FLOT,2W,,,,,,0.21815394213778005,0.1482730100886176,,-0.06988093204916246,
2026-09-08,CL,FLOT,1M,,,,,,0.18974095874987285,0.14797394144390807,,-0.04176701730596477,
2026-09-08,CL,FLOT,2M,,,,,,0.13646661489754683,0.14765365092773863,,0.011187036030191805,
2026-09-08,CL,FLOT,3M,,,,,,0.08319227104522081,0.1475453167697678,,0.06435304572454698,
2026-09-08,CL,FLOT,6M,,,,,,0.0654341564277788,0.1452012583667024,,0.07976710193892358,
2026-09-08,CL,FLOT,9M,,,,,,0.0654341564277788,0.14451318545177405,,0.07907902902399525,
2026-09-08,CL,FLOT,1Y,,,,,,0.0654341564277788,0.14273012189486312,,0.07729596546708431,
2026-09-08,CL,FLOT,2Y,,,,,,0.0654341564277788,0.14457416799638012,,0.07914001156860132,
2026-09-08,CL,FLOT,3Y,,,,,,0.0654341564277788,0.14569985399827368,,0.08026569757049487,
2026-09-08,CL,FLOT,4Y,,,,,,0.0654341564277788,0.14878914406388533,,0.08335498763610652,
2026-09-08,CL,FLOT,5Y,,,,,,0.0654341564277788,0.14986985083307536,,0.08443569440529655,
2026-09-08,CL,FLOT,6Y,,,,,,0.0654341564277788,0.15202095876873223,,0.08658680234095342,
2026-09-08,CL,FLOT,7Y,,,,,,0.0654341564277788,0.15180475313490294,,0.08637059670712413,
2026-09-08,CL,FLOT,8Y,,,,,,0.0654341564277788,0.15217567361806195,,0.08674151719028314,
2026-09-08,CL,FLOT,9Y,,,,,,0.0654341564277788,0.15260861338183807,,0.08717445695405926,
2026-09-08,CL,FLOT,10Y,,,,,,0.0654341564277788,0.15285211490657002,,0.08741795847879122,
2026-09-08,CL,FNI,1D,,,,,,-0.14795338705487784,0.1484530082115867,,0.2964063952664645,
2026-09-08,CL,FNI,1W,,,,,,-0.14795338705487784,0.14845300821148477,,0.2964063952663626,
2026-09-08,CL,FNI,2W,,,,,,-0.13033916011853808,0.1482730100886176,,0.2786121702071557,
2026-09-08,CL,FNI,1M,,,,,,-0.07397363392225081,0.14797394144390807,,0.2219475753661589,
2026-09-08,CL,FNI,2M,,,,,,0.031711727695787784,0.14765365092773863,,0.11594192323195085,
2026-09-08,CL,FNI,3M,,,,,,0.1373970893138264,0.1475453167697678,,0.010148227455941378,
2026-09-08,CL,FNI,6M,,,,,,0.07990694182262299,0.1452012583667024,,0.0652943165440794,
2026-09-08,CL,FNI,9M,,,,,,0.06715813413508909,0.14451318545177405,,0.07735505131668496,
2026-09-08,CL,FNI,1Y,,,,,,0.06715813413508909,0.14273012189486312,,0.07557198775977403,
2026-09-08,CL,FNI,2Y,,,,,,0.06715813413508909,0.14457416799638012,,0.07741603386129103,
2026-09-08,CL,FNI,3Y,,,,,,0.06715813413508909,0.14569985399827368,,0.07854171986318459,
2026-09-08,CL,FNI,4Y,,,,,,0.06715813413508909,0.14878914406388533,,0.08163100992879624,
2026-09-08,CL,FNI,5Y,,,,,,0.06715813413508909,0.14986985083307536,,0.08271171669798627,
2026-09-08,CL,FNI,6Y,,,,,,0.06715813413508909,0.15202095876873223,,0.08486282463364314,
2026-09-08,CL,FNI,7Y,,,,,,0.06715813413508909,0.15180475313490294,,0.08464661899981385,
2026-09-08,CL,FNI,8Y,,,,,,0.06715813413508909,0.15217567361806195,,0.08501753948297286,
2026-09-08,CL,FNI,9Y,,,,,,0.06715813413508909,0.15260861338183807,,0.08545047924674898,
2026-09-08,CL,FNI,10Y,,,,,,0.06715813413508909,0.15285211490657002,,0.08569398077148094,
2026-09-08,CL,GAZPF,1D,,,,,,0.15249839787725342,0.1484530082115867,,-0.0040453896656667265,
2026-09-08,CL,GAZPF,1W,,,,,,0.15249839787725342,0.14845300821148477,,-0.004045389665768645,
2026-09-08,CL,GAZPF,2W,,,,,,0.15183543360233168,0.1482730100886176,,-0.0035624235137140803,
2026-09-08,CL,GAZPF,1M,,,,,,0.14971394792258214,0.14797394144390807,,-0.001740006478674061,
2026-09-08,CL,GAZPF,2M,,,,,,0.14573616227305175,0.14765365092773863,,0.001917488654686883,
2026-09-08,CL,GAZPF,3M,,,,,,0.14175837662352136,0.1475453167697678,,0.005786940146246422,
2026-09-08,CL,GAZPF,6M,,,,,,0.13745609496328196,0.1452012583667024,,0.007745163403420435,
2026-09-08,CL,GAZPF,9M,,,,,,0.14017652607519174,0.14451318545177405,,0.004336659376582314,
2026-09-08,CL,GAZPF,1Y,,,,,,0.14065192045462302,0.14273012189486312,,0.002078201440240096,
2026-09-08,CL,GAZPF,2Y,,,,,,0.14065192045462302,0.14457416799638012,,0.003922247541757101,
2026-09-08,CL,GAZPF,3Y,,,,,,0.14065192045462302,0.14569985399827368,,0.005047933543650657,
2026-09-08,CL,GAZPF,4Y,,,,,,0.14065192045462302,0.14878914406388533,,0.008137223609262306,
2026-09-08,CL,GAZPF,5Y,,,,,,0.14065192045462302,0.14986985083307536,,0.009217930378452338,
2026-09-08,CL,GAZPF,6Y,,,,,,0.14065192045462302,0.15202095876873223,,0.011369038314109209,
2026-09-08,CL,GAZPF,7Y,,,,,,0.14065192045462302,0.15180475313490294,,0.011152832680279917,
2026-09-08,CL,GAZPF,8Y,,,,,,0.14065192045462302,0.15217567361806195,,0.011523753163438927,
2026-09-08,CL,GAZPF,9Y,,,,,,0.14065192045462302,0.15260861338183807,,0.011956692927215046,
2026-09-08,CL,GAZPF,10Y,,,,,,0.14065192045462302,0.15285211490657002,,0.012200194451947005,
2026-09-08,CL,GAZR,1D,,,,,,0.15249839787725342,0.1484530082115867,,-0.0040453896656667265,
2026-09-08,CL,GAZR,1W,,,,,,0.15249839787725342,0.14845300821148477,,-0.004045389665768645,
2026-09-08,CL,GAZR,2W,,,,,,0.15183543360233168,0.1482730100886176,,-0.0035624235137140803,
2026-09-08,CL,GAZR,1M,,,,,,0.14971394792258214,0.14797394144390807,,-0.001740006478674061,
2026-09-08,CL,GAZR,2M,,,,,,0.14573616227305175,0.14765365092773863,,0.001917488654686883,
2026-09-08,CL,GAZR,3M,,,,,,0.14175837662352136,0.1475453167697678,,0.005786940146246422,
2026-09-08,CL,GAZR,6M,,,,,,0.13745609496328196,0.1452012583667024,,0.007745163403420435,
2026-09-08,CL,GAZR,9M,,,,,,0.14017652607519174,0.14451318545177405,,0.004336659376582314,
2026-09-08,CL,GAZR,1Y,,,,,,0.14065192045462302,0.14273012189486312,,0.002078201440240096,
2026-09-08,CL,GAZR,2Y,,,,,,0.14065192045462302,0.14457416799638012,,0.003922247541757101,
2026-09-08,CL,GAZR,3Y,,,,,,0.14065192045462302,0.14569985399827368,,0.005047933543650657,
2026-09-08,CL,GAZR,4Y,,,,,,0.14065192045462302,0.14878914406388533,,0.008137223609262306,
2026-09-08,CL,GAZR,5Y,,,,,,0.14065192045462302,0.14986985083307536,,0.009217930378452338,
2026-09-08,CL,GAZR,6Y,,,,,,0.14065192045462302,0.15202095876873223,,0.011369038314109209,
2026-09-08,CL,GAZR,7Y,,,,,,0.14065192045462302,0.15180475313490294,,0.011152832680279917,
2026-09-08,CL,GAZR,8Y,,,,,,0.14065192045462302,0.15217567361806195,,0.011523753163438927,
2026-09-08,CL,GAZR,9Y,,,,,,0.14065192045462302,0.15260861338183807,,0.011956692927215046,
2026-09-08,CL,GAZR,10Y,,,,,,0.14065192045462302,0.15285211490657002,,0.012200194451947005,
2026-09-08,CL,GBPU,1D,,,,,,-0.010403875502562991,0.1484530082115867,,0.1588568837141497,
2026-09-08,CL,GBPU,1W,,,,,,-0.010403875502562991,0.14845300821148477,,0.15885688371404777,
2026-09-08,CL,GBPU,2W,,,,,,-0.010403875502562991,0.1482730100886176,,0.1586768855911806,
2026-09-08,CL,GBPU,1M,,,,,,-0.010403875502562991,0.14797394144390807,,0.15837781694647107,
2026-09-08,CL,GBPU,2M,,,,,,-0.010403875502562991,0.14765365092773863,,0.15805752643030163,
2026-09-08,CL,GBPU,3M,,,,,,-0.010403875502562991,0.1475453167697678,,0.15794919227233079,
2026-09-08,CL,GBPU,6M,,,,,,0.0004970686797275206,0.1452012583667024,,0.14470418968697488,
2026-09-08,CL,GBPU,9M,,,,,,0.0007420337175318025,0.14451318545177405,,0.14377115173424224,
2026-09-08,CL,GBPU,1Y,,,,,,0.0007420337175318025,0.14273012189486312,,0.1419880881773313,
2026-09-08,CL,GBPU,2Y,,,,,,0.0007420337175318025,0.14457416799638012,,0.1438321342788483,
2026-09-08,CL,GBPU,3Y,,,,,,0.0007420337175318025,0.14569985399827368,,0.14495782028074186,
2026-09-08,CL,GBPU,4Y,,,,,,0.0007420337175318025,0.14878914406388533,,0.1480471103463535,
2026-09-08,CL,GBPU,5Y,,,,,,0.0007420337175318025,0.14986985083307536,,0.14912781711554354,
2026-09-08,CL,GBPU,6Y,,,,,,0.0007420337175318025,0.15202095876873223,,0.1512789250512004,
2026-09-08,CL,GBPU,7Y,,,,,,0.0007420337175318025,0.15180475313490294,,0.15106271941737112,
2026-09-08,CL,GBPU,8Y,,,,,,0.0007420337175318025,0.15217567361806195,,0.15143363990053013,
2026-09-08,CL,GBPU,9Y,,,,,,0.0007420337175318025,0.15260861338183807,,0.15186657966430625,
2026-09-08,CL,GBPU,10Y,,,,,,0.0007420337175318025,0.15285211490657002,,0.1521100811890382,
2026-09-08,CL,GL,1D,,,,,,0.12487332627713668,0.1484530082115867,,0.02357968193445001,
2026-09-08,CL,GL,1W,,,,,,0.12487332627713668,0.14845300821148477,,0.02357968193434809,
2026-09-08,CL,GL,2W,,,,,,0.12487332627713668,0.1482730100886176,,0.023399683811480915,
2026-09-08,CL,GL,1M,,,,,,0.12487332627713668,0.14797394144390807,,0.023100615166771393,
2026-09-08,CL,GL,2M,,,,,,0.12487332627713668,0.14765365092773863,,0.022780324650601952,
2026-09-08,CL,GL,3M,,,,,,0.12487332627713668,0.1475453167697678,,0.022671990492631106,
2026-09-08,CL,GL,6M,,,,,,0.11817225388527569,0.1452012583667024,,0.0270290044814267,
2026-09-08,CL,GL,9M,,,,,,0.11634275083355732,0.14451318545177405,,0.028170434618216736,
2026-09-08,CL,GL,1Y,,,,,,0.11628551502144577,0.14273012189486312,,0.026444606873417348,
2026-09-08,CL,GL,2Y,,,,,,0.11628551502144577,0.14457416799638012,,0.028288652974934353,
2026-09-08,CL,GL,3Y,,,,,,0.11628551502144577,0.14569985399827368,,0.02941433897682791,
2026-09-08,CL,GL,4Y,,,,,,0.11628551502144577,0.14878914406388533,,0.03250362904243956,
2026-09-08,CL,GL,5Y,,,,,,0.11628551502144577,0.14986985083307536,,0.03358433581162959,
2026-09-08,CL,GL,6Y,,,,,,0.11628551502144577,0.15202095876873223,,0.03573544374728646,
2026-09-08,CL,GL,7Y,,,,,,0.11628551502144577,0.15180475313490294,,0.03551923811345717,
2026-09-08,CL,GL,8Y,,,,,,0.11628551502144577,0.15217567361806195,,0.03589015859661618,
2026-09-08,CL,GL,9Y,,,,,,0.11628551502144577,0.15260861338183807,,0.0363230983603923,
2026-09-08,CL,GL,10Y,,,,,,0.11628551502144577,0.15285211490657002,,0.03656659988512426,
2026-09-08,CL,GLDRUBTOM,1D,,,,,,0.03913279222584932,0.1484530082115867,,0.10932021598573738,
2026-09-08,CL,GLDRUBTOM,1W,,,,,,0.03913279222584932,0.14845300821148477,,0.10932021598563546,
2026-09-08,CL,GLDRUBTOM,2W,,,,,,0.03913279222584932,0.1482730100886176,,0.10914021786276829,
2026-09-08,CL,GLDRUBTOM,1M,,,,,,0.03913279222584932,0.14797394144390807,,0.10884114921805876,
2026-09-08,CL,GLDRUBTOM,2M,,,,,,0.03913279222584932,0.14765365092773863,,0.10852085870188932,
2026-09-08,CL,GLDRUBTOM,3M,,,,,,0.03913279222584932,0.1475453167697678,,0.10841252454391848,
2026-09-08,CL,GLDRUBTOM,6M,,,,,,0.04386367469084796,0.1452012583667024,,0.10133758367585444,
2026-09-08,CL,GLDRUBTOM,9M,,,,,,0.045679613791155635,0.14451318545177405,,0.09883357166061842,
2026-09-08,CL,GLDRUBTOM,1Y,,,,,,0.04573789653438753,0.14273012189486312,,0.09699222536047558,
2026-09-08,CL,GLDRUBTOM,2Y,,,,,,0.04573789653438753,0.14457416799638012,,0.09883627146199259,
2026-09-08,CL,GLDRUBTOM,3Y,,,,,,0.04573789653438753,0.14569985399827368,,0.09996195746388614,
2026-09-08,CL,GLDRUBTOM,4Y,,,,,,0.04573789653438753,0.14878914406388533,,0.10305124752949779,
2026-09-08,CL,GLDRUBTOM,5Y,,,,,,0.04573789653438753,0.14986985083307536,,0.10413195429868782,
2026-09-08,CL,GLDRUBTOM,6Y,,,,,,0.04573789653438753,0.15202095876873223,,0.1062830622343447,
2026-09-08,CL,GLDRUBTOM,7Y,,,,,,0.04573789653438753,0.15180475313490294,,0.1060668566005154,
2026-09-08,CL,GLDRUBTOM,8Y,,,,,,0.04573789653438753,0.15217567361806195,,0.10643777708367441,
2026-09-08,CL,GLDRUBTOM,9Y,,,,,,0.04573789653438753,0.15260861338183807,,0.10687071684745053,
2026-09-08,CL,GLDRUBTOM,10Y,,,,,,0.04573789653438753,0.15285211490657002,,0.10711421837218249,
2026-09-08,CL,GMKN,1D,,,,,,0.11033864121734789,0.1484530082115867,,0.0381143669942388,
2026-09-08,CL,GMKN,1W,,,,,,0.11033864121734789,0.14845300821148477,,0.03811436699413688,
2026-09-08,CL,GMKN,2W,,,,,,0.11151112521267927,0.1482730100886176,,0.03676188487593833,
2026-09-08,CL,GMKN,1M,,,,,,0.11526307399773968,0.14797394144390807,,0.0327108674461684,
2026-09-08,CL,GMKN,2M,,,,,,0.12229797796972793,0.14765365092773863,,0.025355672958010708,
2026-09-08,CL,GMKN,3M,,,,,,0.1293328819417162,0.1475453167697678,,0.0182124348280516,
2026-09-08,CL,GMKN,6M,,,,,,0.13167784993237894,0.1452012583667024,,0.013523408434323453,
2026-09-08,CL,GMKN,9M,,,,,,0.13167784993237894,0.14451318545177405,,0.012835335519395114,
2026-09-08,CL,GMKN,1Y,,,,,,0.13167784993237894,0.14273012189486312,,0.011052271962484178,
2026-09-08,CL,GMKN,2Y,,,,,,0.13167784993237894,0.14457416799638012,,0.012896318064001183,
2026-09-08,CL,GMKN,3Y,,,,,,0.13167784993237894,0.14569985399827368,,0.014022004065894739,
2026-09-08,CL,GMKN,4Y,,,,,,0.13167784993237894,0.14878914406388533,,0.017111294131506388,
2026-09-08,CL,GMKN,5Y,,,,,,0.13167784993237894,0.14986985083307536,,0.01819200090069642,
2026-09-08,CL,GMKN,6Y,,,,,,0.13167784993237894,0.15202095876873223,,0.02034310883635329,
2026-09-08,CL,GMKN,7Y,,,,,,0.13167784993237894,0.15180475313490294,,0.020126903202524,
2026-09-08,CL,GMKN,8Y,,,,,,0.13167784993237894,0.15217567361806195,,0.02049782368568301,
2026-09-08,CL,GMKN,9Y,,,,,,0.13167784993237894,0.15260861338183807,,0.020930763449459128,
2026-09-08,CL,GMKN,10Y,,,,,,0.13167784993237894,0.15285211490657002,,0.021174264974191087,
2026-09-08,CL,GOLD,1D,,,,,,0.03913279222584932,0.1484530082115867,,0.10932021598573738,
2026-09-08,CL,GOLD,1W,,,,,,0.03913279222584932,0.14845300821148477,,0.10932021598563546,
2026-09-08,CL,GOLD,2W,,,,,,0.03913279222584932,0.1482730100886176,,0.10914021786276829,
2026-09-08,CL,GOLD,1M,,,,,,0.03913279222584932,0.14797394144390807,,0.10884114921805876,
2026-09-08,CL,GOLD,2M,,,,,,0.03913279222584932,0.14765365092773863,,0.10852085870188932,
2026-09-08,CL,GOLD,3M,,,,,,0.03913279222584932,0.1475453167697678,,0.10841252454391848,
2026-09-08,CL,GOLD,6M,,,,,,0.04386367469084796,0.1452012583667024,,0.10133758367585444,
2026-09-08,CL,GOLD,9M,,,,,,0.045679613791155635,0.14451318545177405,,0.09883357166061842,
2026-09-08,CL,GOLD,1Y,,,,,,0.04573789653438753,0.14273012189486312,,0.09699222536047558,
2026-09-08,CL,GOLD,2Y,,,,,,0.04573789653438753,0.14457416799638012,,0.09883627146199259,
2026-09-08,CL,GOLD,3Y,,,,,,0.04573789653438753,0.14569985399827368,,0.09996195746388614,
2026-09-08,CL,GOLD,4Y,,,,,,0.04573789653438753,0.14878914406388533,,0.10305124752949779,
2026-09-08,CL,GOLD,5Y,,,,,,0.04573789653438753,0.14986985083307536,,0.10413195429868782,
2026-09-08,CL,GOLD,6Y,,,,,,0.04573789653438753,0.15202095876873223,,0.1062830622343447,
2026-09-08,CL,GOLD,7Y,,,,,,0.04573789653438753,0.15180475313490294,,0.1060668566005154,
2026-09-08,CL,GOLD,8Y,,,,,,0.04573789653438753,0.15217567361806195,,0.10643777708367441,
2026-09-08,CL,GOLD,9Y,,,,,,0.04573789653438753,0.15260861338183807,,0.10687071684745053,
2026-09-08,CL,GOLD,10Y,,,,,,0.04573789653438753,0.15285211490657002,,0.10711421837218249,
2026-09-08,CL,GOLDM,1D,,,,,,0.04263302265416973,0.1484530082115867,,0.10581998555741695,
2026-09-08,CL,GOLDM,1W,,,,,,0.04263302265416973,0.14845300821148477,,0.10581998555731503,
2026-09-08,CL,GOLDM,2W,,,,,,0.04263302265416973,0.1482730100886176,,0.10563998743444786,
2026-09-08,CL,GOLDM,1M,,,,,,0.04263302265416973,0.14797394144390807,,0.10534091878973834,
2026-09-08,CL,GOLDM,2M,,,,,,0.04263302265416973,0.14765365092773863,,0.1050206282735689,
2026-09-08,CL,GOLDM,3M,,,,,,0.04263302265416973,0.1475453167697678,,0.10491229411559805,
2026-09-08,CL,GOLDM,6M,,,,,,0.045107415212678595,0.1452012583667024,,0.1000938431540238,
2026-09-08,CL,GOLDM,9M,,,,,,0.0494978844574855,0.14451318545177405,,0.09501530099428855,
2026-09-08,CL,GOLDM,1Y,,,,,,0.049645663943314454,0.14273012189486312,,0.09308445795154865,
2026-09-08,CL,GOLDM,2Y,,,,,,0.049645663943314454,0.14457416799638012,,0.09492850405306566,
2026-09-08,CL,GOLDM,3Y,,,,,,0.049645663943314454,0.14569985399827368,,0.09605419005495922,
2026-09-08,CL,GOLDM,4Y,,,,,,0.049645663943314454,0.14878914406388533,,0.09914348012057086,
2026-09-08,CL,GOLDM,5Y,,,,,,0.049645663943314454,0.14986985083307536,,0.1002241868897609,
2026-09-08,CL,GOLDM,6Y,,,,,,0.049645663943314454,0.15202095876873223,,0.10237529482541777,
2026-09-08,CL,GOLDM,7Y,,,,,,0.049645663943314454,0.15180475313490294,,0.10215908919158848,
2026-09-08,CL,GOLDM,8Y,,,,,,0.049645663943314454,0.15217567361806195,,0.10253000967474749,
2026-09-08,CL,GOLDM,9Y,,,,,,0.049645663943314454,0.15260861338183807,,0.1029629494385236,
2026-09-08,CL,GOLDM,10Y,,,,,,0.049645663943314454,0.15285211490657002,,0.10320645096325556,
2026-09-08,CL,HANG,1D,,,,,,0.027864358583935912,0.1484530082115867,,0.12058864962765078,
2026-09-08,CL,HANG,1W,,,,,,0.027864358583935912,0.14845300821148477,,0.12058864962754887,
2026-09-08,CL,HANG,2W,,,,,,0.027864358583935912,0.1482730100886176,,0.12040865150468169,
2026-09-08,CL,HANG,1M,,,,,,0.027864358583935912,0.14797394144390807,,0.12010958285997217,
2026-09-08,CL,HANG,2M,,,,,,0.027864358583935912,0.14765365092773863,,0.11978929234380273,
2026-09-08,CL,HANG,3M,,,,,,0.027864358583935912,0.1475453167697678,,0.11968095818583188,
2026-09-08,CL,HANG,6M,,,,,,0.027864358583935912,0.1452012583667024,,0.11733689978276649,
2026-09-08,CL,HANG,9M,,,,,,0.027864358583935912,0.14451318545177405,,0.11664882686783815,
2026-09-08,CL,HANG,1Y,,,,,,0.027864358583935912,0.14273012189486312,,0.11486576331092721,
2026-09-08,CL,HANG,2Y,,,,,,0.027864358583935912,0.14457416799638012,,0.11670980941244422,
2026-09-08,CL,HANG,3Y,,,,,,0.027864358583935912,0.14569985399827368,,0.11783549541433777,
2026-09-08,CL,HANG,4Y,,,,,,0.027864358583935912,0.14878914406388533,,0.12092478547994942,
2026-09-08,CL,HANG,5Y,,,,,,0.027864358583935912,0.14986985083307536,,0.12200549224913945,
2026-09-08,CL,HANG,6Y,,,,,,0.027864358583935912,0.15202095876873223,,0.12415660018479632,
2026-09-08,CL,HANG,7Y,,,,,,0.027864358583935912,0.15180475313490294,,0.12394039455096703,
2026-09-08,CL,HANG,8Y,,,,,,0.027864358583935912,0.15217567361806195,,0.12431131503412604,
2026-09-08,CL,HANG,9Y,,,,,,0.027864358583935912,0.15260861338183807,,0.12474425479790216,
2026-09-08,CL,HANG,10Y,,,,,,0.027864358583935912,0.15285211490657002,,0.12498775632263412,
2026-09-08,CL,HEAD,1D,,,,,,0.20445768106867176,0.1484530082115867,,-0.056004672857085075,
2026-09-08,CL,HEAD,1W,,,,,,0.20445768106867176,0.14845300821148477,,-0.05600467285718699,
2026-09-08,CL,HEAD,2W,,,,,,0.20263398296590757,0.1482730100886176,,-0.05436097287728997,
2026-09-08,CL,HEAD,1M,,,,,,0.1967981490370621,0.14797394144390807,,-0.048824207593154034,
2026-09-08,CL,HEAD,2M,,,,,,0.1858559604204769,0.14765365092773863,,-0.03820230949273826,
2026-09-08,CL,HEAD,3M,,,,,,0.17491377180389164,0.1475453167697678,,-0.027368455034123856,
2026-09-08,CL,HEAD,6M,,,,,,0.17126637559836325,0.1452012583667024,,-0.026065117231660856,
2026-09-08,CL,HEAD,9M,,,,,,0.17126637559836325,0.14451318545177405,,-0.026753190146589195,
2026-09-08,CL,HEAD,1Y,,,,,,0.17126637559836325,0.14273012189486312,,-0.02853625370350013,
2026-09-08,CL,HEAD,2Y,,,,,,0.17126637559836325,0.14457416799638012,,-0.026692207601983126,
2026-09-08,CL,HEAD,3Y,,,,,,0.17126637559836325,0.14569985399827368,,-0.02556652160008957,
2026-09-08,CL,HEAD,4Y,,,,,,0.17126637559836325,0.14878914406388533,,-0.02247723153447792,
2026-09-08,CL,HEAD,5Y,,,,,,0.17126637559836325,0.14986985083307536,,-0.02139652476528789,
2026-09-08,CL,HEAD,6Y,,,,,,0.17126637559836325,0.15202095876873223,,-0.019245416829631018,
2026-09-08,CL,HEAD,7Y,,,,,,0.17126637559836325,0.15180475313490294,,-0.01946162246346031,
2026-09-08,CL,HEAD,8Y,,,,,,0.17126637559836325,0.15217567361806195,,-0.0190907019803013,
2026-09-08,CL,HEAD,9Y,,,,,,0.17126637559836325,0.15260861338183807,,-0.01865776221652518,
2026-09-08,CL,HEAD,10Y,,,,,,0.17126637559836325,0.15285211490657002,,-0.01841426069179322,
2026-09-08,CL,HKD,1D,,,,,,0.15592066118332676,0.1484530082115867,,-0.007467652971740069,
2026-09-08,CL,HKD,1W,,,,,,0.15592066118332676,0.14845300821148477,,-0.007467652971841987,
2026-09-08,CL,HKD,2W,,,,,,0.15592066118332676,0.1482730100886176,,-0.0076476510947091625,
2026-09-08,CL,HKD,1M,,,,,,0.15592066118332676,0.14797394144390807,,-0.007946719739418684,
2026-09-08,CL,HKD,2M,,,,,,0.15592066118332676,0.14765365092773863,,-0.008267010255588125,
2026-09-08,CL,HKD,3M,,,,,,0.15592066118332676,0.1475453167697678,,-0.008375344413558972,
2026-09-08,CL,HKD,6M,,,,,,0.18738908435514032,0.1452012583667024,,-0.04218782598843793,
2026-09-08,CL,HKD,9M,,,,,,0.188096239932035,0.14451318545177405,,-0.04358305448026095,
2026-09-08,CL,HKD,1Y,,,,,,0.188096239932035,0.14273012189486312,,-0.04536611803717189,
2026-09-08,CL,HKD,2Y,,,,,,0.188096239932035,0.14457416799638012,,-0.04352207193565488,
2026-09-08,CL,HKD,3Y,,,,,,0.188096239932035,0.14569985399827368,,-0.04239638593376133,
2026-09-08,CL,HKD,4Y,,,,,,0.188096239932035,0.14878914406388533,,-0.03930709586814968,
2026-09-08,CL,HKD,5Y,,,,,,0.188096239932035,0.14986985083307536,,-0.038226389098959646,
2026-09-08,CL,HKD,6Y,,,,,,0.188096239932035,0.15202095876873223,,-0.036075281163302775,
2026-09-08,CL,HKD,7Y,,,,,,0.188096239932035,0.15180475313490294,,-0.036291486797132066,
2026-09-08,CL,HKD,8Y,,,,,,0.188096239932035,0.15217567361806195,,-0.03592056631397306,
2026-09-08,CL,HKD,9Y,,,,,,0.188096239932035,0.15260861338183807,,-0.03548762655019694,
2026-09-08,CL,HKD,10Y,,,,,,0.188096239932035,0.15285211490657002,,-0.03524412502546498,
2026-09-08,CL,HOME,1D,,,,,,0.14310397149320347,0.1484530082115867,,0.0053490367183832155,
2026-09-08,CL,HOME,1W,,,,,,0.14310397149320347,0.14845300821148477,,0.005349036718281297,
2026-09-08,CL,HOME,2W,,,,,,0.14310397149320347,0.1482730100886176,,0.005169038595414122,
2026-09-08,CL,HOME,1M,,,,,,0.14310397149320347,0.14797394144390807,,0.0048699699507046,
2026-09-08,CL,HOME,2M,,,,,,0.14310397149320347,0.14765365092773863,,0.004549679434535159,
2026-09-08,CL,HOME,3M,,,,,,0.14310397149320347,0.1475453167697678,,0.0044413452765643124,
2026-09-08,CL,HOME,6M,,,,,,0.14310397149320347,0.1452012583667024,,0.002097286873498916,
2026-09-08,CL,HOME,9M,,,,,,0.14310397149320347,0.14451318545177405,,0.0014092139585705765,
2026-09-08,CL,HOME,1Y,,,,,,0.14310397149320347,0.14273012189486312,,-0.0003738495983403589,
2026-09-08,CL,HOME,2Y,,,,,,0.14310397149320347,0.14457416799638012,,0.0014701965031766462,
2026-09-08,CL,HOME,3Y,,,,,,0.14310397149320347,0.14569985399827368,,0.0025958825050702017,
2026-09-08,CL,HOME,4Y,,,,,,0.14310397149320347,0.14878914406388533,,0.005685172570681851,
2026-09-08,CL,HOME,5Y,,,,,,0.14310397149320347,0.14986985083307536,,0.006765879339871883,
2026-09-08,CL,HOME,6Y,,,,,,0.14310397149320347,0.15202095876873223,,0.008916987275528754,
2026-09-08,CL,HOME,7Y,,,,,,0.14310397149320347,0.15180475313490294,,0.008700781641699462,
2026-09-08,CL,HOME,8Y,,,,,,0.14310397149320347,0.15217567361806195,,0.009071702124858472,
2026-09-08,CL,HOME,9Y,,,,,,0.14310397149320347,0.15260861338183807,,0.00950464188863459,
2026-09-08,CL,HOME,10Y,,,,,,0.14310397149320347,0.15285211490657002,,0.00974814341336655,
2026-09-08,CL,HOODF,1D,,,,,,-0.00040674444043399717,0.1484530082115867,,0.1488597526520207,
2026-09-08,CL,HOODF,1W,,,,,,-0.00040674444043399717,0.14845300821148477,,0.14885975265191878,
2026-09-08,CL,HOODF,2W,,,,,,-0.00040674444043399717,0.1482730100886176,,0.1486797545290516,
2026-09-08,CL,HOODF,1M,,,,,,-0.00040674444043399717,0.14797394144390807,,0.14838068588434208,
2026-09-08,CL,HOODF,2M,,,,,,-0.00040674444043399717,0.14765365092773863,,0.14806039536817264,
2026-09-08,CL,HOODF,3M,,,,,,-0.00040674444043399717,0.1475453167697678,,0.1479520612102018,
2026-09-08,CL,HOODF,6M,,,,,,-0.00040674444043399717,0.1452012583667024,,0.1456080028071364,
2026-09-08,CL,HOODF,9M,,,,,,-0.00040674444043399717,0.14451318545177405,,0.14491992989220806,
2026-09-08,CL,HOODF,1Y,,,,,,-0.00040674444043399717,0.14273012189486312,,0.14313686633529712,
2026-09-08,CL,HOODF,2Y,,,,,,-0.00040674444043399717,0.14457416799638012,,0.14498091243681413,
2026-09-08,CL,HOODF,3Y,,,,,,-0.00040674444043399717,0.14569985399827368,,0.14610659843870769,
2026-09-08,CL,HOODF,4Y,,,,,,-0.00040674444043399717,0.14878914406388533,,0.14919588850431934,
2026-09-08,CL,HOODF,5Y,,,,,,-0.00040674444043399717,0.14986985083307536,,0.15027659527350937,
2026-09-08,CL,HOODF,6Y,,,,,,-0.00040674444043399717,0.15202095876873223,,0.15242770320916624,
2026-09-08,CL,HOODF,7Y,,,,,,-0.00040674444043399717,0.15180475313490294,,0.15221149757533695,
2026-09-08,CL,HOODF,8Y,,,,,,-0.00040674444043399717,0.15217567361806195,,0.15258241805849596,
2026-09-08,CL,HOODF,9Y,,,,,,-0.00040674444043399717,0.15260861338183807,,0.15301535782227207,
2026-09-08,CL,HOODF,10Y,,,,,,-0.00040674444043399717,0.15285211490657002,,0.15325885934700403,
2026-09-08,CL,HYDR,1D,,,,,,0.12998586626290454,0.1484530082115867,,0.018467141948682153,
2026-09-08,CL,HYDR,1W,,,,,,0.12998586626290454,0.14845300821148477,,0.018467141948580235,
2026-09-08,CL,HYDR,2W,,,,,,0.13021775792004572,0.1482730100886176,,0.018055252168571873,
2026-09-08,CL,HYDR,1M,,,,,,0.13095981122289754,0.14797394144390807,,0.01701413022101053,
2026-09-08,CL,HYDR,2M,,,,,,0.13235116116574472,0.14765365092773863,,0.015302489761993915,
2026-09-08,CL,HYDR,3M,,,,,,0.13374251110859187,0.1475453167697678,,0.013802805661175921,
2026-09-08,CL,HYDR,6M,,,,,,0.13420629442287427,0.1452012583667024,,0.010994963943828123,
2026-09-08,CL,HYDR,9M,,,,,,0.13420629442287427,0.14451318545177405,,0.010306891028899784,
2026-09-08,CL,HYDR,1Y,,,,,,0.13420629442287427,0.14273012189486312,,0.008523827471988848,
2026-09-08,CL,HYDR,2Y,,,,,,0.13420629442287427,0.14457416799638012,,0.010367873573505854,
2026-09-08,CL,HYDR,3Y,,,,,,0.13420629442287427,0.14569985399827368,,0.011493559575399409,
2026-09-08,CL,HYDR,4Y,,,,,,0.13420629442287427,0.14878914406388533,,0.014582849641011059,
2026-09-08,CL,HYDR,5Y,,,,,,0.13420629442287427,0.14986985083307536,,0.01566355641020109,
2026-09-08,CL,HYDR,6Y,,,,,,0.13420629442287427,0.15202095876873223,,0.01781466434585796,
2026-09-08,CL,HYDR,7Y,,,,,,0.13420629442287427,0.15180475313490294,,0.01759845871202867,
2026-09-08,CL,HYDR,8Y,,,,,,0.13420629442287427,0.15217567361806195,,0.01796937919518768,
2026-09-08,CL,HYDR,9Y,,,,,,0.13420629442287427,0.15260861338183807,,0.018402318958963798,
2026-09-08,CL,HYDR,10Y,,,,,,0.13420629442287427,0.15285211490657002,,0.018645820483695758,
2026-09-08,CL,HYNIX,1D,,,,,,0.08156827413670284,0.1484530082115867,,0.06688473407488385,
2026-09-08,CL,HYNIX,1W,,,,,,0.08156827413670284,0.14845300821148477,,0.06688473407478193,
2026-09-08,CL,HYNIX,2W,,,,,,0.08156827413670284,0.1482730100886176,,0.06670473595191476,
2026-09-08,CL,HYNIX,1M,,,,,,0.08156827413670284,0.14797394144390807,,0.06640566730720524,
2026-09-08,CL,HYNIX,2M,,,,,,0.08156827413670284,0.14765365092773863,,0.0660853767910358,
2026-09-08,CL,HYNIX,3M,,,,,,0.08156827413670284,0.1475453167697678,,0.06597704263306495,
2026-09-08,CL,HYNIX,6M,,,,,,0.08156827413670284,0.1452012583667024,,0.06363298422999955,
2026-09-08,CL,HYNIX,9M,,,,,,0.08156827413670284,0.14451318545177405,,0.06294491131507121,
2026-09-08,CL,HYNIX,1Y,,,,,,0.08156827413670284,0.14273012189486312,,0.061161847758160276,
2026-09-08,CL,HYNIX,2Y,,,,,,0.08156827413670284,0.14457416799638012,,0.06300589385967728,
2026-09-08,CL,HYNIX,3Y,,,,,,0.08156827413670284,0.14569985399827368,,0.06413157986157084,
2026-09-08,CL,HYNIX,4Y,,,,,,0.08156827413670284,0.14878914406388533,,0.06722086992718249,
2026-09-08,CL,HYNIX,5Y,,,,,,0.08156827413670284,0.14986985083307536,,0.06830157669637252,
2026-09-08,CL,HYNIX,6Y,,,,,,0.08156827413670284,0.15202095876873223,,0.07045268463202939,
2026-09-08,CL,HYNIX,7Y,,,,,,0.08156827413670284,0.15180475313490294,,0.0702364789982001,
2026-09-08,CL,HYNIX,8Y,,,,,,0.08156827413670284,0.15217567361806195,,0.0706073994813591,
2026-09-08,CL,HYNIX,9Y,,,,,,0.08156827413670284,0.15260861338183807,,0.07104033924513523,
2026-09-08,CL,HYNIX,10Y,,,,,,0.08156827413670284,0.15285211490657002,,0.07128384076986718,
2026-09-08,CL,IBIT,1D,,,,,,0.09194390975143285,0.1484530082115867,,0.05650909846015384,
2026-09-08,CL,IBIT,1W,,,,,,0.09194390975143285,0.14845300821148477,,0.05650909846005192,
2026-09-08,CL,IBIT,2W,,,,,,0.09194390975143285,0.1482730100886176,,0.056329100337184745,
2026-09-08,CL,IBIT,1M,,,,,,0.09194390975143285,0.14797394144390807,,0.056030031692475224,
2026-09-08,CL,IBIT,2M,,,,,,0.09194390975143285,0.14765365092773863,,0.05570974117630578,
2026-09-08,CL,IBIT,3M,,,,,,0.09194390975143285,0.1475453167697678,,0.055601407018334936,
2026-09-08,CL,IBIT,6M,,,,,,0.062028893268330436,0.1452012583667024,,0.08317236509837195,
2026-09-08,CL,IBIT,9M,,,,,,0.061356645706912405,0.14451318545177405,,0.08315653974486165,
2026-09-08,CL,IBIT,1Y,,,,,,0.061356645706912405,0.14273012189486312,,0.08137347618795071,
2026-09-08,CL,IBIT,2Y,,,,,,0.061356645706912405,0.14457416799638012,,0.08321752228946772,
2026-09-08,CL,IBIT,3Y,,,,,,0.061356645706912405,0.14569985399827368,,0.08434320829136127,
2026-09-08,CL,IBIT,4Y,,,,,,0.061356645706912405,0.14878914406388533,,0.08743249835697292,
2026-09-08,CL,IBIT,5Y,,,,,,0.061356645706912405,0.14986985083307536,,0.08851320512616295,
2026-09-08,CL,IBIT,6Y,,,,,,0.061356645706912405,0.15202095876873223,,0.09066431306181982,
2026-09-08,CL,IBIT,7Y,,,,,,0.061356645706912405,0.15180475313490294,,0.09044810742799053,
2026-09-08,CL,IBIT,8Y,,,,,,0.061356645706912405,0.15217567361806195,,0.09081902791114954,
2026-09-08,CL,IBIT,9Y,,,,,,0.061356645706912405,0.15260861338183807,,0.09125196767492566,
2026-09-08,CL,IBIT,10Y,,,,,,0.061356645706912405,0.15285211490657002,,0.09149546919965762,
2026-09-08,CL,IMOEX,1D,,,,,,0.11660346907283795,0.1484530082115867,,0.031849539138748745,
2026-09-08,CL,IMOEX,1W,,,,,,0.11660346907283795,0.14845300821148477,,0.031849539138646826,
2026-09-08,CL,IMOEX,2W,,,,,,0.11256349454152789,0.1482730100886176,,0.035709515547089704,
2026-09-08,CL,IMOEX,1M,,,,,,0.09963557604133574,0.14797394144390807,,0.04833836540257233,
2026-09-08,CL,IMOEX,2M,,,,,,0.07539572885347545,0.14765365092773863,,0.07225792207426318,
2026-09-08,CL,IMOEX,3M,,,,,,0.05115588166561515,0.1475453167697678,,0.09638943510415264,
2026-09-08,CL,IMOEX,6M,,,,,,0.07352874776796803,0.1452012583667024,,0.07167251059873436,
2026-09-08,CL,IMOEX,9M,,,,,,0.09108849798516448,0.14451318545177405,,0.05342468746660957,
2026-09-08,CL,IMOEX,1Y,,,,,,0.0903370907435441,0.14273012189486312,,0.05239303115131902,
2026-09-08,CL,IMOEX,2Y,,,,,,0.10835463387061438,0.14457416799638012,,0.03621953412576574,
2026-09-08,CL,IMOEX,3Y,,,,,,0.1086762838890471,0.14569985399827368,,0.03702357010922658,
2026-09-08,CL,IMOEX,4Y,,,,,,0.1086762838890471,0.14878914406388533,,0.04011286017483823,
2026-09-08,CL,IMOEX,5Y,,,,,,0.1086762838890471,0.14986985083307536,,0.04119356694402826,
2026-09-08,CL,IMOEX,6Y,,,,,,0.1086762838890471,0.15202095876873223,,0.04334467487968513,
2026-09-08,CL,IMOEX,7Y,,,,,,0.1086762838890471,0.15180475313490294,,0.04312846924585584,
2026-09-08,CL,IMOEX,8Y,,,,,,0.1086762838890471,0.15217567361806195,,0.04349938972901485,
2026-09-08,CL,IMOEX,9Y,,,,,,0.1086762838890471,0.15260861338183807,,0.04393232949279097,
2026-09-08,CL,IMOEX,10Y,,,,,,0.1086762838890471,0.15285211490657002,,0.044175831017522926,
2026-09-08,CL,INDIA,1D,,,,,,0.14249649870574282,0.1484530082115867,,0.0059565095058438655,
2026-09-08,CL,INDIA,1W,,,,,,0.14249649870574282,0.14845300821148477,,0.005956509505741947,
2026-09-08,CL,INDIA,2W,,,,,,0.14249649870574282,0.1482730100886176,,0.005776511382874772,
2026-09-08,CL,INDIA,1M,,,,,,0.14249649870574282,0.14797394144390807,,0.00547744273816525,
2026-09-08,CL,INDIA,2M,,,,,,0.14249649870574282,0.14765365092773863,,0.005157152221995809,
2026-09-08,CL,INDIA,3M,,,,,,0.14249649870574282,0.1475453167697678,,0.0050488180640249625,
2026-09-08,CL,INDIA,6M,,,,,,0.14249649870574282,0.1452012583667024,,0.002704759660959566,
2026-09-08,CL,INDIA,9M,,,,,,0.14249649870574282,0.14451318545177405,,0.0020166867460312266,
2026-09-08,CL,INDIA,1Y,,,,,,0.14249649870574282,0.14273012189486312,,0.00023362318912029112,
2026-09-08,CL,INDIA,2Y,,,,,,0.14249649870574282,0.14457416799638012,,0.0020776692906372962,
2026-09-08,CL,INDIA,3Y,,,,,,0.14249649870574282,0.14569985399827368,,0.0032033552925308517,
2026-09-08,CL,INDIA,4Y,,,,,,0.14249649870574282,0.14878914406388533,,0.006292645358142501,
2026-09-08,CL,INDIA,5Y,,,,,,0.14249649870574282,0.14986985083307536,,0.007373352127332533,
2026-09-08,CL,INDIA,6Y,,,,,,0.14249649870574282,0.15202095876873223,,0.009524460062989404,
2026-09-08,CL,INDIA,7Y,,,,,,0.14249649870574282,0.15180475313490294,,0.009308254429160112,
2026-09-08,CL,INDIA,8Y,,,,,,0.14249649870574282,0.15217567361806195,,0.009679174912319122,
2026-09-08,CL,INDIA,9Y,,,,,,0.14249649870574282,0.15260861338183807,,0.01011211467609524,
2026-09-08,CL,INDIA,10Y,,,,,,0.14249649870574282,0.15285211490657002,,0.0103556162008272,
2026-09-08,CL,INR,1D,,,,,,0.07797878323188934,0.1484530082115867,,0.07047422497969735,
2026-09-08,CL,INR,1W,,,,,,0.07797878323188934,0.14845300821148477,,0.07047422497959543,
2026-09-08,CL,INR,2W,,,,,,0.07797878323188934,0.1482730100886176,,0.07029422685672826,
2026-09-08,CL,INR,1M,,,,,,0.07797878323188934,0.14797394144390807,,0.06999515821201874,
2026-09-08,CL,INR,2M,,,,,,0.07797878323188934,0.14765365092773863,,0.0696748676958493,
2026-09-08,CL,INR,3M,,,,,,0.07797878323188934,0.1475453167697678,,0.06956653353787845,
2026-09-08,CL,INR,6M,,,,,,0.07807933160481197,0.1452012583667024,,0.06712192676189042,
2026-09-08,CL,INR,9M,,,,,,0.07808159111881023,0.14451318545177405,,0.06643159433296382,
2026-09-08,CL,INR,1Y,,,,,,0.07808159111881023,0.14273012189486312,,0.06464853077605288,
2026-09-08,CL,INR,2Y,,,,,,0.07808159111881023,0.14457416799638012,,0.06649257687756989,
2026-09-08,CL,INR,3Y,,,,,,0.07808159111881023,0.14569985399827368,,0.06761826287946344,
2026-09-08,CL,INR,4Y,,,,,,0.07808159111881023,0.14878914406388533,,0.0707075529450751,
2026-09-08,CL,INR,5Y,,,,,,0.07808159111881023,0.14986985083307536,,0.07178825971426513,
2026-09-08,CL,INR,6Y,,,,,,0.07808159111881023,0.15202095876873223,,0.073939367649922,
2026-09-08,CL,INR,7Y,,,,,,0.07808159111881023,0.15180475313490294,,0.0737231620160927,
2026-09-08,CL,INR,8Y,,,,,,0.07808159111881023,0.15217567361806195,,0.07409408249925171,
2026-09-08,CL,INR,9Y,,,,,,0.07808159111881023,0.15260861338183807,,0.07452702226302783,
2026-09-08,CL,INR,10Y,,,,,,0.07808159111881023,0.15285211490657002,,0.0747705237877598,
2026-09-08,CL,IPO,1D,,,,,,0.2562035735670216,0.1484530082115867,,-0.10775056535543492,
2026-09-08,CL,IPO,1W,,,,,,0.2562035735670216,0.14845300821148477,,-0.10775056535553684,
2026-09-08,CL,IPO,2W,,,,,,0.25204865314752034,0.1482730100886176,,-0.10377564305890274,
2026-09-08,CL,IPO,1M,,,,,,0.23875290780511615,0.14797394144390807,,-0.09077896636120808,
2026-09-08,CL,IPO,2M,,,,,,0.21382338528810835,0.14765365092773863,,-0.06616973436036971,
2026-09-08,CL,IPO,3M,,,,,,0.18889386277110057,0.1475453167697678,,-0.04134854600133278,
2026-09-08,CL,IPO,6M,,,,,,0.21821190032523463,0.1452012583667024,,-0.07301064195853224,
2026-09-08,CL,IPO,9M,,,,,,0.22338573360429093,0.14451318545177405,,-0.07887254815251687,
2026-09-08,CL,IPO,1Y,,,,,,0.22338573360429093,0.14273012189486312,,-0.08065561170942781,
2026-09-08,CL,IPO,2Y,,,,,,0.22338573360429093,0.14457416799638012,,-0.0788115656079108,
2026-09-08,CL,IPO,3Y,,,,,,0.22338573360429093,0.14569985399827368,,-0.07768587960601725,
2026-09-08,CL,IPO,4Y,,,,,,0.22338573360429093,0.14878914406388533,,-0.0745965895404056,
2026-09-08,CL,IPO,5Y,,,,,,0.22338573360429093,0.14986985083307536,,-0.07351588277121557,
2026-09-08,CL,IPO,6Y,,,,,,0.22338573360429093,0.15202095876873223,,-0.0713647748355587,
2026-09-08,CL,IPO,7Y,,,,,,0.22338573360429093,0.15180475313490294,,-0.07158098046938799,
2026-09-08,CL,IPO,8Y,,,,,,0.22338573360429093,0.15217567361806195,,-0.07121005998622898,
2026-09-08,CL,IPO,9Y,,,,,,0.22338573360429093,0.15260861338183807,,-0.07077712022245286,
2026-09-08,CL,IPO,10Y,,,,,,0.22338573360429093,0.15285211490657002,,-0.0705336186977209,
2026-09-08,CL,IRAO,1D,,,,,,0.20362664814293083,0.1484530082115867,,-0.05517363993134414,
2026-09-08,CL,IRAO,1W,,,,,,0.20362664814293083,0.14845300821148477,,-0.055173639931446056,
2026-09-08,CL,IRAO,2W,,,,,,0.20038816869882808,0.1482730100886176,,-0.05211515861021049,
2026-09-08,CL,IRAO,1M,,,,,,0.19002503447769933,0.14797394144390807,,-0.04205109303379126,
2026-09-08,CL,IRAO,2M,,,,,,0.17059415781308293,0.14765365092773863,,-0.022940506885344297,
2026-09-08,CL,IRAO,3M,,,,,,0.1511632811484665,0.1475453167697678,,-0.0036179643786987126,
2026-09-08,CL,IRAO,6M,,,,,,0.14468632226026104,0.1452012583667024,,0.0005149361064413494,
2026-09-08,CL,IRAO,9M,,,,,,0.14468632226026104,0.14451318545177405,,-0.00017313680848698998,
2026-09-08,CL,IRAO,1Y,,,,,,0.14468632226026104,0.14273012189486312,,-0.0019562003653979254,
2026-09-08,CL,IRAO,2Y,,,,,,0.14468632226026104,0.14457416799638012,,-0.00011215426388092031,
2026-09-08,CL,IRAO,3Y,,,,,,0.14468632226026104,0.14569985399827368,,0.0010135317380126352,
2026-09-08,CL,IRAO,4Y,,,,,,0.14468632226026104,0.14878914406388533,,0.004102821803624285,
2026-09-08,CL,IRAO,5Y,,,,,,0.14468632226026104,0.14986985083307536,,0.0051835285728143166,
2026-09-08,CL,IRAO,6Y,,,,,,0.14468632226026104,0.15202095876873223,,0.007334636508471187,
2026-09-08,CL,IRAO,7Y,,,,,,0.14468632226026104,0.15180475313490294,,0.007118430874641896,
2026-09-08,CL,IRAO,8Y,,,,,,0.14468632226026104,0.15217567361806195,,0.007489351357800905,
2026-09-08,CL,IRAO,9Y,,,,,,0.14468632226026104,0.15260861338183807,,0.007922291121577024,
2026-09-08,CL,IRAO,10Y,,,,,,0.14468632226026104,0.15285211490657002,,0.008165792646308984,
2026-09-08,CL,ISKJ,1D,,,,,,0.14840633932232628,0.1484530082115867,,4.6668889260415014e-05,
2026-09-08,CL,ISKJ,1W,,,,,,0.14840633932232628,0.14845300821148477,,4.666888915849654e-05,
2026-09-08,CL,ISKJ,2W,,,,,,0.14434687392316228,0.1482730100886176,,0.003926136165455313,
2026-09-08,CL,ISKJ,1M,,,,,,0.13135658464583755,0.14797394144390807,,0.016617356798070526,
2026-09-08,CL,ISKJ,2M,,,,,,0.10699979225085363,0.14765365092773863,,0.04065385867688501,
2026-09-08,CL,ISKJ,3M,,,,,,0.08264299985586973,0.1475453167697678,,0.06490231691389806,
2026-09-08,CL,ISKJ,6M,,,,,,0.07452406905754176,0.1452012583667024,,0.07067718930916063,
2026-09-08,CL,ISKJ,9M,,,,,,0.07452406905754176,0.14451318545177405,,0.06998911639423229,
2026-09-08,CL,ISKJ,1Y,,,,,,0.07452406905754176,0.14273012189486312,,0.06820605283732135,
2026-09-08,CL,ISKJ,2Y,,,,,,0.07452406905754176,0.14457416799638012,,0.07005009893883836,
2026-09-08,CL,ISKJ,3Y,,,,,,0.07452406905754176,0.14569985399827368,,0.07117578494073191,
2026-09-08,CL,ISKJ,4Y,,,,,,0.07452406905754176,0.14878914406388533,,0.07426507500634356,
2026-09-08,CL,ISKJ,5Y,,,,,,0.07452406905754176,0.14986985083307536,,0.0753457817755336,
2026-09-08,CL,ISKJ,6Y,,,,,,0.07452406905754176,0.15202095876873223,,0.07749688971119047,
2026-09-08,CL,ISKJ,7Y,,,,,,0.07452406905754176,0.15180475313490294,,0.07728068407736118,
2026-09-08,CL,ISKJ,8Y,,,,,,0.07452406905754176,0.15217567361806195,,0.07765160456052018,
2026-09-08,CL,ISKJ,9Y,,,,,,0.07452406905754176,0.15260861338183807,,0.0780845443242963,
2026-09-08,CL,ISKJ,10Y,,,,,,0.07452406905754176,0.15285211490657002,,0.07832804584902826,
2026-09-08,CL,IVAT,1D,,,,,,0.14840633932232628,0.1484530082115867,,4.6668889260415014e-05,
2026-09-08,CL,IVAT,1W,,,,,,0.14840633932232628,0.14845300821148477,,4.666888915849654e-05,
2026-09-08,CL,IVAT,2W,,,,,,0.14428586938433424,0.1482730100886176,,0.003987140704283354,
2026-09-08,CL,IVAT,1M,,,,,,0.13110036558275973,0.14797394144390807,,0.01687357586114835,
2026-09-08,CL,IVAT,2M,,,,,,0.1063775459548075,0.14765365092773863,,0.04127610497293113,
2026-09-08,CL,IVAT,3M,,,,,,0.08165472632685529,0.1475453167697678,,0.0658905904429125,
2026-09-08,CL,IVAT,6M,,,,,,0.07341378645087122,0.1452012583667024,,0.07178747191583117,
2026-09-08,CL,IVAT,9M,,,,,,0.07341378645087122,0.14451318545177405,,0.07109939900090283,
2026-09-08,CL,IVAT,1Y,,,,,,0.07341378645087122,0.14273012189486312,,0.06931633544399189,
2026-09-08,CL,IVAT,2Y,,,,,,0.07341378645087122,0.14457416799638012,,0.0711603815455089,
2026-09-08,CL,IVAT,3Y,,,,,,0.07341378645087122,0.14569985399827368,,0.07228606754740245,
2026-09-08,CL,IVAT,4Y,,,,,,0.07341378645087122,0.14878914406388533,,0.0753753576130141,
2026-09-08,CL,IVAT,5Y,,,,,,0.07341378645087122,0.14986985083307536,,0.07645606438220413,
2026-09-08,CL,IVAT,6Y,,,,,,0.07341378645087122,0.15202095876873223,,0.078607172317861,
2026-09-08,CL,IVAT,7Y,,,,,,0.07341378645087122,0.15180475313490294,,0.07839096668403171,
2026-09-08,CL,IVAT,8Y,,,,,,0.07341378645087122,0.15217567361806195,,0.07876188716719072,
2026-09-08,CL,IVAT,9Y,,,,,,0.07341378645087122,0.15260861338183807,,0.07919482693096684,
2026-09-08,CL,IVAT,10Y,,,,,,0.07341378645087122,0.15285211490657002,,0.0794383284556988,
2026-09-08,CL,JDCOM,1D,,,,,,0.32460547453211674,0.1484530082115867,,-0.17615246632053005,
2026-09-08,CL,JDCOM,1W,,,,,,0.32460547453211674,0.14845300821148477,,-0.17615246632063197,
2026-09-08,CL,JDCOM,2W,,,,,,0.32460547453211674,0.1482730100886176,,-0.17633246444349915,
2026-09-08,CL,JDCOM,1M,,,,,,0.32460547453211674,0.14797394144390807,,-0.17663153308820867,
2026-09-08,CL,JDCOM,2M,,,,,,0.32460547453211674,0.14765365092773863,,-0.1769518236043781,
2026-09-08,CL,JDCOM,3M,,,,,,0.32460547453211674,0.1475453167697678,,-0.17706015776234896,
2026-09-08,CL,JDCOM,6M,,,,,,0.32460547453211674,0.1452012583667024,,-0.17940421616541435,
2026-09-08,CL,JDCOM,9M,,,,,,0.32460547453211674,0.14451318545177405,,-0.1800922890803427,
2026-09-08,CL,JDCOM,1Y,,,,,,0.32460547453211674,0.14273012189486312,,-0.18187535263725363,
2026-09-08,CL,JDCOM,2Y,,,,,,0.32460547453211674,0.14457416799638012,,-0.18003130653573662,
2026-09-08,CL,JDCOM,3Y,,,,,,0.32460547453211674,0.14569985399827368,,-0.17890562053384307,
2026-09-08,CL,JDCOM,4Y,,,,,,0.32460547453211674,0.14878914406388533,,-0.17581633046823142,
2026-09-08,CL,JDCOM,5Y,,,,,,0.32460547453211674,0.14986985083307536,,-0.1747356236990414,
2026-09-08,CL,JDCOM,6Y,,,,,,0.32460547453211674,0.15202095876873223,,-0.17258451576338452,
2026-09-08,CL,JDCOM,7Y,,,,,,0.32460547453211674,0.15180475313490294,,-0.1728007213972138,
2026-09-08,CL,JDCOM,8Y,,,,,,0.32460547453211674,0.15217567361806195,,-0.1724298009140548,
2026-09-08,CL,JDCOM,9Y,,,,,,0.32460547453211674,0.15260861338183807,,-0.17199686115027868,
2026-09-08,CL,JDCOM,10Y,,,,,,0.32460547453211674,0.15285211490657002,,-0.17175335962554672,
2026-09-08,CL,KMAZ,1D,,,,,,0.14840633932232628,0.1484530082115867,,4.6668889260415014e-05,
2026-09-08,CL,KMAZ,1W,,,,,,0.14840633932232628,0.14845300821148477,,4.666888915849654e-05,
2026-09-08,CL,KMAZ,2W,,,,,,0.14833770974337462,0.1482730100886176,,-6.469965475702777e-05,
2026-09-08,CL,KMAZ,1M,,,,,,0.14811809509072935,0.14797394144390807,,-0.00014415364682127119,
2026-09-08,CL,KMAZ,2M,,,,,,0.14770631761701944,0.14765365092773863,,-5.266668928080587e-05,
2026-09-08,CL,KMAZ,3M,,,,,,0.14729454014330956,0.1475453167697678,,0.00025077662645822674,
2026-09-08,CL,KMAZ,6M,,,,,,0.14715728098540626,0.1452012583667024,,-0.0019560226187038676,
2026-09-08,CL,KMAZ,9M,,,,,,0.14715728098540626,0.14451318545177405,,-0.002644095533632207,
2026-09-08,CL,KMAZ,1Y,,,,,,0.14715728098540626,0.14273012189486312,,-0.004427159090543142,
2026-09-08,CL,KMAZ,2Y,,,,,,0.14715728098540626,0.14457416799638012,,-0.0025831129890261373,
2026-09-08,CL,KMAZ,3Y,,,,,,0.14715728098540626,0.14569985399827368,,-0.0014574269871325818,
2026-09-08,CL,KMAZ,4Y,,,,,,0.14715728098540626,0.14878914406388533,,0.0016318630784790678,
2026-09-08,CL,KMAZ,5Y,,,,,,0.14715728098540626,0.14986985083307536,,0.0027125698476690996,
2026-09-08,CL,KMAZ,6Y,,,,,,0.14715728098540626,0.15202095876873223,,0.00486367778332597,
2026-09-08,CL,KMAZ,7Y,,,,,,0.14715728098540626,0.15180475313490294,,0.004647472149496679,
2026-09-08,CL,KMAZ,8Y,,,,,,0.14715728098540626,0.15217567361806195,,0.005018392632655688,
2026-09-08,CL,KMAZ,9Y,,,,,,0.14715728098540626,0.15260861338183807,,0.005451332396431807,
2026-09-08,CL,KMAZ,10Y,,,,,,0.14715728098540626,0.15285211490657002,,0.005694833921163767,
2026-09-08,CL,KOREA,1D,,,,,,0.04276216232999589,0.1484530082115867,,0.1056908458815908,
2026-09-08,CL,KOREA,1W,,,,,,0.04276216232999589,0.14845300821148477,,0.10569084588148889,
2026-09-08,CL,KOREA,2W,,,,,,0.04276216232999589,0.1482730100886176,,0.10551084775862171,
2026-09-08,CL,KOREA,1M,,,,,,0.04276216232999589,0.14797394144390807,,0.10521177911391219,
2026-09-08,CL,KOREA,2M,,,,,,0.04276216232999589,0.14765365092773863,,0.10489148859774275,
2026-09-08,CL,KOREA,3M,,,,,,0.04276216232999589,0.1475453167697678,,0.1047831544397719,
2026-09-08,CL,KOREA,6M,,,,,,0.04276216232999589,0.1452012583667024,,0.1024390960367065,
2026-09-08,CL,KOREA,9M,,,,,,0.04276216232999589,0.14451318545177405,,0.10175102312177817,
2026-09-08,CL,KOREA,1Y,,,,,,0.04276216232999589,0.14273012189486312,,0.09996795956486723,
2026-09-08,CL,KOREA,2Y,,,,,,0.04276216232999589,0.14457416799638012,,0.10181200566638424,
2026-09-08,CL,KOREA,3Y,,,,,,0.04276216232999589,0.14569985399827368,,0.10293769166827779,
2026-09-08,CL,KOREA,4Y,,,,,,0.04276216232999589,0.14878914406388533,,0.10602698173388944,
2026-09-08,CL,KOREA,5Y,,,,,,0.04276216232999589,0.14986985083307536,,0.10710768850307947,
2026-09-08,CL,KOREA,6Y,,,,,,0.04276216232999589,0.15202095876873223,,0.10925879643873634,
2026-09-08,CL,KOREA,7Y,,,,,,0.04276216232999589,0.15180475313490294,,0.10904259080490705,
2026-09-08,CL,KOREA,8Y,,,,,,0.04276216232999589,0.15217567361806195,,0.10941351128806606,
2026-09-08,CL,KOREA,9Y,,,,,,0.04276216232999589,0.15260861338183807,,0.10984645105184218,
2026-09-08,CL,KOREA,10Y,,,,,,0.04276216232999589,0.15285211490657002,,0.11008995257657414,
2026-09-08,CL,KZT,1D,,,,,,-0.03825022438057874,0.1484530082115867,,0.18670323259216542,
2026-09-08,CL,KZT,1W,,,,,,-0.03825022438057874,0.14845300821148477,,0.1867032325920635,
2026-09-08,CL,KZT,2W,,,,,,-0.03825022438057874,0.1482730100886176,,0.18652323446919633,
2026-09-08,CL,KZT,1M,,,,,,-0.03825022438057874,0.14797394144390807,,0.1862241658244868,
2026-09-08,CL,KZT,2M,,,,,,-0.03825022438057874,0.14765365092773863,,0.18590387530831737,
2026-09-08,CL,KZT,3M,,,,,,-0.03825022438057874,0.1475453167697678,,0.18579554115034652,
2026-09-08,CL,KZT,6M,,,,,,-0.051821743953287425,0.1452012583667024,,0.19702300231998982,
2026-09-08,CL,KZT,9M,,,,,,-0.05212672192121346,0.14451318545177405,,0.1966399073729875,
2026-09-08,CL,KZT,1Y,,,,,,-0.05212672192121346,0.14273012189486312,,0.19485684381607657,
2026-09-08,CL,KZT,2Y,,,,,,-0.05212672192121346,0.14457416799638012,,0.19670088991759357,
2026-09-08,CL,KZT,3Y,,,,,,-0.05212672192121346,0.14569985399827368,,0.19782657591948713,
2026-09-08,CL,KZT,4Y,,,,,,-0.05212672192121346,0.14878914406388533,,0.20091586598509878,
2026-09-08,CL,KZT,5Y,,,,,,-0.05212672192121346,0.14986985083307536,,0.2019965727542888,
2026-09-08,CL,KZT,6Y,,,,,,-0.05212672192121346,0.15202095876873223,,0.20414768068994568,
2026-09-08,CL,KZT,7Y,,,,,,-0.05212672192121346,0.15180475313490294,,0.2039314750561164,
2026-09-08,CL,KZT,8Y,,,,,,-0.05212672192121346,0.15217567361806195,,0.2043023955392754,
2026-09-08,CL,KZT,9Y,,,,,,-0.05212672192121346,0.15260861338183807,,0.20473533530305152,
2026-09-08,CL,KZT,10Y,,,,,,-0.05212672192121346,0.15285211490657002,,0.20497883682778348,
2026-09-08,CL,LEAS,1D,,,,,,0.14840633932232628,0.1484530082115867,,4.6668889260415014e-05,
2026-09-08,CL,LEAS,1W,,,,,,0.14840633932232628,0.14845300821148477,,4.666888915849654e-05,
2026-09-08,CL,LEAS,2W,,,,,,0.14833770974337462,0.1482730100886176,,-6.469965475702777e-05,
2026-09-08,CL,LEAS,1M,,,,,,0.14811809509072935,0.14797394144390807,,-0.00014415364682127119,
2026-09-08,CL,LEAS,2M,,,,,,0.14770631761701944,0.14765365092773863,,-5.266668928080587e-05,
2026-09-08,CL,LEAS,3M,,,,,,0.14729454014330956,0.1475453167697678,,0.00025077662645822674,
2026-09-08,CL,LEAS,6M,,,,,,0.14715728098540626,0.1452012583667024,,-0.0019560226187038676,
2026-09-08,CL,LEAS,9M,,,,,,0.14715728098540626,0.14451318545177405,,-0.002644095533632207,
2026-09-08,CL,LEAS,1Y,,,,,,0.14715728098540626,0.14273012189486312,,-0.004427159090543142,
2026-09-08,CL,LEAS,2Y,,,,,,0.14715728098540626,0.14457416799638012,,-0.0025831129890261373,
2026-09-08,CL,LEAS,3Y,,,,,,0.14715728098540626,0.14569985399827368,,-0.0014574269871325818,
2026-09-08,CL,LEAS,4Y,,,,,,0.14715728098540626,0.14878914406388533,,0.0016318630784790678,
2026-09-08,CL,LEAS,5Y,,,,,,0.14715728098540626,0.14986985083307536,,0.0027125698476690996,
2026-09-08,CL,LEAS,6Y,,,,,,0.14715728098540626,0.15202095876873223,,0.00486367778332597,
2026-09-08,CL,LEAS,7Y,,,,,,0.14715728098540626,0.15180475313490294,,0.004647472149496679,
2026-09-08,CL,LEAS,8Y,,,,,,0.14715728098540626,0.15217567361806195,,0.005018392632655688,
2026-09-08,CL,LEAS,9Y,,,,,,0.14715728098540626,0.15260861338183807,,0.005451332396431807,
2026-09-08,CL,LEAS,10Y,,,,,,0.14715728098540626,0.15285211490657002,,0.005694833921163767,
2026-09-08,CL,LENT,1D,,,,,,0.14840633932232628,0.1484530082115867,,4.6668889260415014e-05,
2026-09-08,CL,LENT,1W,,,,,,0.14840633932232628,0.14845300821148477,,4.666888915849654e-05,
2026-09-08,CL,LENT,2W,,,,,,0.14833770974337462,0.1482730100886176,,-6.469965475702777e-05,
2026-09-08,CL,LENT,1M,,,,,,0.14811809509072935,0.14797394144390807,,-0.00014415364682127119,
2026-09-08,CL,LENT,2M,,,,,,0.14770631761701944,0.14765365092773863,,-5.266668928080587e-05,
2026-09-08,CL,LENT,3M,,,,,,0.14729454014330956,0.1475453167697678,,0.00025077662645822674,
2026-09-08,CL,LENT,6M,,,,,,0.14715728098540626,0.1452012583667024,,-0.0019560226187038676,
2026-09-08,CL,LENT,9M,,,,,,0.14715728098540626,0.14451318545177405,,-0.002644095533632207,
2026-09-08,CL,LENT,1Y,,,,,,0.14715728098540626,0.14273012189486312,,-0.004427159090543142,
2026-09-08,CL,LENT,2Y,,,,,,0.14715728098540626,0.14457416799638012,,-0.0025831129890261373,
2026-09-08,CL,LENT,3Y,,,,,,0.14715728098540626,0.14569985399827368,,-0.0014574269871325818,
2026-09-08,CL,LENT,4Y,,,,,,0.14715728098540626,0.14878914406388533,,0.0016318630784790678,
2026-09-08,CL,LENT,5Y,,,,,,0.14715728098540626,0.14986985083307536,,0.0027125698476690996,
2026-09-08,CL,LENT,6Y,,,,,,0.14715728098540626,0.15202095876873223,,0.00486367778332597,
2026-09-08,CL,LENT,7Y,,,,,,0.14715728098540626,0.15180475313490294,,0.004647472149496679,
2026-09-08,CL,LENT,8Y,,,,,,0.14715728098540626,0.15217567361806195,,0.005018392632655688,
2026-09-08,CL,LENT,9Y,,,,,,0.14715728098540626,0.15260861338183807,,0.005451332396431807,
2026-09-08,CL,LENT,10Y,,,,,,0.14715728098540626,0.15285211490657002,,0.005694833921163767,
2026-09-08,CL,LITEF,1D,,,,,,-0.00021450721719196378,0.1484530082115867,,0.14866751542877865,
2026-09-08,CL,LITEF,1W,,,,,,-0.00021450721719196378,0.14845300821148477,,0.14866751542867673,
2026-09-08,CL,LITEF,2W,,,,,,-0.00021450721719196378,0.1482730100886176,,0.14848751730580956,
2026-09-08,CL,LITEF,1M,,,,,,-0.00021450721719196378,0.14797394144390807,,0.14818844866110004,
2026-09-08,CL,LITEF,2M,,,,,,-0.00021450721719196378,0.14765365092773863,,0.1478681581449306,
2026-09-08,CL,LITEF,3M,,,,,,-0.00021450721719196378,0.1475453167697678,,0.14775982398695975,
2026-09-08,CL,LITEF,6M,,,,,,-0.00021450721719196378,0.1452012583667024,,0.14541576558389435,
2026-09-08,CL,LITEF,9M,,,,,,-0.00021450721719196378,0.14451318545177405,,0.144727692668966,
2026-09-08,CL,LITEF,1Y,,,,,,-0.00021450721719196378,0.14273012189486312,,0.14294462911205508,
2026-09-08,CL,LITEF,2Y,,,,,,-0.00021450721719196378,0.14457416799638012,,0.14478867521357208,
2026-09-08,CL,LITEF,3Y,,,,,,-0.00021450721719196378,0.14569985399827368,,0.14591436121546564,
2026-09-08,CL,LITEF,4Y,,,,,,-0.00021450721719196378,0.14878914406388533,,0.1490036512810773,
2026-09-08,CL,LITEF,5Y,,,,,,-0.00021450721719196378,0.14986985083307536,,0.15008435805026732,
2026-09-08,CL,LITEF,6Y,,,,,,-0.00021450721719196378,0.15202095876873223,,0.1522354659859242,
2026-09-08,CL,LITEF,7Y,,,,,,-0.00021450721719196378,0.15180475313490294,,0.1520192603520949,
2026-09-08,CL,LITEF,8Y,,,,,,-0.00021450721719196378,0.15217567361806195,,0.1523901808352539,
2026-09-08,CL,LITEF,9Y,,,,,,-0.00021450721719196378,0.15260861338183807,,0.15282312059903003,
2026-09-08,CL,LITEF,10Y,,,,,,-0.00021450721719196378,0.15285211490657002,,0.153066622123762,
2026-09-08,CL,LKOH,1D,,,,,,0.14105746218848284,0.1484530082115867,,0.007395546023103855,
2026-09-08,CL,LKOH,1W,,,,,,0.14105746218848284,0.14845300821148477,,0.0073955460230019365,
2026-09-08,CL,LKOH,2W,,,,,,0.14139261706743467,0.1482730100886176,,0.006880393021182929,
2026-09-08,CL,LKOH,1M,,,,,,0.14246511268008055,0.14797394144390807,,0.005508828763827522,
2026-09-08,CL,LKOH,2M,,,,,,0.14447604195379157,0.14765365092773863,,0.0031776089739470603,
2026-09-08,CL,LKOH,3M,,,,,,0.1464869712275026,0.1475453167697678,,0.0010583455422651933,
2026-09-08,CL,LKOH,6M,,,,,,0.14533067561930343,0.1452012583667024,,-0.00012941725260104397,
2026-09-08,CL,LKOH,9M,,,,,,0.14440022548528128,0.14451318545177405,,0.00011295996649277051,
2026-09-08,CL,LKOH,1Y,,,,,,0.14429704190611425,0.14273012189486312,,-0.0015669200112511383,
2026-09-08,CL,LKOH,2Y,,,,,,0.14429704190611425,0.14457416799638012,,0.00027712609026586676,
2026-09-08,CL,LKOH,3Y,,,,,,0.14429704190611425,0.14569985399827368,,0.0014028120921594223,
2026-09-08,CL,LKOH,4Y,,,,,,0.14429704190611425,0.14878914406388533,,0.004492102157771072,
2026-09-08,CL,LKOH,5Y,,,,,,0.14429704190611425,0.14986985083307536,,0.005572808926961104,
2026-09-08,CL,LKOH,6Y,,,,,,0.14429704190611425,0.15202095876873223,,0.007723916862617974,
2026-09-08,CL,LKOH,7Y,,,,,,0.14429704190611425,0.15180475313490294,,0.007507711228788683,
2026-09-08,CL,LKOH,8Y,,,,,,0.14429704190611425,0.15217567361806195,,0.007878631711947692,
2026-09-08,CL,LKOH,9Y,,,,,,0.14429704190611425,0.15260861338183807,,0.008311571475723811,
2026-09-08,CL,LKOH,10Y,,,,,,0.14429704190611425,0.15285211490657002,,0.00855507300045577,
2026-09-08,CL,MAGN,1D,,,,,,0.19245924946495369,0.1484530082115867,,-0.044006241253366996,
2026-09-08,CL,MAGN,1W,,,,,,0.19245924946495369,0.14845300821148477,,-0.044006241253468914,
2026-09-08,CL,MAGN,2W,,,,,,0.18948144239526685,0.1482730100886176,,-0.04120843230664925,
2026-09-08,CL,MAGN,1M,,,,,,0.179952459772269,0.14797394144390807,,-0.03197851832836093,
2026-09-08,CL,MAGN,2M,,,,,,0.162085617354148,0.14765365092773863,,-0.01443196642640937,
2026-09-08,CL,MAGN,3M,,,,,,0.14421877493602703,0.1475453167697678,,0.0033265418337407593,
2026-09-08,CL,MAGN,6M,,,,,,0.13826316079665338,0.1452012583667024,,0.006938097570049012,
2026-09-08,CL,MAGN,9M,,,,,,0.13826316079665338,0.14451318545177405,,0.006250024655120673,
2026-09-08,CL,MAGN,1Y,,,,,,0.13826316079665338,0.14273012189486312,,0.004466961098209737,
2026-09-08,CL,MAGN,2Y,,,,,,0.13826316079665338,0.14457416799638012,,0.0063110071997267425,
2026-09-08,CL,MAGN,3Y,,,,,,0.13826316079665338,0.14569985399827368,,0.007436693201620298,
2026-09-08,CL,MAGN,4Y,,,,,,0.13826316079665338,0.14878914406388533,,0.010525983267231948,
2026-09-08,CL,MAGN,5Y,,,,,,0.13826316079665338,0.14986985083307536,,0.01160669003642198,
2026-09-08,CL,MAGN,6Y,,,,,,0.13826316079665338,0.15202095876873223,,0.01375779797207885,
2026-09-08,CL,MAGN,7Y,,,,,,0.13826316079665338,0.15180475313490294,,0.013541592338249558,
2026-09-08,CL,MAGN,8Y,,,,,,0.13826316079665338,0.15217567361806195,,0.013912512821408568,
2026-09-08,CL,MAGN,9Y,,,,,,0.13826316079665338,0.15260861338183807,,0.014345452585184687,
2026-09-08,CL,MAGN,10Y,,,,,,0.13826316079665338,0.15285211490657002,,0.014588954109916646,
2026-09-08,CL,MDMG,1D,,,,,,0.1762010978293396,0.1484530082115867,,-0.027748089617752908,
2026-09-08,CL,MDMG,1W,,,,,,0.1762010978293396,0.14845300821148477,,-0.027748089617854826,
2026-09-08,CL,MDMG,2W,,,,,,0.17089893337622972,0.1482730100886176,,-0.02262592328761212,
2026-09-08,CL,MDMG,1M,,,,,,0.15393200712627814,0.14797394144390807,,-0.005958065682370062,
2026-09-08,CL,MDMG,2M,,,,,,0.1221190204076189,0.14765365092773863,,0.025534630520119728,
2026-09-08,CL,MDMG,3M,,,,,,0.09030603368895967,0.1475453167697678,,0.05723928308080811,
2026-09-08,CL,MDMG,6M,,,,,,0.07970170478273993,0.1452012583667024,,0.06549955358396246,
2026-09-08,CL,MDMG,9M,,,,,,0.07970170478273993,0.14451318545177405,,0.06481148066903412,
2026-09-08,CL,MDMG,1Y,,,,,,0.07970170478273993,0.14273012189486312,,0.06302841711212319,
2026-09-08,CL,MDMG,2Y,,,,,,0.07970170478273993,0.14457416799638012,,0.0648724632136402,
2026-09-08,CL,MDMG,3Y,,,,,,0.07970170478273993,0.14569985399827368,,0.06599814921553375,
2026-09-08,CL,MDMG,4Y,,,,,,0.07970170478273993,0.14878914406388533,,0.0690874392811454,
2026-09-08,CL,MDMG,5Y,,,,,,0.07970170478273993,0.14986985083307536,,0.07016814605033543,
2026-09-08,CL,MDMG,6Y,,,,,,0.07970170478273993,0.15202095876873223,,0.0723192539859923,
2026-09-08,CL,MDMG,7Y,,,,,,0.07970170478273993,0.15180475313490294,,0.07210304835216301,
2026-09-08,CL,MDMG,8Y,,,,,,0.07970170478273993,0.15217567361806195,,0.07247396883532202,
2026-09-08,CL,MDMG,9Y,,,,,,0.07970170478273993,0.15260861338183807,,0.07290690859909814,
2026-09-08,CL,MDMG,10Y,,,,,,0.07970170478273993,0.15285211490657002,,0.0731504101238301,
2026-09-08,CL,MGNT,1D,,,,,,0.1451871081235189,0.1484530082115867,,0.0032659000880677913,
2026-09-08,CL,MGNT,1W,,,,,,0.1451871081235189,0.14845300821148477,,0.003265900087965873,
2026-09-08,CL,MGNT,2W,,,,,,0.14439196293491185,0.1482730100886176,,0.003881047153705741,
2026-09-08,CL,MGNT,1M,,,,,,0.1418474983313693,0.14797394144390807,,0.006126443112538765,
2026-09-08,CL,MGNT,2M,,,,,,0.13707662719972707,0.14765365092773863,,0.010577023728011559,
2026-09-08,CL,MGNT,3M,,,,,,0.1323057560680848,0.1475453167697678,,0.015239560701682975,
2026-09-08,CL,MGNT,6M,,,,,,0.13071546569087072,0.1452012583667024,,0.014485792675831666,
2026-09-08,CL,MGNT,9M,,,,,,0.13071546569087072,0.14451318545177405,,0.013797719760903326,
2026-09-08,CL,MGNT,1Y,,,,,,0.13071546569087072,0.14273012189486312,,0.012014656203992391,
2026-09-08,CL,MGNT,2Y,,,,,,0.13071546569087072,0.14457416799638012,,0.013858702305509396,
2026-09-08,CL,MGNT,3Y,,,,,,0.13071546569087072,0.14569985399827368,,0.014984388307402952,
2026-09-08,CL,MGNT,4Y,,,,,,0.13071546569087072,0.14878914406388533,,0.0180736783730146,
2026-09-08,CL,MGNT,5Y,,,,,,0.13071546569087072,0.14986985083307536,,0.019154385142204633,
2026-09-08,CL,MGNT,6Y,,,,,,0.13071546569087072,0.15202095876873223,,0.021305493077861504,
2026-09-08,CL,MGNT,7Y,,,,,,0.13071546569087072,0.15180475313490294,,0.021089287444032212,
2026-09-08,CL,MGNT,8Y,,,,,,0.13071546569087072,0.15217567361806195,,0.02146020792719122,
2026-09-08,CL,MGNT,9Y,,,,,,0.13071546569087072,0.15260861338183807,,0.02189314769096734,
2026-09-08,CL,MGNT,10Y,,,,,,0.13071546569087072,0.15285211490657002,,0.0221366492156993,
2026-09-08,CL,MIX,1D,,,,,,0.11660346907283795,0.1484530082115867,,0.031849539138748745,
2026-09-08,CL,MIX,1W,,,,,,0.11660346907283795,0.14845300821148477,,0.031849539138646826,
2026-09-08,CL,MIX,2W,,,,,,0.11255910475810518,0.1482730100886176,,0.03571390533051241,
2026-09-08,CL,MIX,1M,,,,,,0.09961713895096033,0.14797394144390807,,0.04835680249294774,
2026-09-08,CL,MIX,2M,,,,,,0.07535095306256376,0.14765365092773863,,0.07230269786517488,
2026-09-08,CL,MIX,3M,,,,,,0.05108476717416717,0.1475453167697678,,0.09646054959560062,
2026-09-08,CL,MIX,6M,,,,,,0.07391203402343333,0.1452012583667024,,0.07128922434326906,
2026-09-08,CL,MIX,9M,,,,,,0.08305893949021546,0.14451318545177405,,0.06145424596155859,
2026-09-08,CL,MIX,1Y,,,,,,0.08657430714330833,0.14273012189486312,,0.05615581475155479,
2026-09-08,CL,MIX,2Y,,,,,,0.12287613242378902,0.14457416799638012,,0.021698035572591104,
2026-09-08,CL,MIX,3Y,,,,,,0.12548509914037717,0.14569985399827368,,0.020214754857896505,
2026-09-08,CL,MIX,4Y,,,,,,0.12548509914037717,0.14878914406388533,,0.023304044923508155,
2026-09-08,CL,MIX,5Y,,,,,,0.12548509914037717,0.14986985083307536,,0.024384751692698187,
2026-09-08,CL,MIX,6Y,,,,,,0.12548509914037717,0.15202095876873223,,0.026535859628355057,
2026-09-08,CL,MIX,7Y,,,,,,0.12548509914037717,0.15180475313490294,,0.026319653994525766,
2026-09-08,CL,MIX,8Y,,,,,,0.12548509914037717,0.15217567361806195,,0.026690574477684775,
2026-09-08,CL,MIX,9Y,,,,,,0.12548509914037717,0.15260861338183807,,0.027123514241460894,
2026-09-08,CL,MIX,10Y,,,,,,0.12548509914037717,0.15285211490657002,,0.027367015766192854,
2026-09-08,CL,MMI,1D,,,,,,-0.09599498006907642,0.1484530082115867,,0.2444479882806631,
2026-09-08,CL,MMI,1W,,,,,,-0.09599498006907642,0.14845300821148477,,0.2444479882805612,
2026-09-08,CL,MMI,2W,,,,,,-0.08247898431400677,0.1482730100886176,,0.23075199440262437,
2026-09-08,CL,MMI,1M,,,,,,-0.0392277978977839,0.14797394144390807,,0.187201739341692,
2026-09-08,CL,MMI,2M,,,,,,0.04186817663263398,0.14765365092773863,,0.10578547429510465,
2026-09-08,CL,MMI,3M,,,,,,0.12296415116305187,0.1475453167697678,,0.024581165606715916,
2026-09-08,CL,MMI,6M,,,,,,0.07940909586490015,0.1452012583667024,,0.06579216250180224,
2026-09-08,CL,MMI,9M,,,,,,0.06970337692876014,0.14451318545177405,,0.07480980852301392,
2026-09-08,CL,MMI,1Y,,,,,,0.06970337692876014,0.14273012189486312,,0.07302674496610298,
2026-09-08,CL,MMI,2Y,,,,,,0.06970337692876014,0.14457416799638012,,0.07487079106761999,
2026-09-08,CL,MMI,3Y,,,,,,0.06970337692876014,0.14569985399827368,,0.07599647706951354,
2026-09-08,CL,MMI,4Y,,,,,,0.06970337692876014,0.14878914406388533,,0.07908576713512519,
2026-09-08,CL,MMI,5Y,,,,,,0.06970337692876014,0.14986985083307536,,0.08016647390431522,
2026-09-08,CL,MMI,6Y,,,,,,0.06970337692876014,0.15202095876873223,,0.08231758183997209,
2026-09-08,CL,MMI,7Y,,,,,,0.06970337692876014,0.15180475313490294,,0.0821013762061428,
2026-09-08,CL,MMI,8Y,,,,,,0.06970337692876014,0.15217567361806195,,0.08247229668930181,
2026-09-08,CL,MMI,9Y,,,,,,0.06970337692876014,0.15260861338183807,,0.08290523645307793,
2026-09-08,CL,MMI,10Y,,,,,,0.06970337692876014,0.15285211490657002,,0.08314873797780989,
2026-09-08,CL,MOEX,1D,,,,,,0.18766575960340126,0.1484530082115867,,-0.03921275139181457,
2026-09-08,CL,MOEX,1W,,,,,,0.18766575960340126,0.14845300821148477,,-0.03921275139191649,
2026-09-08,CL,MOEX,2W,,,,,,0.18495139699339974,0.1482730100886176,,-0.036678386904782145,
2026-09-08,CL,MOEX,1M,,,,,,0.1762654366413949,0.14797394144390807,,-0.028291495197486832,
2026-09-08,CL,MOEX,2M,,,,,,0.15997926098138585,0.14765365092773863,,-0.012325610053647212,
2026-09-08,CL,MOEX,3M,,,,,,0.1436930853213768,0.1475453167697678,,0.0038522314483909748,
2026-09-08,CL,MOEX,6M,,,,,,0.13826436010137377,0.1452012583667024,,0.006936898265328617,
2026-09-08,CL,MOEX,9M,,,,,,0.13826436010137377,0.14451318545177405,,0.006248825350400278,
2026-09-08,CL,MOEX,1Y,,,,,,0.13826436010137377,0.14273012189486312,,0.004465761793489342,
2026-09-08,CL,MOEX,2Y,,,,,,0.13826436010137377,0.14457416799638012,,0.006309807895006347,
2026-09-08,CL,MOEX,3Y,,,,,,0.13826436010137377,0.14569985399827368,,0.007435493896899903,
2026-09-08,CL,MOEX,4Y,,,,,,0.13826436010137377,0.14878914406388533,,0.010524783962511552,
2026-09-08,CL,MOEX,5Y,,,,,,0.13826436010137377,0.14986985083307536,,0.011605490731701584,
2026-09-08,CL,MOEX,6Y,,,,,,0.13826436010137377,0.15202095876873223,,0.013756598667358455,
2026-09-08,CL,MOEX,7Y,,,,,,0.13826436010137377,0.15180475313490294,,0.013540393033529163,
2026-09-08,CL,MOEX,8Y,,,,,,0.13826436010137377,0.15217567361806195,,0.013911313516688173,
2026-09-08,CL,MOEX,9Y,,,,,,0.13826436010137377,0.15260861338183807,,0.014344253280464292,
2026-09-08,CL,MOEX,10Y,,,,,,0.13826436010137377,0.15285211490657002,,0.014587754805196251,
2026-09-08,CL,MOEXCNY,1D,,,,,,-0.04458609228626502,0.1484530082115867,,0.19303910049785172,
2026-09-08,CL,MOEXCNY,1W,,,,,,-0.04458609228626502,0.14845300821148477,,0.1930391004977498,
2026-09-08,CL,MOEXCNY,2W,,,,,,-0.04139242744232756,0.1482730100886176,,0.18966543753094517,
2026-09-08,CL,MOEXCNY,1M,,,,,,-0.03117269994172768,0.14797394144390807,,0.17914664138563574,
2026-09-08,CL,MOEXCNY,2M,,,,,,-0.012010710878102904,0.14765365092773863,,0.15966436180584154,
2026-09-08,CL,MOEXCNY,3M,,,,,,0.007151278185521866,0.1475453167697678,,0.14039403858424593,
2026-09-08,CL,MOEXCNY,6M,,,,,,0.01353860787339679,0.1452012583667024,,0.1316626504933056,
2026-09-08,CL,MOEXCNY,9M,,,,,,0.01353860787339679,0.14451318545177405,,0.13097457757837727,
2026-09-08,CL,MOEXCNY,1Y,,,,,,0.01353860787339679,0.14273012189486312,,0.12919151402146634,
2026-09-08,CL,MOEXCNY,2Y,,,,,,0.01353860787339679,0.14457416799638012,,0.13103556012298334,
2026-09-08,CL,MOEXCNY,3Y,,,,,,0.01353860787339679,0.14569985399827368,,0.1321612461248769,
2026-09-08,CL,MOEXCNY,4Y,,,,,,0.01353860787339679,0.14878914406388533,,0.13525053619048855,
2026-09-08,CL,MOEXCNY,5Y,,,,,,0.01353860787339679,0.14986985083307536,,0.13633124295967858,
2026-09-08,CL,MOEXCNY,6Y,,,,,,0.01353860787339679,0.15202095876873223,,0.13848235089533545,
2026-09-08,CL,MOEXCNY,7Y,,,,,,0.01353860787339679,0.15180475313490294,,0.13826614526150616,
2026-09-08,CL,MOEXCNY,8Y,,,,,,0.01353860787339679,0.15217567361806195,,0.13863706574466517,
2026-09-08,CL,MOEXCNY,9Y,,,,,,0.01353860787339679,0.15260861338183807,,0.13907000550844129,
2026-09-08,CL,MOEXCNY,10Y,,,,,,0.01353860787339679,0.15285211490657002,,0.13931350703317325,
2026-09-08,CL,MTLR,1D,,,,,,0.14840633932232628,0.1484530082115867,,4.6668889260415014e-05,
2026-09-08,CL,MTLR,1W,,,,,,0.14840633932232628,0.14845300821148477,,4.666888915849654e-05,
2026-09-08,CL,MTLR,2W,,,,,,0.14833770974337462,0.1482730100886176,,-6.469965475702777e-05,
2026-09-08,CL,MTLR,1M,,,,,,0.14811809509072935,0.14797394144390807,,-0.00014415364682127119,
2026-09-08,CL,MTLR,2M,,,,,,0.14770631761701944,0.14765365092773863,,-5.266668928080587e-05,
2026-09-08,CL,MTLR,3M,,,,,,0.14729454014330956,0.1475453167697678,,0.00025077662645822674,
2026-09-08,CL,MTLR,6M,,,,,,0.14715728098540626,0.1452012583667024,,-0.0019560226187038676,
2026-09-08,CL,MTLR,9M,,,,,,0.14715728098540626,0.14451318545177405,,-0.002644095533632207,
2026-09-08,CL,MTLR,1Y,,,,,,0.14715728098540626,0.14273012189486312,,-0.004427159090543142,
2026-09-08,CL,MTLR,2Y,,,,,,0.14715728098540626,0.14457416799638012,,-0.0025831129890261373,
2026-09-08,CL,MTLR,3Y,,,,,,0.14715728098540626,0.14569985399827368,,-0.0014574269871325818,
2026-09-08,CL,MTLR,4Y,,,,,,0.14715728098540626,0.14878914406388533,,0.0016318630784790678,
2026-09-08,CL,MTLR,5Y,,,,,,0.14715728098540626,0.14986985083307536,,0.0027125698476690996,
2026-09-08,CL,MTLR,6Y,,,,,,0.14715728098540626,0.15202095876873223,,0.00486367778332597,
2026-09-08,CL,MTLR,7Y,,,,,,0.14715728098540626,0.15180475313490294,,0.004647472149496679,
2026-09-08,CL,MTLR,8Y,,,,,,0.14715728098540626,0.15217567361806195,,0.005018392632655688,
2026-09-08,CL,MTLR,9Y,,,,,,0.14715728098540626,0.15260861338183807,,0.005451332396431807,
2026-09-08,CL,MTLR,10Y,,,,,,0.14715728098540626,0.15285211490657002,,0.005694833921163767,
2026-09-08,CL,MTSI,1D,,,,,,0.1793205974604002,0.1484530082115867,,-0.0308675892488135,
2026-09-08,CL,MTSI,1W,,,,,,0.1793205974604002,0.14845300821148477,,-0.030867589248915417,
2026-09-08,CL,MTSI,2W,,,,,,0.17651643859381178,0.1482730100886176,,-0.02824342850519418,
2026-09-08,CL,MTSI,1M,,,,,,0.16754313022072886,0.14797394144390807,,-0.01956918877682079,
2026-09-08,CL,MTSI,2M,,,,,,0.1507181770211984,0.14765365092773863,,-0.0030645260934597796,
2026-09-08,CL,MTSI,3M,,,,,,0.13389322382166796,0.1475453167697678,,0.013652092948099825,
2026-09-08,CL,MTSI,6M,,,,,,0.12828490608849114,0.1452012583667024,,0.016916352278211255,
2026-09-08,CL,MTSI,9M,,,,,,0.12828490608849114,0.14451318545177405,,0.016228279363282916,
2026-09-08,CL,MTSI,1Y,,,,,,0.12828490608849114,0.14273012189486312,,0.01444521580637198,
2026-09-08,CL,MTSI,2Y,,,,,,0.12828490608849114,0.14457416799638012,,0.016289261907888986,
2026-09-08,CL,MTSI,3Y,,,,,,0.12828490608849114,0.14569985399827368,,0.01741494790978254,
2026-09-08,CL,MTSI,4Y,,,,,,0.12828490608849114,0.14878914406388533,,0.02050423797539419,
2026-09-08,CL,MTSI,5Y,,,,,,0.12828490608849114,0.14986985083307536,,0.021584944744584222,
2026-09-08,CL,MTSI,6Y,,,,,,0.12828490608849114,0.15202095876873223,,0.023736052680241093,
2026-09-08,CL,MTSI,7Y,,,,,,0.12828490608849114,0.15180475313490294,,0.0235198470464118,
2026-09-08,CL,MTSI,8Y,,,,,,0.12828490608849114,0.15217567361806195,,0.02389076752957081,
2026-09-08,CL,MTSI,9Y,,,,,,0.12828490608849114,0.15260861338183807,,0.02432370729334693,
2026-09-08,CL,MTSI,10Y,,,,,,0.12828490608849114,0.15285211490657002,,0.02456720881807889,
2026-09-08,CL,MVID,1D,,,,,,0.14840633932232628,0.1484530082115867,,4.6668889260415014e-05,
2026-09-08,CL,MVID,1W,,,,,,0.14840633932232628,0.14845300821148477,,4.666888915849654e-05,
2026-09-08,CL,MVID,2W,,,,,,0.14833770974337462,0.1482730100886176,,-6.469965475702777e-05,
2026-09-08,CL,MVID,1M,,,,,,0.14811809509072935,0.14797394144390807,,-0.00014415364682127119,
2026-09-08,CL,MVID,2M,,,,,,0.14770631761701944,0.14765365092773863,,-5.266668928080587e-05,
2026-09-08,CL,MVID,3M,,,,,,0.14729454014330956,0.1475453167697678,,0.00025077662645822674,
2026-09-08,CL,MVID,6M,,,,,,0.14715728098540626,0.1452012583667024,,-0.0019560226187038676,
2026-09-08,CL,MVID,9M,,,,,,0.14715728098540626,0.14451318545177405,,-0.002644095533632207,
2026-09-08,CL,MVID,1Y,,,,,,0.14715728098540626,0.14273012189486312,,-0.004427159090543142,
2026-09-08,CL,MVID,2Y,,,,,,0.14715728098540626,0.14457416799638012,,-0.0025831129890261373,
2026-09-08,CL,MVID,3Y,,,,,,0.14715728098540626,0.14569985399827368,,-0.0014574269871325818,
2026-09-08,CL,MVID,4Y,,,,,,0.14715728098540626,0.14878914406388533,,0.0016318630784790678,
2026-09-08,CL,MVID,5Y,,,,,,0.14715728098540626,0.14986985083307536,,0.0027125698476690996,
2026-09-08,CL,MVID,6Y,,,,,,0.14715728098540626,0.15202095876873223,,0.00486367778332597,
2026-09-08,CL,MVID,7Y,,,,,,0.14715728098540626,0.15180475313490294,,0.004647472149496679,
2026-09-08,CL,MVID,8Y,,,,,,0.14715728098540626,0.15217567361806195,,0.005018392632655688,
2026-09-08,CL,MVID,9Y,,,,,,0.14715728098540626,0.15260861338183807,,0.005451332396431807,
2026-09-08,CL,MVID,10Y,,,,,,0.14715728098540626,0.15285211490657002,,0.005694833921163767,
2026-09-08,CL,MXI,1D,,,,,,0.11660346907283795,0.1484530082115867,,0.031849539138748745,
2026-09-08,CL,MXI,1W,,,,,,0.11660346907283795,0.14845300821148477,,0.031849539138646826,
2026-09-08,CL,MXI,2W,,,,,,0.11256349454152789,0.1482730100886176,,0.035709515547089704,
2026-09-08,CL,MXI,1M,,,,,,0.09963557604133574,0.14797394144390807,,0.04833836540257233,
2026-09-08,CL,MXI,2M,,,,,,0.07539572885347545,0.14765365092773863,,0.07225792207426318,
2026-09-08,CL,MXI,3M,,,,,,0.05115588166561515,0.1475453167697678,,0.09638943510415264,
2026-09-08,CL,MXI,6M,,,,,,0.07352874776796803,0.1452012583667024,,0.07167251059873436,
2026-09-08,CL,MXI,9M,,,,,,0.09108849798516448,0.14451318545177405,,0.05342468746660957,
2026-09-08,CL,MXI,1Y,,,,,,0.0903370907435441,0.14273012189486312,,0.05239303115131902,
2026-09-08,CL,MXI,2Y,,,,,,0.10835463387061438,0.14457416799638012,,0.03621953412576574,
2026-09-08,CL,MXI,3Y,,,,,,0.1086762838890471,0.14569985399827368,,0.03702357010922658,
2026-09-08,CL,MXI,4Y,,,,,,0.1086762838890471,0.14878914406388533,,0.04011286017483823,
2026-09-08,CL,MXI,5Y,,,,,,0.1086762838890471,0.14986985083307536,,0.04119356694402826,
2026-09-08,CL,MXI,6Y,,,,,,0.1086762838890471,0.15202095876873223,,0.04334467487968513,
2026-09-08,CL,MXI,7Y,,,,,,0.1086762838890471,0.15180475313490294,,0.04312846924585584,
2026-09-08,CL,MXI,8Y,,,,,,0.1086762838890471,0.15217567361806195,,0.04349938972901485,
2026-09-08,CL,MXI,9Y,,,,,,0.1086762838890471,0.15260861338183807,,0.04393232949279097,
2026-09-08,CL,MXI,10Y,,,,,,0.1086762838890471,0.15285211490657002,,0.044175831017522926,
2026-09-08,CL,NASD,1D,,,,,,0.025356027417762095,0.1484530082115867,,0.1230969807938246,
2026-09-08,CL,NASD,1W,,,,,,0.025356027417762095,0.14845300821148477,,0.12309698079372268,
2026-09-08,CL,NASD,2W,,,,,,0.024722693237060157,0.1482730100886176,,0.12355031685155744,
2026-09-08,CL,NASD,1M,,,,,,0.022189356514252405,0.14797394144390807,,0.12578458492965566,
2026-09-08,CL,NASD,2M,,,,,,0.01743935015898787,0.14765365092773863,,0.13021430076875076,
2026-09-08,CL,NASD,3M,,,,,,0.012689343803723338,0.1475453167697678,,0.13485597296604446,
2026-09-08,CL,NASD,6M,,,,,,0.0107323331506006,0.1452012583667024,,0.1344689252161018,
2026-09-08,CL,NASD,9M,,,,,,0.011693655677699614,0.14451318545177405,,0.13281952977407444,
2026-09-08,CL,NASD,1Y,,,,,,0.011859327786381326,0.14273012189486312,,0.1308707941084818,
2026-09-08,CL,NASD,2Y,,,,,,0.011859327786381326,0.14457416799638012,,0.1327148402099988,
2026-09-08,CL,NASD,3Y,,,,,,0.011859327786381326,0.14569985399827368,,0.13384052621189235,
2026-09-08,CL,NASD,4Y,,,,,,0.011859327786381326,0.14878914406388533,,0.136929816277504,
2026-09-08,CL,NASD,5Y,,,,,,0.011859327786381326,0.14986985083307536,,0.13801052304669403,
2026-09-08,CL,NASD,6Y,,,,,,0.011859327786381326,0.15202095876873223,,0.1401616309823509,
2026-09-08,CL,NASD,7Y,,,,,,0.011859327786381326,0.15180475313490294,,0.1399454253485216,
2026-09-08,CL,NASD,8Y,,,,,,0.011859327786381326,0.15217567361806195,,0.14031634583168062,
2026-09-08,CL,NASD,9Y,,,,,,0.011859327786381326,0.15260861338183807,,0.14074928559545674,
2026-09-08,CL,NASD,10Y,,,,,,0.011859327786381326,0.15285211490657002,,0.1409927871201887,
2026-09-08,CL,NBISF,1D,,,,,,-2.9534116734398666e-05,0.1484530082115867,,0.1484825423283211,
2026-09-08,CL,NBISF,1W,,,,,,-2.9534116734398666e-05,0.14845300821148477,,0.14848254232821917,
2026-09-08,CL,NBISF,2W,,,,,,-2.9534116734398666e-05,0.1482730100886176,,0.148302544205352,
2026-09-08,CL,NBISF,1M,,,,,,-2.9534116734398666e-05,0.14797394144390807,,0.14800347556064247,
2026-09-08,CL,NBISF,2M,,,,,,-2.9534116734398666e-05,0.14765365092773863,,0.14768318504447303,
2026-09-08,CL,NBISF,3M,,,,,,-2.9534116734398666e-05,0.1475453167697678,,0.14757485088650218,
2026-09-08,CL,NBISF,6M,,,,,,-2.9534116734398666e-05,0.1452012583667024,,0.1452307924834368,
2026-09-08,CL,NBISF,9M,,,,,,-2.9534116734398666e-05,0.14451318545177405,,0.14454271956850845,
2026-09-08,CL,NBISF,1Y,,,,,,-2.9534116734398666e-05,0.14273012189486312,,0.1427596560115975,
2026-09-08,CL,NBISF,2Y,,,,,,-2.9534116734398666e-05,0.14457416799638012,,0.14460370211311452,
2026-09-08,CL,NBISF,3Y,,,,,,-2.9534116734398666e-05,0.14569985399827368,,0.14572938811500807,
2026-09-08,CL,NBISF,4Y,,,,,,-2.9534116734398666e-05,0.14878914406388533,,0.14881867818061972,
2026-09-08,CL,NBISF,5Y,,,,,,-2.9534116734398666e-05,0.14986985083307536,,0.14989938494980976,
2026-09-08,CL,NBISF,6Y,,,,,,-2.9534116734398666e-05,0.15202095876873223,,0.15205049288546663,
2026-09-08,CL,NBISF,7Y,,,,,,-2.9534116734398666e-05,0.15180475313490294,,0.15183428725163733,
2026-09-08,CL,NBISF,8Y,,,,,,-2.9534116734398666e-05,0.15217567361806195,,0.15220520773479634,
2026-09-08,CL,NBISF,9Y,,,,,,-2.9534116734398666e-05,0.15260861338183807,,0.15263814749857246,
2026-09-08,CL,NBISF,10Y,,,,,,-2.9534116734398666e-05,0.15285211490657002,,0.15288164902330442,
2026-09-08,CL,NFLXF,1D,,,,,,-0.00039050708816985744,0.1484530082115867,,0.14884351529975653,
2026-09-08,CL,NFLXF,1W,,,,,,-0.00039050708816985744,0.14845300821148477,,0.14884351529965462,
2026-09-08,CL,NFLXF,2W,,,,,,-0.00039050708816985744,0.1482730100886176,,0.14866351717678744,
2026-09-08,CL,NFLXF,1M,,,,,,-0.00039050708816985744,0.14797394144390807,,0.14836444853207792,
2026-09-08,CL,NFLXF,2M,,,,,,-0.00039050708816985744,0.14765365092773863,,0.14804415801590848,
2026-09-08,CL,NFLXF,3M,,,,,,-0.00039050708816985744,0.1475453167697678,,0.14793582385793763,
2026-09-08,CL,NFLXF,6M,,,,,,-0.00039050708816985744,0.1452012583667024,,0.14559176545487224,
2026-09-08,CL,NFLXF,9M,,,,,,-0.00039050708816985744,0.14451318545177405,,0.1449036925399439,
2026-09-08,CL,NFLXF,1Y,,,,,,-0.00039050708816985744,0.14273012189486312,,0.14312062898303296,
2026-09-08,CL,NFLXF,2Y,,,,,,-0.00039050708816985744,0.14457416799638012,,0.14496467508454997,
2026-09-08,CL,NFLXF,3Y,,,,,,-0.00039050708816985744,0.14569985399827368,,0.14609036108644352,
2026-09-08,CL,NFLXF,4Y,,,,,,-0.00039050708816985744,0.14878914406388533,,0.14917965115205517,
2026-09-08,CL,NFLXF,5Y,,,,,,-0.00039050708816985744,0.14986985083307536,,0.1502603579212452,
2026-09-08,CL,NFLXF,6Y,,,,,,-0.00039050708816985744,0.15202095876873223,,0.15241146585690207,
2026-09-08,CL,NFLXF,7Y,,,,,,-0.00039050708816985744,0.15180475313490294,,0.15219526022307278,
2026-09-08,CL,NFLXF,8Y,,,,,,-0.00039050708816985744,0.15217567361806195,,0.1525661807062318,
2026-09-08,CL,NFLXF,9Y,,,,,,-0.00039050708816985744,0.15260861338183807,,0.1529991204700079,
2026-09-08,CL,NFLXF,10Y,,,,,,-0.00039050708816985744,0.15285211490657002,,0.15324262199473987,
2026-09-08,CL,NG,1D,,,,,,0.5118511396038103,0.1484530082115867,,-0.36339813139222366,
2026-09-08,CL,NG,1W,,,,,,0.5118511396038103,0.14845300821148477,,-0.3633981313923256,
2026-09-08,CL,NG,2W,,,,,,0.5118511396038103,0.1482730100886176,,-0.36357812951519275,
2026-09-08,CL,NG,1M,,,,,,0.5118511396038103,0.14797394144390807,,-0.36387719815990227,
2026-09-08,CL,NG,2M,,,,,,1.095486025389545,0.14765365092773863,,-0.9478323744618065,
2026-09-08,CL,NG,3M,,,,,,1.107450333217614,0.1475453167697678,,-0.9599050164478462,
2026-09-08,CL,NG,6M,,,,,,0.02347484440058699,0.1452012583667024,,0.1217264139661154,
2026-09-08,CL,NG,9M,,,,,,0.0174275351837878,0.14451318545177405,,0.12708565026798624,
2026-09-08,CL,NG,1Y,,,,,,0.0174275351837878,0.14273012189486312,,0.1253025867110753,
2026-09-08,CL,NG,2Y,,,,,,0.0174275351837878,0.14457416799638012,,0.1271466328125923,
2026-09-08,CL,NG,3Y,,,,,,0.0174275351837878,0.14569985399827368,,0.12827231881448586,
2026-09-08,CL,NG,4Y,,,,,,0.0174275351837878,0.14878914406388533,,0.1313616088800975,
2026-09-08,CL,NG,5Y,,,,,,0.0174275351837878,0.14986985083307536,,0.13244231564928755,
2026-09-08,CL,NG,6Y,,,,,,0.0174275351837878,0.15202095876873223,,0.13459342358494442,
2026-09-08,CL,NG,7Y,,,,,,0.0174275351837878,0.15180475313490294,,0.13437721795111512,
2026-09-08,CL,NG,8Y,,,,,,0.0174275351837878,0.15217567361806195,,0.13474813843427413,
2026-09-08,CL,NG,9Y,,,,,,0.0174275351837878,0.15260861338183807,,0.13518107819805025,
2026-09-08,CL,NG,10Y,,,,,,0.0174275351837878,0.15285211490657002,,0.1354245797227822,
2026-09-08,CL,NGM,1D,,,,,,0.5314148464508318,0.1484530082115867,,-0.3829618382392451,
2026-09-08,CL,NGM,1W,,,,,,0.5314148464508318,0.14845300821148477,,-0.38296183823934704,
2026-09-08,CL,NGM,2W,,,,,,0.5314148464508318,0.1482730100886176,,-0.3831418363622142,
2026-09-08,CL,NGM,1M,,,,,,0.5314148464508318,0.14797394144390807,,-0.38344090500692374,
2026-09-08,CL,NGM,2M,,,,,,1.1008514652261026,0.14765365092773863,,-0.9531978142983639,
2026-09-08,CL,NGM,3M,,,,,,1.1134469061844032,0.1475453167697678,,-0.9659015894146354,
2026-09-08,CL,NGM,6M,,,,,,0.06204444309902078,0.1452012583667024,,0.08315681526768161,
2026-09-08,CL,NGM,9M,,,,,,0.05838438000743824,0.14451318545177405,,0.08612880544433582,
2026-09-08,CL,NGM,1Y,,,,,,0.05838438000743824,0.14273012189486312,,0.08434574188742489,
2026-09-08,CL,NGM,2Y,,,,,,0.05838438000743824,0.14457416799638012,,0.08618978798894189,
2026-09-08,CL,NGM,3Y,,,,,,0.05838438000743824,0.14569985399827368,,0.08731547399083545,
2026-09-08,CL,NGM,4Y,,,,,,0.05838438000743824,0.14878914406388533,,0.0904047640564471,
2026-09-08,CL,NGM,5Y,,,,,,0.05838438000743824,0.14986985083307536,,0.09148547082563713,
2026-09-08,CL,NGM,6Y,,,,,,0.05838438000743824,0.15202095876873223,,0.093636578761294,
2026-09-08,CL,NGM,7Y,,,,,,0.05838438000743824,0.15180475313490294,,0.0934203731274647,
2026-09-08,CL,NGM,8Y,,,,,,0.05838438000743824,0.15217567361806195,,0.09379129361062372,
2026-09-08,CL,NGM,9Y,,,,,,0.05838438000743824,0.15260861338183807,,0.09422423337439984,
2026-09-08,CL,NGM,10Y,,,,,,0.05838438000743824,0.15285211490657002,,0.0944677348991318,
2026-09-08,CL,NICKEL,1D,,,,,,0.0785560049294404,0.1484530082115867,,0.06989700328214629,
2026-09-08,CL,NICKEL,1W,,,,,,0.0785560049294404,0.14845300821148477,,0.06989700328204437,
2026-09-08,CL,NICKEL,2W,,,,,,0.0785560049294404,0.1482730100886176,,0.0697170051591772,
2026-09-08,CL,NICKEL,1M,,,,,,0.0785560049294404,0.14797394144390807,,0.06941793651446768,
2026-09-08,CL,NICKEL,2M,,,,,,0.0785560049294404,0.14765365092773863,,0.06909764599829823,
2026-09-08,CL,NICKEL,3M,,,,,,0.0785560049294404,0.1475453167697678,,0.06898931184032739,
2026-09-08,CL,NICKEL,6M,,,,,,0.0017265056028448467,0.1452012583667024,,0.14347475276385754,
2026-09-08,CL,NICKEL,9M,,,,,,0.0,0.14451318545177405,,0.14451318545177405,
2026-09-08,CL,NICKEL,1Y,,,,,,0.0,0.14273012189486312,,0.14273012189486312,
2026-09-08,CL,NICKEL,2Y,,,,,,0.0,0.14457416799638012,,0.14457416799638012,
2026-09-08,CL,NICKEL,3Y,,,,,,0.0,0.14569985399827368,,0.14569985399827368,
2026-09-08,CL,NICKEL,4Y,,,,,,0.0,0.14878914406388533,,0.14878914406388533,
2026-09-08,CL,NICKEL,5Y,,,,,,0.0,0.14986985083307536,,0.14986985083307536,
2026-09-08,CL,NICKEL,6Y,,,,,,0.0,0.15202095876873223,,0.15202095876873223,
2026-09-08,CL,NICKEL,7Y,,,,,,0.0,0.15180475313490294,,0.15180475313490294,
2026-09-08,CL,NICKEL,8Y,,,,,,0.0,0.15217567361806195,,0.15217567361806195,
2026-09-08,CL,NICKEL,9Y,,,,,,0.0,0.15260861338183807,,0.15260861338183807,
2026-09-08,CL,NICKEL,10Y,,,,,,0.0,0.15285211490657002,,0.15285211490657002,
2026-09-08,CL,NIKK,1D,,,,,,-0.06729705434985608,0.1484530082115867,,0.21575006256144277,
2026-09-08,CL,NIKK,1W,,,,,,-0.06729705434985608,0.14845300821148477,,0.21575006256134086,
2026-09-08,CL,NIKK,2W,,,,,,-0.06729705434985608,0.1482730100886176,,0.21557006443847368,
2026-09-08,CL,NIKK,1M,,,,,,-0.06729705434985608,0.14797394144390807,,0.21527099579376416,
2026-09-08,CL,NIKK,2M,,,,,,-0.06729705434985608,0.14765365092773863,,0.21495070527759472,
2026-09-08,CL,NIKK,3M,,,,,,-0.06729705434985608,0.1475453167697678,,0.21484237111962387,
2026-09-08,CL,NIKK,6M,,,,,,-0.06729705434985608,0.1452012583667024,,0.21249831271655847,
2026-09-08,CL,NIKK,9M,,,,,,-0.06729705434985608,0.14451318545177405,,0.21181023980163013,
2026-09-08,CL,NIKK,1Y,,,,,,-0.06729705434985608,0.14273012189486312,,0.2100271762447192,
2026-09-08,CL,NIKK,2Y,,,,,,-0.06729705434985608,0.14457416799638012,,0.2118712223462362,
2026-09-08,CL,NIKK,3Y,,,,,,-0.06729705434985608,0.14569985399827368,,0.21299690834812976,
2026-09-08,CL,NIKK,4Y,,,,,,-0.06729705434985608,0.14878914406388533,,0.2160861984137414,
2026-09-08,CL,NIKK,5Y,,,,,,-0.06729705434985608,0.14986985083307536,,0.21716690518293144,
2026-09-08,CL,NIKK,6Y,,,,,,-0.06729705434985608,0.15202095876873223,,0.2193180131185883,
2026-09-08,CL,NIKK,7Y,,,,,,-0.06729705434985608,0.15180475313490294,,0.21910180748475902,
2026-09-08,CL,NIKK,8Y,,,,,,-0.06729705434985608,0.15217567361806195,,0.21947272796791803,
2026-09-08,CL,NIKK,9Y,,,,,,-0.06729705434985608,0.15260861338183807,,0.21990566773169415,
2026-09-08,CL,NIKK,10Y,,,,,,-0.06729705434985608,0.15285211490657002,,0.2201491692564261,
2026-09-08,CL,NLMK,1D,,,,,,0.1633331066159508,0.1484530082115867,,-0.014880098404364106,
2026-09-08,CL,NLMK,1W,,,,,,0.1633331066159508,0.14845300821148477,,-0.014880098404466024,
2026-09-08,CL,NLMK,2W,,,,,,0.1621372761083887,0.1482730100886176,,-0.013864266019771115,
2026-09-08,CL,NLMK,1M,,,,,,0.1583106184841901,0.14797394144390807,,-0.010336677040282016,
2026-09-08,CL,NLMK,2M,,,,,,0.15113563543881764,0.14765365092773863,,-0.003481984511079006,
2026-09-08,CL,NLMK,3M,,,,,,0.1439606523934452,0.1475453167697678,,0.0035846643763225994,
2026-09-08,CL,NLMK,6M,,,,,,0.14156899137832105,0.1452012583667024,,0.003632266988381344,
2026-09-08,CL,NLMK,9M,,,,,,0.14156899137832105,0.14451318545177405,,0.0029441940734530048,
2026-09-08,CL,NLMK,1Y,,,,,,0.14156899137832105,0.14273012189486312,,0.0011611305165420693,
2026-09-08,CL,NLMK,2Y,,,,,,0.14156899137832105,0.14457416799638012,,0.0030051766180590744,
2026-09-08,CL,NLMK,3Y,,,,,,0.14156899137832105,0.14569985399827368,,0.00413086261995263,
2026-09-08,CL,NLMK,4Y,,,,,,0.14156899137832105,0.14878914406388533,,0.0072201526855642795,
2026-09-08,CL,NLMK,5Y,,,,,,0.14156899137832105,0.14986985083307536,,0.008300859454754311,
2026-09-08,CL,NLMK,6Y,,,,,,0.14156899137832105,0.15202095876873223,,0.010451967390411182,
2026-09-08,CL,NLMK,7Y,,,,,,0.14156899137832105,0.15180475313490294,,0.01023576175658189,
2026-09-08,CL,NLMK,8Y,,,,,,0.14156899137832105,0.15217567361806195,,0.0106066822397409,
2026-09-08,CL,NLMK,9Y,,,,,,0.14156899137832105,0.15260861338183807,,0.011039622003517019,
2026-09-08,CL,NLMK,10Y,,,,,,0.14156899137832105,0.15285211490657002,,0.011283123528248978,
2026-09-08,CL,NOTKM,1D,,,,,,0.11277746422877152,0.1484530082115867,,0.03567554398281517,
2026-09-08,CL,NOTKM,1W,,,,,,0.11277746422877152,0.14845300821148477,,0.03567554398271325,
2026-09-08,CL,NOTKM,2W,,,,,,0.11481214852582006,0.1482730100886176,,0.03346086156279754,
2026-09-08,CL,NOTKM,1M,,,,,,0.12132313827637534,0.14797394144390807,,0.02665080316753274,
2026-09-08,CL,NOTKM,2M,,,,,,0.1335312440586665,0.14765365092773863,,0.014122406869072124,
2026-09-08,CL,NOTKM,3M,,,,,,0.14573934984095765,0.1475453167697678,,0.001805966928810132,
2026-09-08,CL,NOTKM,6M,,,,,,0.14980871843505472,0.1452012583667024,,-0.0046074600683523315,
2026-09-08,CL,NOTKM,9M,,,,,,0.14980871843505472,0.14451318545177405,,-0.005295532983280671,
2026-09-08,CL,NOTKM,1Y,,,,,,0.14980871843505472,0.14273012189486312,,-0.007078596540191606,
2026-09-08,CL,NOTKM,2Y,,,,,,0.14980871843505472,0.14457416799638012,,-0.005234550438674601,
2026-09-08,CL,NOTKM,3Y,,,,,,0.14980871843505472,0.14569985399827368,,-0.004108864436781046,
2026-09-08,CL,NOTKM,4Y,,,,,,0.14980871843505472,0.14878914406388533,,-0.001019574371169396,
2026-09-08,CL,NOTKM,5Y,,,,,,0.14980871843505472,0.14986985083307536,,6.113239802063575e-05,
2026-09-08,CL,NOTKM,6Y,,,,,,0.14980871843505472,0.15202095876873223,,0.0022122403336775065,
2026-09-08,CL,NOTKM,7Y,,,,,,0.14980871843505472,0.15180475313490294,,0.001996034699848215,
2026-09-08,CL,NOTKM,8Y,,,,,,0.14980871843505472,0.15217567361806195,,0.0023669551830072244,
2026-09-08,CL,NOTKM,9Y,,,,,,0.14980871843505472,0.15260861338183807,,0.0027998949467833434,
2026-09-08,CL,NOTKM,10Y,,,,,,0.14980871843505472,0.15285211490657002,,0.003043396471515303,
2026-09-08,CL,NOVARTIS,1D,,,,,,0.11098254227333097,0.1484530082115867,,0.03747046593825572,
2026-09-08,CL,NOVARTIS,1W,,,,,,0.11098254227333097,0.14845300821148477,,0.0374704659381538,
2026-09-08,CL,NOVARTIS,2W,,,,,,0.11098254227333097,0.1482730100886176,,0.037290467815286624,
2026-09-08,CL,NOVARTIS,1M,,,,,,0.11098254227333097,0.14797394144390807,,0.0369913991705771,
2026-09-08,CL,NOVARTIS,2M,,,,,,0.11098254227333097,0.14765365092773863,,0.03667110865440766,
2026-09-08,CL,NOVARTIS,3M,,,,,,0.11098254227333097,0.1475453167697678,,0.036562774496436815,
2026-09-08,CL,NOVARTIS,6M,,,,,,0.11098254227333097,0.1452012583667024,,0.03421871609337142,
2026-09-08,CL,NOVARTIS,9M,,,,,,0.11098254227333097,0.14451318545177405,,0.03353064317844308,
2026-09-08,CL,NOVARTIS,1Y,,,,,,0.11098254227333097,0.14273012189486312,,0.03174757962153214,
2026-09-08,CL,NOVARTIS,2Y,,,,,,0.11098254227333097,0.14457416799638012,,0.03359162572304915,
2026-09-08,CL,NOVARTIS,3Y,,,,,,0.11098254227333097,0.14569985399827368,,0.034717311724942704,
2026-09-08,CL,NOVARTIS,4Y,,,,,,0.11098254227333097,0.14878914406388533,,0.03780660179055435,
2026-09-08,CL,NOVARTIS,5Y,,,,,,0.11098254227333097,0.14986985083307536,,0.038887308559744385,
2026-09-08,CL,NOVARTIS,6Y,,,,,,0.11098254227333097,0.15202095876873223,,0.041038416495401256,
2026-09-08,CL,NOVARTIS,7Y,,,,,,0.11098254227333097,0.15180475313490294,,0.040822210861571964,
2026-09-08,CL,NOVARTIS,8Y,,,,,,0.11098254227333097,0.15217567361806195,,0.041193131344730974,
2026-09-08,CL,NOVARTIS,9Y,,,,,,0.11098254227333097,0.15260861338183807,,0.04162607110850709,
2026-09-08,CL,NOVARTIS,10Y,,,,,,0.11098254227333097,0.15285211490657002,,0.04186957263323905,
2026-09-08,CL,OGI,1D,,,,,,0.17234175697130272,0.1484530082115867,,-0.023888748759716028,
2026-09-08,CL,OGI,1W,,,,,,0.17234175697130272,0.14845300821148477,,-0.023888748759817946,
2026-09-08,CL,OGI,2W,,,,,,0.1736303590652076,0.1482730100886176,,-0.025357348976590005,
2026-09-08,CL,OGI,1M,,,,,,0.1777538857657032,0.14797394144390807,,-0.02977994432179512,
2026-09-08,CL,OGI,2M,,,,,,0.18548549832913241,0.14765365092773863,,-0.03783184740139378,
2026-09-08,CL,OGI,3M,,,,,,0.19321711089256166,0.1475453167697678,,-0.045671794122793874,
2026-09-08,CL,OGI,6M,,,,,,0.09604697834232284,0.1452012583667024,,0.04915428002437955,
2026-09-08,CL,OGI,9M,,,,,,0.08233171954084118,0.14451318545177405,,0.062181465910932876,
2026-09-08,CL,OGI,1Y,,,,,,0.08233171954084118,0.14273012189486312,,0.06039840235402194,
2026-09-08,CL,OGI,2Y,,,,,,0.08233171954084118,0.14457416799638012,,0.062242448455538946,
2026-09-08,CL,OGI,3Y,,,,,,0.08233171954084118,0.14569985399827368,,0.0633681344574325,
2026-09-08,CL,OGI,4Y,,,,,,0.08233171954084118,0.14878914406388533,,0.06645742452304415,
2026-09-08,CL,OGI,5Y,,,,,,0.08233171954084118,0.14986985083307536,,0.06753813129223418,
2026-09-08,CL,OGI,6Y,,,,,,0.08233171954084118,0.15202095876873223,,0.06968923922789105,
2026-09-08,CL,OGI,7Y,,,,,,0.08233171954084118,0.15180475313490294,,0.06947303359406176,
2026-09-08,CL,OGI,8Y,,,,,,0.08233171954084118,0.15217567361806195,,0.06984395407722077,
2026-09-08,CL,OGI,9Y,,,,,,0.08233171954084118,0.15260861338183807,,0.07027689384099689,
2026-09-08,CL,OGI,10Y,,,,,,0.08233171954084118,0.15285211490657002,,0.07052039536572885,
2026-09-08,CL,ORANGE,1D,,,,,,0.22877349077416653,0.1484530082115867,,-0.08032048256257984,
2026-09-08,CL,ORANGE,1W,,,,,,0.22877349077416653,0.14845300821148477,,-0.08032048256268176,
2026-09-08,CL,ORANGE,2W,,,,,,0.22877349077416653,0.1482730100886176,,-0.08050048068554894,
2026-09-08,CL,ORANGE,1M,,,,,,0.22877349077416653,0.14797394144390807,,-0.08079954933025846,
2026-09-08,CL,ORANGE,2M,,,,,,0.22877349077416653,0.14765365092773863,,-0.0811198398464279,
2026-09-08,CL,ORANGE,3M,,,,,,0.22877349077416653,0.1475453167697678,,-0.08122817400439875,
2026-09-08,CL,ORANGE,6M,,,,,,0.22877349077416653,0.1452012583667024,,-0.08357223240746414,
2026-09-08,CL,ORANGE,9M,,,,,,0.22877349077416653,0.14451318545177405,,-0.08426030532239248,
2026-09-08,CL,ORANGE,1Y,,,,,,0.22877349077416653,0.14273012189486312,,-0.08604336887930342,
2026-09-08,CL,ORANGE,2Y,,,,,,0.22877349077416653,0.14457416799638012,,-0.08419932277778641,
2026-09-08,CL,ORANGE,3Y,,,,,,0.22877349077416653,0.14569985399827368,,-0.08307363677589286,
2026-09-08,CL,ORANGE,4Y,,,,,,0.22877349077416653,0.14878914406388533,,-0.0799843467102812,
2026-09-08,CL,ORANGE,5Y,,,,,,0.22877349077416653,0.14986985083307536,,-0.07890363994109117,
2026-09-08,CL,ORANGE,6Y,,,,,,0.22877349077416653,0.15202095876873223,,-0.0767525320054343,
2026-09-08,CL,ORANGE,7Y,,,,,,0.22877349077416653,0.15180475313490294,,-0.0769687376392636,
2026-09-08,CL,ORANGE,8Y,,,,,,0.22877349077416653,0.15217567361806195,,-0.07659781715610459,
2026-09-08,CL,ORANGE,9Y,,,,,,0.22877349077416653,0.15260861338183807,,-0.07616487739232847,
2026-09-08,CL,ORANGE,10Y,,,,,,0.22877349077416653,0.15285211490657002,,-0.07592137586759651,
2026-09-08,CL,OZON,1D,,,,,,0.12092608454134453,0.1484530082115867,,0.027526923670242162,
2026-09-08,CL,OZON,1W,,,,,,0.12092608454134453,0.14845300821148477,,0.027526923670140244,
2026-09-08,CL,OZON,2W,,,,,,0.12148705818368806,0.1482730100886176,,0.026785951904929536,
2026-09-08,CL,OZON,1M,,,,,,0.12328217383918735,0.14797394144390807,,0.02469176760472072,
2026-09-08,CL,OZON,2M,,,,,,0.12664801569324854,0.14765365092773863,,0.02100563523449009,
2026-09-08,CL,OZON,3M,,,,,,0.13001385754730974,0.1475453167697678,,0.01753145922245805,
2026-09-08,CL,OZON,6M,,,,,,0.1311358048319968,0.1452012583667024,,0.014065453534705591,
2026-09-08,CL,OZON,9M,,,,,,0.1311358048319968,0.14451318545177405,,0.013377380619777252,
2026-09-08,CL,OZON,1Y,,,,,,0.1311358048319968,0.14273012189486312,,0.011594317062866316,
2026-09-08,CL,OZON,2Y,,,,,,0.1311358048319968,0.14457416799638012,,0.013438363164383321,
2026-09-08,CL,OZON,3Y,,,,,,0.1311358048319968,0.14569985399827368,,0.014564049166276877,
2026-09-08,CL,OZON,4Y,,,,,,0.1311358048319968,0.14878914406388533,,0.017653339231888526,
2026-09-08,CL,OZON,5Y,,,,,,0.1311358048319968,0.14986985083307536,,0.018734046001078558,
2026-09-08,CL,OZON,6Y,,,,,,0.1311358048319968,0.15202095876873223,,0.02088515393673543,
2026-09-08,CL,OZON,7Y,,,,,,0.1311358048319968,0.15180475313490294,,0.020668948302906137,
2026-09-08,CL,OZON,8Y,,,,,,0.1311358048319968,0.15217567361806195,,0.021039868786065147,
2026-09-08,CL,OZON,9Y,,,,,,0.1311358048319968,0.15260861338183807,,0.021472808549841266,
2026-09-08,CL,OZON,10Y,,,,,,0.1311358048319968,0.15285211490657002,,0.021716310074573225,
2026-09-08,CL,PDD,1D,,,,,,0.21096451605530783,0.1484530082115867,,-0.06251150784372114,
2026-09-08,CL,PDD,1W,,,,,,0.21096451605530783,0.14845300821148477,,-0.06251150784382306,
2026-09-08,CL,PDD,2W,,,,,,0.21096451605530783,0.1482730100886176,,-0.06269150596669024,
2026-09-08,CL,PDD,1M,,,,,,0.21096451605530783,0.14797394144390807,,-0.06299057461139976,
2026-09-08,CL,PDD,2M,,,,,,0.21096451605530783,0.14765365092773863,,-0.0633108651275692,
2026-09-08,CL,PDD,3M,,,,,,0.21096451605530783,0.1475453167697678,,-0.06341919928554005,
2026-09-08,CL,PDD,6M,,,,,,0.21096451605530783,0.1452012583667024,,-0.06576325768860544,
2026-09-08,CL,PDD,9M,,,,,,0.21096451605530783,0.14451318545177405,,-0.06645133060353378,
2026-09-08,CL,PDD,1Y,,,,,,0.21096451605530783,0.14273012189486312,,-0.06823439416044472,
2026-09-08,CL,PDD,2Y,,,,,,0.21096451605530783,0.14457416799638012,,-0.06639034805892771,
2026-09-08,CL,PDD,3Y,,,,,,0.21096451605530783,0.14569985399827368,,-0.06526466205703416,
2026-09-08,CL,PDD,4Y,,,,,,0.21096451605530783,0.14878914406388533,,-0.06217537199142251,
2026-09-08,CL,PDD,5Y,,,,,,0.21096451605530783,0.14986985083307536,,-0.061094665222232475,
2026-09-08,CL,PDD,6Y,,,,,,0.21096451605530783,0.15202095876873223,,-0.058943557286575604,
2026-09-08,CL,PDD,7Y,,,,,,0.21096451605530783,0.15180475313490294,,-0.059159762920404896,
2026-09-08,CL,PDD,8Y,,,,,,0.21096451605530783,0.15217567361806195,,-0.058788842437245886,
2026-09-08,CL,PDD,9Y,,,,,,0.21096451605530783,0.15260861338183807,,-0.05835590267346977,
2026-09-08,CL,PDD,10Y,,,,,,0.21096451605530783,0.15285211490657002,,-0.05811240114873781,
2026-09-08,CL,PHOR,1D,,,,,,0.19710235898465508,0.1484530082115867,,-0.048649350773068395,
2026-09-08,CL,PHOR,1W,,,,,,0.19710235898465508,0.14845300821148477,,-0.04864935077317031,
2026-09-08,CL,PHOR,2W,,,,,,0.1937662921040339,0.1482730100886176,,-0.0454932820154163,
2026-09-08,CL,PHOR,1M,,,,,,0.18309087808604604,0.14797394144390807,,-0.03511693664213797,
2026-09-08,CL,PHOR,2M,,,,,,0.16307447680231885,0.14765365092773863,,-0.015420825874580213,
2026-09-08,CL,PHOR,3M,,,,,,0.14305807551859168,0.1475453167697678,,0.004487241251176111,
2026-09-08,CL,PHOR,6M,,,,,,0.13638594175734928,0.1452012583667024,,0.008815316609353113,
2026-09-08,CL,PHOR,9M,,,,,,0.13638594175734928,0.14451318545177405,,0.008127243694424774,
2026-09-08,CL,PHOR,1Y,,,,,,0.13638594175734928,0.14273012189486312,,0.0063441801375138385,
2026-09-08,CL,PHOR,2Y,,,,,,0.13638594175734928,0.14457416799638012,,0.008188226239030844,
2026-09-08,CL,PHOR,3Y,,,,,,0.13638594175734928,0.14569985399827368,,0.009313912240924399,
2026-09-08,CL,PHOR,4Y,,,,,,0.13638594175734928,0.14878914406388533,,0.012403202306536049,
2026-09-08,CL,PHOR,5Y,,,,,,0.13638594175734928,0.14986985083307536,,0.01348390907572608,
2026-09-08,CL,PHOR,6Y,,,,,,0.13638594175734928,0.15202095876873223,,0.01563501701138295,
2026-09-08,CL,PHOR,7Y,,,,,,0.13638594175734928,0.15180475313490294,,0.01541881137755366,
2026-09-08,CL,PHOR,8Y,,,,,,0.13638594175734928,0.15217567361806195,,0.01578973186071267,
2026-09-08,CL,PHOR,9Y,,,,,,0.13638594175734928,0.15260861338183807,,0.016222671624488788,
2026-09-08,CL,PHOR,10Y,,,,,,0.13638594175734928,0.15285211490657002,,0.016466173149220747,
2026-09-08,CL,PIKK,1D,,,,,,0.14840633932232628,0.1484530082115867,,4.6668889260415014e-05,
2026-09-08,CL,PIKK,1W,,,,,,0.14840633932232628,0.14845300821148477,,4.666888915849654e-05,
2026-09-08,CL,PIKK,2W,,,,,,0.14840633932232628,0.1482730100886176,,-0.00013332923370867888,
2026-09-08,CL,PIKK,1M,,,,,,0.14840633932232628,0.14797394144390807,,-0.0004323978784182003,
2026-09-08,CL,PIKK,2M,,,,,,0.14840633932232628,0.14765365092773863,,-0.0007526883945876417,
2026-09-08,CL,PIKK,3M,,,,,,0.14840633932232628,0.1475453167697678,,-0.000861022552558488,
2026-09-08,CL,PIKK,6M,,,,,,0.14840633932232628,0.1452012583667024,,-0.0032050809556238846,
2026-09-08,CL,PIKK,9M,,,,,,0.14840633932232628,0.14451318545177405,,-0.003893153870552224,
2026-09-08,CL,PIKK,1Y,,,,,,0.14840633932232628,0.14273012189486312,,-0.005676217427463159,
2026-09-08,CL,PIKK,2Y,,,,,,0.14840633932232628,0.14457416799638012,,-0.0038321713259461543,
2026-09-08,CL,PIKK,3Y,,,,,,0.14840633932232628,0.14569985399827368,,-0.002706485324052599,
2026-09-08,CL,PIKK,4Y,,,,,,0.14840633932232628,0.14878914406388533,,0.00038280474155905075,
2026-09-08,CL,PIKK,5Y,,,,,,0.14840633932232628,0.14986985083307536,,0.0014635115107490826,
2026-09-08,CL,PIKK,6Y,,,,,,0.14840633932232628,0.15202095876873223,,0.0036146194464059533,
2026-09-08,CL,PIKK,7Y,,,,,,0.14840633932232628,0.15180475313490294,,0.0033984138125766616,
2026-09-08,CL,PIKK,8Y,,,,,,0.14840633932232628,0.15217567361806195,,0.0037693342957356712,
2026-09-08,CL,PIKK,9Y,,,,,,0.14840633932232628,0.15260861338183807,,0.00420227405951179,
2026-09-08,CL,PIKK,10Y,,,,,,0.14840633932232628,0.15285211490657002,,0.00444577558424375,
2026-09-08,CL,PLD,1D,,,,,,0.13229548342443895,0.1484530082115867,,0.016157524787147742,
2026-09-08,CL,PLD,1W,,,,,,0.13229548342443895,0.14845300821148477,,0.016157524787045824,
2026-09-08,CL,PLD,2W,,,,,,0.13229548342443895,0.1482730100886176,,0.01597752666417865,
2026-09-08,CL,PLD,1M,,,,,,0.13229548342443895,0.14797394144390807,,0.015678458019469127,
2026-09-08,CL,PLD,2M,,,,,,0.13229548342443895,0.14765365092773863,,0.015358167503299686,
2026-09-08,CL,PLD,3M,,,,,,0.13229548342443895,0.1475453167697678,,0.01524983334532884,
2026-09-08,CL,PLD,6M,,,,,,0.09596405231587424,0.1452012583667024,,0.04923720605082815,
2026-09-08,CL,PLD,9M,,,,,,0.09506304764566036,0.14451318545177405,,0.049450137806113695,
2026-09-08,CL,PLD,1Y,,,,,,0.09506016464511187,0.14273012189486312,,0.047669957249751246,
2026-09-08,CL,PLD,2Y,,,,,,0.09506016464511187,0.14457416799638012,,0.04951400335126825,
2026-09-08,CL,PLD,3Y,,,,,,0.09506016464511187,0.14569985399827368,,0.05063968935316181,
2026-09-08,CL,PLD,4Y,,,,,,0.09506016464511187,0.14878914406388533,,0.053728979418773457,
2026-09-08,CL,PLD,5Y,,,,,,0.09506016464511187,0.14986985083307536,,0.05480968618796349,
2026-09-08,CL,PLD,6Y,,,,,,0.09506016464511187,0.15202095876873223,,0.05696079412362036,
2026-09-08,CL,PLD,7Y,,,,,,0.09506016464511187,0.15180475313490294,,0.05674458848979107,
2026-09-08,CL,PLD,8Y,,,,,,0.09506016464511187,0.15217567361806195,,0.05711550897295008,
2026-09-08,CL,PLD,9Y,,,,,,0.09506016464511187,0.15260861338183807,,0.057548448736726196,
2026-09-08,CL,PLD,10Y,,,,,,0.09506016464511187,0.15285211490657002,,0.057791950261458155,
2026-09-08,CL,PLDM,1D,,,,,,0.13339569670318252,0.1484530082115867,,0.01505731150840417,
2026-09-08,CL,PLDM,1W,,,,,,0.13339569670318252,0.14845300821148477,,0.015057311508302251,
2026-09-08,CL,PLDM,2W,,,,,,0.13339569670318252,0.1482730100886176,,0.014877313385435076,
2026-09-08,CL,PLDM,1M,,,,,,0.13339569670318252,0.14797394144390807,,0.014578244740725554,
2026-09-08,CL,PLDM,2M,,,,,,0.13339569670318252,0.14765365092773863,,0.014257954224556113,
2026-09-08,CL,PLDM,3M,,,,,,0.13339569670318252,0.1475453167697678,,0.014149620066585267,
2026-09-08,CL,PLDM,6M,,,,,,0.09656313622905395,0.1452012583667024,,0.04863812213764844,
2026-09-08,CL,PLDM,9M,,,,,,0.10418616444453094,0.14451318545177405,,0.04032702100724311,
2026-09-08,CL,PLDM,1Y,,,,,,0.12123750753298007,0.14273012189486312,,0.021492614361883045,
2026-09-08,CL,PLDM,2Y,,,,,,0.12123750753298007,0.14457416799638012,,0.02333666046340005,
2026-09-08,CL,PLDM,3Y,,,,,,0.12123750753298007,0.14569985399827368,,0.024462346465293605,
2026-09-08,CL,PLDM,4Y,,,,,,0.12123750753298007,0.14878914406388533,,0.027551636530905255,
2026-09-08,CL,PLDM,5Y,,,,,,0.12123750753298007,0.14986985083307536,,0.028632343300095286,
2026-09-08,CL,PLDM,6Y,,,,,,0.12123750753298007,0.15202095876873223,,0.030783451235752157,
2026-09-08,CL,PLDM,7Y,,,,,,0.12123750753298007,0.15180475313490294,,0.030567245601922866,
2026-09-08,CL,PLDM,8Y,,,,,,0.12123750753298007,0.15217567361806195,,0.030938166085081875,
2026-09-08,CL,PLDM,9Y,,,,,,0.12123750753298007,0.15260861338183807,,0.031371105848857994,
2026-09-08,CL,PLDM,10Y,,,,,,0.12123750753298007,0.15285211490657002,,0.031614607373589954,
2026-09-08,CL,PLT,1D,,,,,,0.07827935938012563,0.1484530082115867,,0.07017364883146106,
2026-09-08,CL,PLT,1W,,,,,,0.07827935938012563,0.14845300821148477,,0.07017364883135914,
2026-09-08,CL,PLT,2W,,,,,,0.07827935938012563,0.1482730100886176,,0.06999365070849196,
2026-09-08,CL,PLT,1M,,,,,,0.07827935938012563,0.14797394144390807,,0.06969458206378244,
2026-09-08,CL,PLT,2M,,,,,,0.07827935938012563,0.14765365092773863,,0.069374291547613,
2026-09-08,CL,PLT,3M,,,,,,0.07827935938012563,0.1475453167697678,,0.06926595738964215,
2026-09-08,CL,PLT,6M,,,,,,0.07949216434393065,0.1452012583667024,,0.06570909402277174,
2026-09-08,CL,PLT,9M,,,,,,0.07986827274911185,0.14451318545177405,,0.0646449127026622,
2026-09-08,CL,PLT,1Y,,,,,,0.0798801655114204,0.14273012189486312,,0.06284995638344272,
2026-09-08,CL,PLT,2Y,,,,,,0.0798801655114204,0.14457416799638012,,0.06469400248495973,
2026-09-08,CL,PLT,3Y,,,,,,0.0798801655114204,0.14569985399827368,,0.06581968848685328,
2026-09-08,CL,PLT,4Y,,,,,,0.0798801655114204,0.14878914406388533,,0.06890897855246493,
2026-09-08,CL,PLT,5Y,,,,,,0.0798801655114204,0.14986985083307536,,0.06998968532165496,
2026-09-08,CL,PLT,6Y,,,,,,0.0798801655114204,0.15202095876873223,,0.07214079325731183,
2026-09-08,CL,PLT,7Y,,,,,,0.0798801655114204,0.15180475313490294,,0.07192458762348254,
2026-09-08,CL,PLT,8Y,,,,,,0.0798801655114204,0.15217567361806195,,0.07229550810664155,
2026-09-08,CL,PLT,9Y,,,,,,0.0798801655114204,0.15260861338183807,,0.07272844787041767,
2026-09-08,CL,PLT,10Y,,,,,,0.0798801655114204,0.15285211490657002,,0.07297194939514963,
2026-09-08,CL,PLTM,1D,,,,,,0.07290947109348389,0.1484530082115867,,0.0755435371181028,
2026-09-08,CL,PLTM,1W,,,,,,0.07290947109348389,0.14845300821148477,,0.07554353711800088,
2026-09-08,CL,PLTM,2W,,,,,,0.07290947109348389,0.1482730100886176,,0.0753635389951337,
2026-09-08,CL,PLTM,1M,,,,,,0.07290947109348389,0.14797394144390807,,0.07506447035042418,
2026-09-08,CL,PLTM,2M,,,,,,0.07290947109348389,0.14765365092773863,,0.07474417983425474,
2026-09-08,CL,PLTM,3M,,,,,,0.07290947109348389,0.1475453167697678,,0.0746358456762839,
2026-09-08,CL,PLTM,6M,,,,,,0.08700358455965752,0.1452012583667024,,0.05819767380704487,
2026-09-08,CL,PLTM,9M,,,,,,0.08168239000302949,0.14451318545177405,,0.06283079544874456,
2026-09-08,CL,PLTM,1Y,,,,,,0.11037338581597744,0.14273012189486312,,0.03235673607888567,
2026-09-08,CL,PLTM,2Y,,,,,,0.11037338581597744,0.14457416799638012,,0.03420078218040268,
2026-09-08,CL,PLTM,3Y,,,,,,0.11037338581597744,0.14569985399827368,,0.03532646818229623,
2026-09-08,CL,PLTM,4Y,,,,,,0.11037338581597744,0.14878914406388533,,0.03841575824790788,
2026-09-08,CL,PLTM,5Y,,,,,,0.11037338581597744,0.14986985083307536,,0.039496465017097915,
2026-09-08,CL,PLTM,6Y,,,,,,0.11037338581597744,0.15202095876873223,,0.041647572952754786,
2026-09-08,CL,PLTM,7Y,,,,,,0.11037338581597744,0.15180475313490294,,0.041431367318925494,
2026-09-08,CL,PLTM,8Y,,,,,,0.11037338581597744,0.15217567361806195,,0.0418022878020845,
2026-09-08,CL,PLTM,9Y,,,,,,0.11037338581597744,0.15260861338183807,,0.04223522756586062,
2026-09-08,CL,PLTM,10Y,,,,,,0.11037338581597744,0.15285211490657002,,0.04247872909059258,
2026-09-08,CL,PLZLM,1D,,,,,,0.16405991448900617,0.1484530082115867,,-0.01560690627741948,
2026-09-08,CL,PLZLM,1W,,,,,,0.16405991448900617,0.14845300821148477,,-0.015606906277521398,
2026-09-08,CL,PLZLM,2W,,,,,,0.1628581658866225,0.1482730100886176,,-0.0145851557980049,
2026-09-08,CL,PLZLM,1M,,,,,,0.15901257035899477,0.14797394144390807,,-0.011038628915086696,
2026-09-08,CL,PLZLM,2M,,,,,,0.15180207874469276,0.14765365092773863,,-0.0041484278169541255,
2026-09-08,CL,PLZLM,3M,,,,,,0.14459158713039075,0.1475453167697678,,0.0029537296393770396,
2026-09-08,CL,PLZLM,6M,,,,,,0.1421880899256234,0.1452012583667024,,0.0030131684410789894,
2026-09-08,CL,PLZLM,9M,,,,,,0.1421880899256234,0.14451318545177405,,0.00232509552615065,
2026-09-08,CL,PLZLM,1Y,,,,,,0.1421880899256234,0.14273012189486312,,0.0005420319692397146,
2026-09-08,CL,PLZLM,2Y,,,,,,0.1421880899256234,0.14457416799638012,,0.0023860780707567197,
2026-09-08,CL,PLZLM,3Y,,,,,,0.1421880899256234,0.14569985399827368,,0.0035117640726502752,
2026-09-08,CL,PLZLM,4Y,,,,,,0.1421880899256234,0.14878914406388533,,0.006601054138261925,
2026-09-08,CL,PLZLM,5Y,,,,,,0.1421880899256234,0.14986985083307536,,0.007681760907451957,
2026-09-08,CL,PLZLM,6Y,,,,,,0.1421880899256234,0.15202095876873223,,0.009832868843108827,
2026-09-08,CL,PLZLM,7Y,,,,,,0.1421880899256234,0.15180475313490294,,0.009616663209279536,
2026-09-08,CL,PLZLM,8Y,,,,,,0.1421880899256234,0.15217567361806195,,0.009987583692438545,
2026-09-08,CL,PLZLM,9Y,,,,,,0.1421880899256234,0.15260861338183807,,0.010420523456214664,
2026-09-08,CL,PLZLM,10Y,,,,,,0.1421880899256234,0.15285211490657002,,0.010664024980946624,
2026-09-08,CL,POSI,1D,,,,,,0.12998586626290454,0.1484530082115867,,0.018467141948682153,
2026-09-08,CL,POSI,1W,,,,,,0.12998586626290454,0.14845300821148477,,0.018467141948580235,
2026-09-08,CL,POSI,2W,,,,,,0.12902477952505345,0.1482730100886176,,0.019248230563564145,
2026-09-08,CL,POSI,1M,,,,,,0.12594930196392998,0.14797394144390807,,0.022024639479978098,
2026-09-08,CL,POSI,2M,,,,,,0.12018278153682349,0.14765365092773863,,0.027470869390915142,
2026-09-08,CL,POSI,3M,,,,,,0.114416261109717,0.1475453167697678,,0.03312905566005078,
2026-09-08,CL,POSI,6M,,,,,,0.11249408763401483,0.1452012583667024,,0.03270717073268756,
2026-09-08,CL,POSI,9M,,,,,,0.11249408763401483,0.14451318545177405,,0.03201909781775922,
2026-09-08,CL,POSI,1Y,,,,,,0.11249408763401483,0.14273012189486312,,0.030236034260848282,
2026-09-08,CL,POSI,2Y,,,,,,0.11249408763401483,0.14457416799638012,,0.03208008036236529,
2026-09-08,CL,POSI,3Y,,,,,,0.11249408763401483,0.14569985399827368,,0.03320576636425884,
2026-09-08,CL,POSI,4Y,,,,,,0.11249408763401483,0.14878914406388533,,0.03629505642987049,
2026-09-08,CL,POSI,5Y,,,,,,0.11249408763401483,0.14986985083307536,,0.037375763199060524,
2026-09-08,CL,POSI,6Y,,,,,,0.11249408763401483,0.15202095876873223,,0.039526871134717395,
2026-09-08,CL,POSI,7Y,,,,,,0.11249408763401483,0.15180475313490294,,0.0393106655008881,
2026-09-08,CL,POSI,8Y,,,,,,0.11249408763401483,0.15217567361806195,,0.03968158598404711,
2026-09-08,CL,POSI,9Y,,,,,,0.11249408763401483,0.15260861338183807,,0.04011452574782323,
2026-09-08,CL,POSI,10Y,,,,,,0.11249408763401483,0.15285211490657002,,0.04035802727255519,
2026-09-08,CL,QQQF,1D,,,,,,0.025356027417762095,0.1484530082115867,,0.1230969807938246,
2026-09-08,CL,QQQF,1W,,,,,,0.025356027417762095,0.14845300821148477,,0.12309698079372268,
2026-09-08,CL,QQQF,2W,,,,,,0.024722693237060157,0.1482730100886176,,0.12355031685155744,
2026-09-08,CL,QQQF,1M,,,,,,0.022189356514252405,0.14797394144390807,,0.12578458492965566,
2026-09-08,CL,QQQF,2M,,,,,,0.01743935015898787,0.14765365092773863,,0.13021430076875076,
2026-09-08,CL,QQQF,3M,,,,,,0.012689343803723338,0.1475453167697678,,0.13485597296604446,
2026-09-08,CL,QQQF,6M,,,,,,0.0107323331506006,0.1452012583667024,,0.1344689252161018,
2026-09-08,CL,QQQF,9M,,,,,,0.011693655677699614,0.14451318545177405,,0.13281952977407444,
2026-09-08,CL,QQQF,1Y,,,,,,0.011859327786381326,0.14273012189486312,,0.1308707941084818,
2026-09-08,CL,QQQF,2Y,,,,,,0.011859327786381326,0.14457416799638012,,0.1327148402099988,
2026-09-08,CL,QQQF,3Y,,,,,,0.011859327786381326,0.14569985399827368,,0.13384052621189235,
2026-09-08,CL,QQQF,4Y,,,,,,0.011859327786381326,0.14878914406388533,,0.136929816277504,
2026-09-08,CL,QQQF,5Y,,,,,,0.011859327786381326,0.14986985083307536,,0.13801052304669403,
2026-09-08,CL,QQQF,6Y,,,,,,0.011859327786381326,0.15202095876873223,,0.1401616309823509,
2026-09-08,CL,QQQF,7Y,,,,,,0.011859327786381326,0.15180475313490294,,0.1399454253485216,
2026-09-08,CL,QQQF,8Y,,,,,,0.011859327786381326,0.15217567361806195,,0.14031634583168062,
2026-09-08,CL,QQQF,9Y,,,,,,0.011859327786381326,0.15260861338183807,,0.14074928559545674,
2026-09-08,CL,QQQF,10Y,,,,,,0.011859327786381326,0.15285211490657002,,0.1409927871201887,
2026-09-08,CL,R2000,1D,,,,,,0.008171797076518956,0.1484530082115867,,0.14028121113506772,
2026-09-08,CL,R2000,1W,,,,,,0.008171797076518956,0.14845300821148477,,0.1402812111349658,
2026-09-08,CL,R2000,2W,,,,,,0.008171797076518956,0.1482730100886176,,0.14010121301209863,
2026-09-08,CL,R2000,1M,,,,,,0.008171797076518956,0.14797394144390807,,0.1398021443673891,
2026-09-08,CL,R2000,2M,,,,,,0.008171797076518956,0.14765365092773863,,0.13948185385121967,
2026-09-08,CL,R2000,3M,,,,,,0.008171797076518956,0.1475453167697678,,0.13937351969324882,
2026-09-08,CL,R2000,6M,,,,,,0.008171797076518956,0.1452012583667024,,0.13702946129018342,
2026-09-08,CL,R2000,9M,,,,,,0.008171797076518956,0.14451318545177405,,0.13634138837525508,
2026-09-08,CL,R2000,1Y,,,,,,0.008171797076518956,0.14273012189486312,,0.13455832481834415,
2026-09-08,CL,R2000,2Y,,,,,,0.008171797076518956,0.14457416799638012,,0.13640237091986115,
2026-09-08,CL,R2000,3Y,,,,,,0.008171797076518956,0.14569985399827368,,0.1375280569217547,
2026-09-08,CL,R2000,4Y,,,,,,0.008171797076518956,0.14878914406388533,,0.14061734698736636,
2026-09-08,CL,R2000,5Y,,,,,,0.008171797076518956,0.14986985083307536,,0.1416980537565564,
2026-09-08,CL,R2000,6Y,,,,,,0.008171797076518956,0.15202095876873223,,0.14384916169221326,
2026-09-08,CL,R2000,7Y,,,,,,0.008171797076518956,0.15180475313490294,,0.14363295605838397,
2026-09-08,CL,R2000,8Y,,,,,,0.008171797076518956,0.15217567361806195,,0.14400387654154298,
2026-09-08,CL,R2000,9Y,,,,,,0.008171797076518956,0.15260861338183807,,0.1444368163053191,
2026-09-08,CL,R2000,10Y,,,,,,0.008171797076518956,0.15285211490657002,,0.14468031783005106,
2026-09-08,CL,RAGR,1D,,,,,,0.24702801623765205,0.1484530082115867,,-0.09857500802606536,
2026-09-08,CL,RAGR,1W,,,,,,0.24702801623765205,0.14845300821148477,,-0.09857500802616728,
2026-09-08,CL,RAGR,2W,,,,,,0.24209955759026588,0.1482730100886176,,-0.09382654750164829,
2026-09-08,CL,RAGR,1M,,,,,,0.22632848991863008,0.14797394144390807,,-0.07835454847472201,
2026-09-08,CL,RAGR,2M,,,,,,0.196757738034313,0.14765365092773863,,-0.04910408710657438,
2026-09-08,CL,RAGR,3M,,,,,,0.16718698614999591,0.1475453167697678,,-0.019641669380228127,
2026-09-08,CL,RAGR,6M,,,,,,0.15733006885522355,0.1452012583667024,,-0.012128810488521158,
2026-09-08,CL,RAGR,9M,,,,,,0.15733006885522355,0.14451318545177405,,-0.012816883403449497,
2026-09-08,CL,RAGR,1Y,,,,,,0.15733006885522355,0.14273012189486312,,-0.014599946960360433,
2026-09-08,CL,RAGR,2Y,,,,,,0.15733006885522355,0.14457416799638012,,-0.012755900858843428,
2026-09-08,CL,RAGR,3Y,,,,,,0.15733006885522355,0.14569985399827368,,-0.011630214856949872,
2026-09-08,CL,RAGR,4Y,,,,,,0.15733006885522355,0.14878914406388533,,-0.008540924791338222,
2026-09-08,CL,RAGR,5Y,,,,,,0.15733006885522355,0.14986985083307536,,-0.007460218022148191,
2026-09-08,CL,RAGR,6Y,,,,,,0.15733006885522355,0.15202095876873223,,-0.00530911008649132,
2026-09-08,CL,RAGR,7Y,,,,,,0.15733006885522355,0.15180475313490294,,-0.005525315720320612,
2026-09-08,CL,RAGR,8Y,,,,,,0.15733006885522355,0.15217567361806195,,-0.005154395237161602,
2026-09-08,CL,RAGR,9Y,,,,,,0.15733006885522355,0.15260861338183807,,-0.004721455473385483,
2026-09-08,CL,RAGR,10Y,,,,,,0.15733006885522355,0.15285211490657002,,-0.004477953948653524,
2026-09-08,CL,RASP,1D,,,,,,0.14840633932232628,0.1484530082115867,,4.6668889260415014e-05,
2026-09-08,CL,RASP,1W,,,,,,0.14840633932232628,0.14845300821148477,,4.666888915849654e-05,
2026-09-08,CL,RASP,2W,,,,,,0.14303861714673405,0.1482730100886176,,0.005234392941883548,
2026-09-08,CL,RASP,1M,,,,,,0.12586190618483897,0.14797394144390807,,0.0221120352590691,
2026-09-08,CL,RASP,2M,,,,,,0.0936555731312857,0.14765365092773863,,0.05399807779645294,
2026-09-08,CL,RASP,3M,,,,,,0.061449240077732406,0.1475453167697678,,0.08609607669203538,
2026-09-08,CL,RASP,6M,,,,,,0.05071379572654797,0.1452012583667024,,0.09448746264015442,
2026-09-08,CL,RASP,9M,,,,,,0.05071379572654797,0.14451318545177405,,0.09379938972522608,
2026-09-08,CL,RASP,1Y,,,,,,0.05071379572654797,0.14273012189486312,,0.09201632616831515,
2026-09-08,CL,RASP,2Y,,,,,,0.05071379572654797,0.14457416799638012,,0.09386037226983215,
2026-09-08,CL,RASP,3Y,,,,,,0.05071379572654797,0.14569985399827368,,0.09498605827172571,
2026-09-08,CL,RASP,4Y,,,,,,0.05071379572654797,0.14878914406388533,,0.09807534833733736,
2026-09-08,CL,RASP,5Y,,,,,,0.05071379572654797,0.14986985083307536,,0.09915605510652739,
2026-09-08,CL,RASP,6Y,,,,,,0.05071379572654797,0.15202095876873223,,0.10130716304218426,
2026-09-08,CL,RASP,7Y,,,,,,0.05071379572654797,0.15180475313490294,,0.10109095740835497,
2026-09-08,CL,RASP,8Y,,,,,,0.05071379572654797,0.15217567361806195,,0.10146187789151398,
2026-09-08,CL,RASP,9Y,,,,,,0.05071379572654797,0.15260861338183807,,0.1018948176552901,
2026-09-08,CL,RASP,10Y,,,,,,0.05071379572654797,0.15285211490657002,,0.10213831918002206,
2026-09-08,CL,RENI,1D,,,,,,0.22430272970201953,0.1484530082115867,,-0.07584972149043284,
2026-09-08,CL,RENI,1W,,,,,,0.22430272970201953,0.14845300821148477,,-0.07584972149053476,
2026-09-08,CL,RENI,2W,,,,,,0.2201652324655861,0.1482730100886176,,-0.07189222237696852,
2026-09-08,CL,RENI,1M,,,,,,0.20692524130899922,0.14797394144390807,,-0.05895129986509115,
2026-09-08,CL,RENI,2M,,,,,,0.18210025789039874,0.14765365092773863,,-0.03444660696266011,
2026-09-08,CL,RENI,3M,,,,,,0.1572752744717983,0.1475453167697678,,-0.0097299577020305,
2026-09-08,CL,RENI,6M,,,,,,0.14900027999893148,0.1452012583667024,,-0.003799021632229088,
2026-09-08,CL,RENI,9M,,,,,,0.14900027999893148,0.14451318545177405,,-0.0044870945471574275,
2026-09-08,CL,RENI,1Y,,,,,,0.14900027999893148,0.14273012189486312,,-0.006270158104068363,
2026-09-08,CL,RENI,2Y,,,,,,0.14900027999893148,0.14457416799638012,,-0.004426112002551358,
2026-09-08,CL,RENI,3Y,,,,,,0.14900027999893148,0.14569985399827368,,-0.0033004260006578023,
2026-09-08,CL,RENI,4Y,,,,,,0.14900027999893148,0.14878914406388533,,-0.0002111359350461528,
2026-09-08,CL,RENI,5Y,,,,,,0.14900027999893148,0.14986985083307536,,0.000869570834143879,
2026-09-08,CL,RENI,6Y,,,,,,0.14900027999893148,0.15202095876873223,,0.00302067876980075,
2026-09-08,CL,RENI,7Y,,,,,,0.14900027999893148,0.15180475313490294,,0.002804473135971458,
2026-09-08,CL,RENI,8Y,,,,,,0.14900027999893148,0.15217567361806195,,0.0031753936191304677,
2026-09-08,CL,RENI,9Y,,,,,,0.14900027999893148,0.15260861338183807,,0.0036083333829065867,
2026-09-08,CL,RENI,10Y,,,,,,0.14900027999893148,0.15285211490657002,,0.003851834907638546,
2026-09-08,CL,RGBI,1D,,,,,,0.038502602895245534,0.1484530082115867,,0.10995040531634115,
2026-09-08,CL,RGBI,1W,,,,,,0.038502602895245534,0.14845300821148477,,0.10995040531623923,
2026-09-08,CL,RGBI,2W,,,,,,0.038502602895245534,0.1482730100886176,,0.10977040719337205,
2026-09-08,CL,RGBI,1M,,,,,,0.038502602895245534,0.14797394144390807,,0.10947133854866253,
2026-09-08,CL,RGBI,2M,,,,,,0.038502602895245534,0.14765365092773863,,0.10915104803249309,
2026-09-08,CL,RGBI,3M,,,,,,0.03828207557911509,0.1475453167697678,,0.1092632411906527,
2026-09-08,CL,RGBI,6M,,,,,,0.035003664813689765,0.1452012583667024,,0.11019759355301262,
2026-09-08,CL,RGBI,9M,,,,,,0.03218274210177434,0.14451318545177405,,0.11233044334999971,
2026-09-08,CL,RGBI,1Y,,,,,,0.030360045526530852,0.14273012189486312,,0.11237007636833227,
2026-09-08,CL,RGBI,2Y,,,,,,0.030360045526530852,0.14457416799638012,,0.11421412246984927,
2026-09-08,CL,RGBI,3Y,,,,,,0.030360045526530852,0.14569985399827368,,0.11533980847174283,
2026-09-08,CL,RGBI,4Y,,,,,,0.030360045526530852,0.14878914406388533,,0.11842909853735448,
2026-09-08,CL,RGBI,5Y,,,,,,0.030360045526530852,0.14986985083307536,,0.11950980530654451,
2026-09-08,CL,RGBI,6Y,,,,,,0.030360045526530852,0.15202095876873223,,0.12166091324220138,
2026-09-08,CL,RGBI,7Y,,,,,,0.030360045526530852,0.15180475313490294,,0.12144470760837209,
2026-09-08,CL,RGBI,8Y,,,,,,0.030360045526530852,0.15217567361806195,,0.1218156280915311,
2026-09-08,CL,RGBI,9Y,,,,,,0.030360045526530852,0.15260861338183807,,0.12224856785530722,
2026-09-08,CL,RGBI,10Y,,,,,,0.030360045526530852,0.15285211490657002,,0.12249206938003918,
2026-09-08,CL,RGBIF,1D,,,,,,0.038502602895245534,0.1484530082115867,,0.10995040531634115,
2026-09-08,CL,RGBIF,1W,,,,,,0.038502602895245534,0.14845300821148477,,0.10995040531623923,
2026-09-08,CL,RGBIF,2W,,,,,,0.038502602895245534,0.1482730100886176,,0.10977040719337205,
2026-09-08,CL,RGBIF,1M,,,,,,0.038502602895245534,0.14797394144390807,,0.10947133854866253,
2026-09-08,CL,RGBIF,2M,,,,,,0.038502602895245534,0.14765365092773863,,0.10915104803249309,
2026-09-08,CL,RGBIF,3M,,,,,,0.03828207557911509,0.1475453167697678,,0.1092632411906527,
2026-09-08,CL,RGBIF,6M,,,,,,0.035003664813689765,0.1452012583667024,,0.11019759355301262,
2026-09-08,CL,RGBIF,9M,,,,,,0.03218274210177434,0.14451318545177405,,0.11233044334999971,
2026-09-08,CL,RGBIF,1Y,,,,,,0.030360045526530852,0.14273012189486312,,0.11237007636833227,
2026-09-08,CL,RGBIF,2Y,,,,,,0.030360045526530852,0.14457416799638012,,0.11421412246984927,
2026-09-08,CL,RGBIF,3Y,,,,,,0.030360045526530852,0.14569985399827368,,0.11533980847174283,
2026-09-08,CL,RGBIF,4Y,,,,,,0.030360045526530852,0.14878914406388533,,0.11842909853735448,
2026-09-08,CL,RGBIF,5Y,,,,,,0.030360045526530852,0.14986985083307536,,0.11950980530654451,
2026-09-08,CL,RGBIF,6Y,,,,,,0.030360045526530852,0.15202095876873223,,0.12166091324220138,
2026-09-08,CL,RGBIF,7Y,,,,,,0.030360045526530852,0.15180475313490294,,0.12144470760837209,
2026-09-08,CL,RGBIF,8Y,,,,,,0.030360045526530852,0.15217567361806195,,0.1218156280915311,
2026-09-08,CL,RGBIF,9Y,,,,,,0.030360045526530852,0.15260861338183807,,0.12224856785530722,
2026-09-08,CL,RGBIF,10Y,,,,,,0.030360045526530852,0.15285211490657002,,0.12249206938003918,
2026-09-08,CL,RNFT,1D,,,,,,0.2175862149239243,0.1484530082115867,,-0.06913320671233761,
2026-09-08,CL,RNFT,1W,,,,,,0.2175862149239243,0.14845300821148477,,-0.06913320671243953,
2026-09-08,CL,RNFT,2W,,,,,,0.21142038671948396,0.1482730100886176,,-0.06314737663086636,
2026-09-08,CL,RNFT,1M,,,,,,0.19168973646527485,0.14797394144390807,,-0.04371579502136677,
2026-09-08,CL,RNFT,2M,,,,,,0.15469476723863276,0.14765365092773863,,-0.00704111631089413,
2026-09-08,CL,RNFT,3M,,,,,,0.11769979801199068,0.1475453167697678,,0.029845518757777106,
2026-09-08,CL,RNFT,6M,,,,,,0.10536814160310998,0.1452012583667024,,0.03983311676359241,
2026-09-08,CL,RNFT,9M,,,,,,0.10536814160310998,0.14451318545177405,,0.039145043848664074,
2026-09-08,CL,RNFT,1Y,,,,,,0.10536814160310998,0.14273012189486312,,0.03736198029175314,
2026-09-08,CL,RNFT,2Y,,,,,,0.10536814160310998,0.14457416799638012,,0.039206026393270144,
2026-09-08,CL,RNFT,3Y,,,,,,0.10536814160310998,0.14569985399827368,,0.0403317123951637,
2026-09-08,CL,RNFT,4Y,,,,,,0.10536814160310998,0.14878914406388533,,0.04342100246077535,
2026-09-08,CL,RNFT,5Y,,,,,,0.10536814160310998,0.14986985083307536,,0.04450170922996538,
2026-09-08,CL,RNFT,6Y,,,,,,0.10536814160310998,0.15202095876873223,,0.04665281716562225,
2026-09-08,CL,RNFT,7Y,,,,,,0.10536814160310998,0.15180475313490294,,0.04643661153179296,
2026-09-08,CL,RNFT,8Y,,,,,,0.10536814160310998,0.15217567361806195,,0.04680753201495197,
2026-09-08,CL,RNFT,9Y,,,,,,0.10536814160310998,0.15260861338183807,,0.04724047177872809,
2026-09-08,CL,RNFT,10Y,,,,,,0.10536814160310998,0.15285211490657002,,0.04748397330346005,
2026-09-08,CL,ROSN,1D,,,,,,0.1924318988514118,0.1484530082115867,,-0.0439788906398251,
2026-09-08,CL,ROSN,1W,,,,,,0.1924318988514118,0.14845300821148477,,-0.04397889063992702,
2026-09-08,CL,ROSN,2W,,,,,,0.1897836104604633,0.1482730100886176,,-0.0415106003718457,
2026-09-08,CL,ROSN,1M,,,,,,0.18130908760942815,0.14797394144390807,,-0.03333514616552008,
2026-09-08,CL,ROSN,2M,,,,,,0.16541935726373724,0.14765365092773863,,-0.01776570633599861,
2026-09-08,CL,ROSN,3M,,,,,,0.14952962691804633,0.1475453167697678,,-0.0019843101482785452,
2026-09-08,CL,ROSN,6M,,,,,,0.11230832801476234,0.1452012583667024,,0.03289293035194005,
2026-09-08,CL,ROSN,9M,,,,,,0.12154114872163008,0.14451318545177405,,0.022972036730143974,
2026-09-08,CL,ROSN,1Y,,,,,,0.1236103846707782,0.14273012189486312,,0.019119737224084915,
2026-09-08,CL,ROSN,2Y,,,,,,0.1236103846707782,0.14457416799638012,,0.02096378332560192,
2026-09-08,CL,ROSN,3Y,,,,,,0.1236103846707782,0.14569985399827368,,0.022089469327495476,
2026-09-08,CL,ROSN,4Y,,,,,,0.1236103846707782,0.14878914406388533,,0.025178759393107125,
2026-09-08,CL,ROSN,5Y,,,,,,0.1236103846707782,0.14986985083307536,,0.026259466162297157,
2026-09-08,CL,ROSN,6Y,,,,,,0.1236103846707782,0.15202095876873223,,0.028410574097954028,
2026-09-08,CL,ROSN,7Y,,,,,,0.1236103846707782,0.15180475313490294,,0.028194368464124736,
2026-09-08,CL,ROSN,8Y,,,,,,0.1236103846707782,0.15217567361806195,,0.028565288947283746,
2026-09-08,CL,ROSN,9Y,,,,,,0.1236103846707782,0.15260861338183807,,0.028998228711059865,
2026-09-08,CL,ROSN,10Y,,,,,,0.1236103846707782,0.15285211490657002,,0.029241730235791824,
2026-09-08,CL,RTKM,1D,,,,,,0.17543887007775238,0.1484530082115867,,-0.026985861866165695,
2026-09-08,CL,RTKM,1W,,,,,,0.17543887007775238,0.14845300821148477,,-0.026985861866267613,
2026-09-08,CL,RTKM,2W,,,,,,0.17366134863040072,0.1482730100886176,,-0.02538833854178313,
2026-09-08,CL,RTKM,1M,,,,,,0.16797327999887537,0.14797394144390807,,-0.0199993385549673,
2026-09-08,CL,RTKM,2M,,,,,,0.1573081513147654,0.14765365092773863,,-0.009654500387026754,
2026-09-08,CL,RTKM,3M,,,,,,0.14664302263065537,0.1475453167697678,,0.000902294139112414,
2026-09-08,CL,RTKM,6M,,,,,,0.14308797973595205,0.1452012583667024,,0.002113278630750337,
2026-09-08,CL,RTKM,9M,,,,,,0.14308797973595205,0.14451318545177405,,0.0014252057158219977,
2026-09-08,CL,RTKM,1Y,,,,,,0.14308797973595205,0.14273012189486312,,-0.0003578578410889377,
2026-09-08,CL,RTKM,2Y,,,,,,0.14308797973595205,0.14457416799638012,,0.0014861882604280674,
2026-09-08,CL,RTKM,3Y,,,,,,0.14308797973595205,0.14569985399827368,,0.002611874262321623,
2026-09-08,CL,RTKM,4Y,,,,,,0.14308797973595205,0.14878914406388533,,0.0057011643279332724,
2026-09-08,CL,RTKM,5Y,,,,,,0.14308797973595205,0.14986985083307536,,0.006781871097123304,
2026-09-08,CL,RTKM,6Y,,,,,,0.14308797973595205,0.15202095876873223,,0.008932979032780175,
2026-09-08,CL,RTKM,7Y,,,,,,0.14308797973595205,0.15180475313490294,,0.008716773398950883,
2026-09-08,CL,RTKM,8Y,,,,,,0.14308797973595205,0.15217567361806195,,0.009087693882109893,
2026-09-08,CL,RTKM,9Y,,,,,,0.14308797973595205,0.15260861338183807,,0.009520633645886012,
2026-09-08,CL,RTKM,10Y,,,,,,0.14308797973595205,0.15285211490657002,,0.009764135170617971,
2026-09-08,CL,RTKMP,1D,,,,,,0.1611418374429997,0.1484530082115867,,-0.012688829231413012,
2026-09-08,CL,RTKMP,1W,,,,,,0.1611418374429997,0.14845300821148477,,-0.012688829231514931,
2026-09-08,CL,RTKMP,2W,,,,,,0.15939344499971272,0.1482730100886176,,-0.011120434911095128,
2026-09-08,CL,RTKMP,1M,,,,,,0.1537985891811944,0.14797394144390807,,-0.0058246477372863315,
2026-09-08,CL,RTKMP,2M,,,,,,0.14330823452147254,0.14765365092773863,,0.004345416406266095,
2026-09-08,CL,RTKMP,3M,,,,,,0.1328178798617507,0.1475453167697678,,0.014727436908017089,
2026-09-08,CL,RTKMP,6M,,,,,,0.12932109497517674,0.1452012583667024,,0.015880163391525648,
2026-09-08,CL,RTKMP,9M,,,,,,0.12932109497517674,0.14451318545177405,,0.015192090476597309,
2026-09-08,CL,RTKMP,1Y,,,,,,0.12932109497517674,0.14273012189486312,,0.013409026919686373,
2026-09-08,CL,RTKMP,2Y,,,,,,0.12932109497517674,0.14457416799638012,,0.015253073021203378,
2026-09-08,CL,RTKMP,3Y,,,,,,0.12932109497517674,0.14569985399827368,,0.016378759023096934,
2026-09-08,CL,RTKMP,4Y,,,,,,0.12932109497517674,0.14878914406388533,,0.019468049088708583,
2026-09-08,CL,RTKMP,5Y,,,,,,0.12932109497517674,0.14986985083307536,,0.020548755857898615,
2026-09-08,CL,RTKMP,6Y,,,,,,0.12932109497517674,0.15202095876873223,,0.022699863793555486,
2026-09-08,CL,RTKMP,7Y,,,,,,0.12932109497517674,0.15180475313490294,,0.022483658159726194,
2026-09-08,CL,RTKMP,8Y,,,,,,0.12932109497517674,0.15217567361806195,,0.022854578642885204,
2026-09-08,CL,RTKMP,9Y,,,,,,0.12932109497517674,0.15260861338183807,,0.023287518406661323,
2026-09-08,CL,RTKMP,10Y,,,,,,0.12932109497517674,0.15285211490657002,,0.023531019931393282,
2026-09-08,CL,RTS,1D,,,,,,-0.014626206839313791,0.1484530082115867,,0.16307921505090048,
2026-09-08,CL,RTS,1W,,,,,,-0.014626206839313791,0.14845300821148477,,0.16307921505079856,
2026-09-08,CL,RTS,2W,,,,,,-0.014626206839313791,0.1482730100886176,,0.16289921692793138,
2026-09-08,CL,RTS,1M,,,,,,-0.014626206839313791,0.14797394144390807,,0.16260014828322186,
2026-09-08,CL,RTS,2M,,,,,,-0.014626206839313791,0.14765365092773863,,0.16227985776705242,
2026-09-08,CL,RTS,3M,,,,,,-0.014626206839313791,0.1475453167697678,,0.16217152360908157,
2026-09-08,CL,RTS,6M,,,,,,0.0001544439008209081,0.1452012583667024,,0.14504681446588147,
2026-09-08,CL,RTS,9M,,,,,,0.015763582972453255,0.14451318545177405,,0.1287496024793208,
2026-09-08,CL,RTS,1Y,,,,,,0.016284389436662276,0.14273012189486312,,0.12644573245820084,
2026-09-08,CL,RTS,2Y,,,,,,0.016284389436662276,0.14457416799638012,,0.12828977855971785,
2026-09-08,CL,RTS,3Y,,,,,,0.016284389436662276,0.14569985399827368,,0.1294154645616114,
2026-09-08,CL,RTS,4Y,,,,,,0.016284389436662276,0.14878914406388533,,0.13250475462722305,
2026-09-08,CL,RTS,5Y,,,,,,0.016284389436662276,0.14986985083307536,,0.13358546139641309,
2026-09-08,CL,RTS,6Y,,,,,,0.016284389436662276,0.15202095876873223,,0.13573656933206996,
2026-09-08,CL,RTS,7Y,,,,,,0.016284389436662276,0.15180475313490294,,0.13552036369824066,
2026-09-08,CL,RTS,8Y,,,,,,0.016284389436662276,0.15217567361806195,,0.13589128418139967,
2026-09-08,CL,RTS,9Y,,,,,,0.016284389436662276,0.15260861338183807,,0.1363242239451758,
2026-09-08,CL,RTS,10Y,,,,,,0.016284389436662276,0.15285211490657002,,0.13656772546990775,
2026-09-08,CL,RTSM,1D,,,,,,-0.2003135478442678,0.1484530082115867,,0.3487665560558545,
2026-09-08,CL,RTSM,1W,,,,,,-0.2003135478442678,0.14845300821148477,,0.3487665560557526,
2026-09-08,CL,RTSM,2W,,,,,,-0.19078523266164316,0.1482730100886176,,0.33905824275026075,
2026-09-08,CL,RTSM,1M,,,,,,-0.1602946240772443,0.14797394144390807,,0.30826856552115234,
2026-09-08,CL,RTSM,2M,,,,,,-0.10312473298149644,0.14765365092773863,,0.25077838390923507,
2026-09-08,CL,RTSM,3M,,,,,,-0.045954841885748554,0.1475453167697678,,0.19350015865551634,
2026-09-08,CL,RTSM,6M,,,,,,-0.026898211520499284,0.1452012583667024,,0.17209946988720168,
2026-09-08,CL,RTSM,9M,,,,,,-0.026898211520499284,0.14451318545177405,,0.17141139697227334,
2026-09-08,CL,RTSM,1Y,,,,,,-0.026898211520499284,0.14273012189486312,,0.1696283334153624,
2026-09-08,CL,RTSM,2Y,,,,,,-0.026898211520499284,0.14457416799638012,,0.1714723795168794,
2026-09-08,CL,RTSM,3Y,,,,,,-0.026898211520499284,0.14569985399827368,,0.17259806551877296,
2026-09-08,CL,RTSM,4Y,,,,,,-0.026898211520499284,0.14878914406388533,,0.1756873555843846,
2026-09-08,CL,RTSM,5Y,,,,,,-0.026898211520499284,0.14986985083307536,,0.17676806235357465,
2026-09-08,CL,RTSM,6Y,,,,,,-0.026898211520499284,0.15202095876873223,,0.17891917028923152,
2026-09-08,CL,RTSM,7Y,,,,,,-0.026898211520499284,0.15180475313490294,,0.17870296465540222,
2026-09-08,CL,RTSM,8Y,,,,,,-0.026898211520499284,0.15217567361806195,,0.17907388513856123,
2026-09-08,CL,RTSM,9Y,,,,,,-0.026898211520499284,0.15260861338183807,,0.17950682490233735,
2026-09-08,CL,RTSM,10Y,,,,,,-0.026898211520499284,0.15285211490657002,,0.1797503264270693,
2026-09-08,CL,RUAL,1D,,,,,,0.1342653424238877,0.1484530082115867,,0.014187665787698978,
2026-09-08,CL,RUAL,1W,,,,,,0.1342653424238877,0.14845300821148477,,0.014187665787597059,
2026-09-08,CL,RUAL,2W,,,,,,0.1343583777471734,0.1482730100886176,,0.013914632341444189,
2026-09-08,CL,RUAL,1M,,,,,,0.13465609078168758,0.14797394144390807,,0.013317850662220493,
2026-09-08,CL,RUAL,2M,,,,,,0.13521430272140172,0.14765365092773863,,0.012439348206336909,
2026-09-08,CL,RUAL,3M,,,,,,0.13577251466111584,0.1475453167697678,,0.011772802108651947,
2026-09-08,CL,RUAL,6M,,,,,,0.1359585853076872,0.1452012583667024,,0.009242673059015188,
2026-09-08,CL,RUAL,9M,,,,,,0.1359585853076872,0.14451318545177405,,0.008554600144086849,
2026-09-08,CL,RUAL,1Y,,,,,,0.1359585853076872,0.14273012189486312,,0.006771536587175914,
2026-09-08,CL,RUAL,2Y,,,,,,0.1359585853076872,0.14457416799638012,,0.008615582688692919,
2026-09-08,CL,RUAL,3Y,,,,,,0.1359585853076872,0.14569985399827368,,0.009741268690586474,
2026-09-08,CL,RUAL,4Y,,,,,,0.1359585853076872,0.14878914406388533,,0.012830558756198124,
2026-09-08,CL,RUAL,5Y,,,,,,0.1359585853076872,0.14986985083307536,,0.013911265525388156,
2026-09-08,CL,RUAL,6Y,,,,,,0.1359585853076872,0.15202095876873223,,0.016062373461045026,
2026-09-08,CL,RUAL,7Y,,,,,,0.1359585853076872,0.15180475313490294,,0.015846167827215735,
2026-09-08,CL,RUAL,8Y,,,,,,0.1359585853076872,0.15217567361806195,,0.016217088310374744,
2026-09-08,CL,RUAL,9Y,,,,,,0.1359585853076872,0.15260861338183807,,0.016650028074150863,
2026-09-08,CL,RUAL,10Y,,,,,,0.1359585853076872,0.15285211490657002,,0.016893529598882823,
2026-09-08,CL,RUON,1D,,,,,,0.0,0.1484530082115867,,0.1484530082115867,
2026-09-08,CL,RUON,1W,,,,,,0.0,0.14845300821148477,,0.14845300821148477,
2026-09-08,CL,RUON,2W,,,,,,0.0,0.1482730100886176,,0.1482730100886176,
2026-09-08,CL,RUON,1M,,,,,,0.0,0.14797394144390807,,0.14797394144390807,
2026-09-08,CL,RUON,2M,,,,,,0.0,0.14765365092773863,,0.14765365092773863,
2026-09-08,CL,RUON,3M,,,,,,0.0,0.1475453167697678,,0.1475453167697678,
2026-09-08,CL,RUON,6M,,,,,,0.0,0.1452012583667024,,0.1452012583667024,
2026-09-08,CL,RUON,9M,,,,,,0.0,0.14451318545177405,,0.14451318545177405,
2026-09-08,CL,RUON,1Y,,,,,,0.0,0.14273012189486312,,0.14273012189486312,
2026-09-08,CL,RUON,2Y,,,,,,0.0,0.14457416799638012,,0.14457416799638012,
2026-09-08,CL,RUON,3Y,,,,,,0.0,0.14569985399827368,,0.14569985399827368,
2026-09-08,CL,RUON,4Y,,,,,,0.0,0.14878914406388533,,0.14878914406388533,
2026-09-08,CL,RUON,5Y,,,,,,0.0,0.14986985083307536,,0.14986985083307536,
2026-09-08,CL,RUON,6Y,,,,,,0.0,0.15202095876873223,,0.15202095876873223,
2026-09-08,CL,RUON,7Y,,,,,,0.0,0.15180475313490294,,0.15180475313490294,
2026-09-08,CL,RUON,8Y,,,,,,0.0,0.15217567361806195,,0.15217567361806195,
2026-09-08,CL,RUON,9Y,,,,,,0.0,0.15260861338183807,,0.15260861338183807,
2026-09-08,CL,RUON,10Y,,,,,,0.0,0.15285211490657002,,0.15285211490657002,
2026-09-08,CL,RUONIA,1D,,,,,,0.13462588404219547,0.1484530082115867,,0.01382712416939122,
2026-09-08,CL,RUONIA,1W,,,,,,0.13462588404219547,0.14845300821148477,,0.013827124169289301,
2026-09-08,CL,RUONIA,2W,,,,,,0.13462588404219547,0.1482730100886176,,0.013647126046422126,
2026-09-08,CL,RUONIA,1M,,,,,,0.13462588404219547,0.14797394144390807,,0.013348057401712604,
2026-09-08,CL,RUONIA,2M,,,,,,0.13462588404219547,0.14765365092773863,,0.013027766885543163,
2026-09-08,CL,RUONIA,3M,,,,,,0.13462588404219547,0.1475453167697678,,0.012919432727572316,
2026-09-08,CL,RUONIA,6M,,,,,,0.13307067464368372,0.1452012583667024,,0.012130583723018673,
2026-09-08,CL,RUONIA,9M,,,,,,0.13205502594877883,0.14451318545177405,,0.012458159502995225,
2026-09-08,CL,RUONIA,1Y,,,,,,0.13201043101759477,0.14273012189486312,,0.010719690877268345,
2026-09-08,CL,RUONIA,2Y,,,,,,0.13201043101759477,0.14457416799638012,,0.01256373697878535,
2026-09-08,CL,RUONIA,3Y,,,,,,0.13201043101759477,0.14569985399827368,,0.013689422980678906,
2026-09-08,CL,RUONIA,4Y,,,,,,0.13201043101759477,0.14878914406388533,,0.016778713046290555,
2026-09-08,CL,RUONIA,5Y,,,,,,0.13201043101759477,0.14986985083307536,,0.017859419815480587,
2026-09-08,CL,RUONIA,6Y,,,,,,0.13201043101759477,0.15202095876873223,,0.020010527751137458,
2026-09-08,CL,RUONIA,7Y,,,,,,0.13201043101759477,0.15180475313490294,,0.019794322117308166,
2026-09-08,CL,RUONIA,8Y,,,,,,0.13201043101759477,0.15217567361806195,,0.020165242600467176,
2026-09-08,CL,RUONIA,9Y,,,,,,0.13201043101759477,0.15260861338183807,,0.020598182364243295,
2026-09-08,CL,RUONIA,10Y,,,,,,0.13201043101759477,0.15285211490657002,,0.020841683888975254,
2026-09-08,CL,RVI,1D,,,,,,0.0,0.1484530082115867,,0.1484530082115867,
2026-09-08,CL,RVI,1W,,,,,,0.0,0.14845300821148477,,0.14845300821148477,
2026-09-08,CL,RVI,2W,,,,,,0.0,0.1482730100886176,,0.1482730100886176,
2026-09-08,CL,RVI,1M,,,,,,0.0,0.14797394144390807,,0.14797394144390807,
2026-09-08,CL,RVI,2M,,,,,,0.0,0.14765365092773863,,0.14765365092773863,
2026-09-08,CL,RVI,3M,,,,,,0.0,0.1475453167697678,,0.1475453167697678,
2026-09-08,CL,RVI,6M,,,,,,0.0,0.1452012583667024,,0.1452012583667024,
2026-09-08,CL,RVI,9M,,,,,,0.0,0.14451318545177405,,0.14451318545177405,
2026-09-08,CL,RVI,1Y,,,,,,0.0,0.14273012189486312,,0.14273012189486312,
2026-09-08,CL,RVI,2Y,,,,,,0.0,0.14457416799638012,,0.14457416799638012,
2026-09-08,CL,RVI,3Y,,,,,,0.0,0.14569985399827368,,0.14569985399827368,
2026-09-08,CL,RVI,4Y,,,,,,0.0,0.14878914406388533,,0.14878914406388533,
2026-09-08,CL,RVI,5Y,,,,,,0.0,0.14986985083307536,,0.14986985083307536,
2026-09-08,CL,RVI,6Y,,,,,,0.0,0.15202095876873223,,0.15202095876873223,
2026-09-08,CL,RVI,7Y,,,,,,0.0,0.15180475313490294,,0.15180475313490294,
2026-09-08,CL,RVI,8Y,,,,,,0.0,0.15217567361806195,,0.15217567361806195,
2026-09-08,CL,RVI,9Y,,,,,,0.0,0.15260861338183807,,0.15260861338183807,
2026-09-08,CL,RVI,10Y,,,,,,0.0,0.15285211490657002,,0.15285211490657002,
2026-09-08,CL,SAMSUNG,1D,,,,,,0.01823991028262933,0.1484530082115867,,0.13021309792895736,
2026-09-08,CL,SAMSUNG,1W,,,,,,0.01823991028262933,0.14845300821148477,,0.13021309792885544,
2026-09-08,CL,SAMSUNG,2W,,,,,,0.01823991028262933,0.1482730100886176,,0.13003309980598826,
2026-09-08,CL,SAMSUNG,1M,,,,,,0.01823991028262933,0.14797394144390807,,0.12973403116127874,
2026-09-08,CL,SAMSUNG,2M,,,,,,0.01823991028262933,0.14765365092773863,,0.1294137406451093,
2026-09-08,CL,SAMSUNG,3M,,,,,,0.01823991028262933,0.1475453167697678,,0.12930540648713845,
2026-09-08,CL,SAMSUNG,6M,,,,,,0.01823991028262933,0.1452012583667024,,0.12696134808407306,
2026-09-08,CL,SAMSUNG,9M,,,,,,0.01823991028262933,0.14451318545177405,,0.12627327516914472,
2026-09-08,CL,SAMSUNG,1Y,,,,,,0.01823991028262933,0.14273012189486312,,0.12449021161223378,
2026-09-08,CL,SAMSUNG,2Y,,,,,,0.01823991028262933,0.14457416799638012,,0.12633425771375079,
2026-09-08,CL,SAMSUNG,3Y,,,,,,0.01823991028262933,0.14569985399827368,,0.12745994371564434,
2026-09-08,CL,SAMSUNG,4Y,,,,,,0.01823991028262933,0.14878914406388533,,0.130549233781256,
2026-09-08,CL,SAMSUNG,5Y,,,,,,0.01823991028262933,0.14986985083307536,,0.13162994055044602,
2026-09-08,CL,SAMSUNG,6Y,,,,,,0.01823991028262933,0.15202095876873223,,0.1337810484861029,
2026-09-08,CL,SAMSUNG,7Y,,,,,,0.01823991028262933,0.15180475313490294,,0.1335648428522736,
2026-09-08,CL,SAMSUNG,8Y,,,,,,0.01823991028262933,0.15217567361806195,,0.1339357633354326,
2026-09-08,CL,SAMSUNG,9Y,,,,,,0.01823991028262933,0.15260861338183807,,0.13436870309920873,
2026-09-08,CL,SAMSUNG,10Y,,,,,,0.01823991028262933,0.15285211490657002,,0.1346122046239407,
2026-09-08,CL,SAP,1D,,,,,,0.15398339723218643,0.1484530082115867,,-0.005530389020599741,
2026-09-08,CL,SAP,1W,,,,,,0.15398339723218643,0.14845300821148477,,-0.005530389020701659,
2026-09-08,CL,SAP,2W,,,,,,0.15398339723218643,0.1482730100886176,,-0.005710387143568835,
2026-09-08,CL,SAP,1M,,,,,,0.15398339723218643,0.14797394144390807,,-0.006009455788278356,
2026-09-08,CL,SAP,2M,,,,,,0.15398339723218643,0.14765365092773863,,-0.0063297463044477975,
2026-09-08,CL,SAP,3M,,,,,,0.15398339723218643,0.1475453167697678,,-0.006438080462418644,
2026-09-08,CL,SAP,6M,,,,,,0.15398339723218643,0.1452012583667024,,-0.00878213886548404,
2026-09-08,CL,SAP,9M,,,,,,0.15398339723218643,0.14451318545177405,,-0.00947021178041238,
2026-09-08,CL,SAP,1Y,,,,,,0.15398339723218643,0.14273012189486312,,-0.011253275337323315,
2026-09-08,CL,SAP,2Y,,,,,,0.15398339723218643,0.14457416799638012,,-0.00940922923580631,
2026-09-08,CL,SAP,3Y,,,,,,0.15398339723218643,0.14569985399827368,,-0.008283543233912755,
2026-09-08,CL,SAP,4Y,,,,,,0.15398339723218643,0.14878914406388533,,-0.005194253168301105,
2026-09-08,CL,SAP,5Y,,,,,,0.15398339723218643,0.14986985083307536,,-0.004113546399111073,
2026-09-08,CL,SAP,6Y,,,,,,0.15398339723218643,0.15202095876873223,,-0.0019624384634542025,
2026-09-08,CL,SAP,7Y,,,,,,0.15398339723218643,0.15180475313490294,,-0.002178644097283494,
2026-09-08,CL,SAP,8Y,,,,,,0.15398339723218643,0.15217567361806195,,-0.0018077236141244846,
2026-09-08,CL,SAP,9Y,,,,,,0.15398339723218643,0.15260861338183807,,-0.0013747838503483656,
2026-09-08,CL,SAP,10Y,,,,,,0.15398339723218643,0.15285211490657002,,-0.0011312823256164062,
2026-09-08,CL,SAUDI,1D,,,,,,0.029905957111214364,0.1484530082115867,,0.11854705110037232,
2026-09-08,CL,SAUDI,1W,,,,,,0.029905957111214364,0.14845300821148477,,0.1185470511002704,
2026-09-08,CL,SAUDI,2W,,,,,,0.029905957111214364,0.1482730100886176,,0.11836705297740323,
2026-09-08,CL,SAUDI,1M,,,,,,0.029905957111214364,0.14797394144390807,,0.1180679843326937,
2026-09-08,CL,SAUDI,2M,,,,,,0.029905957111214364,0.14765365092773863,,0.11774769381652427,
2026-09-08,CL,SAUDI,3M,,,,,,0.029905957111214364,0.1475453167697678,,0.11763935965855342,
2026-09-08,CL,SAUDI,6M,,,,,,0.029905957111214364,0.1452012583667024,,0.11529530125548802,
2026-09-08,CL,SAUDI,9M,,,,,,0.029905957111214364,0.14451318545177405,,0.11460722834055968,
2026-09-08,CL,SAUDI,1Y,,,,,,0.029905957111214364,0.14273012189486312,,0.11282416478364875,
2026-09-08,CL,SAUDI,2Y,,,,,,0.029905957111214364,0.14457416799638012,,0.11466821088516575,
2026-09-08,CL,SAUDI,3Y,,,,,,0.029905957111214364,0.14569985399827368,,0.11579389688705931,
2026-09-08,CL,SAUDI,4Y,,,,,,0.029905957111214364,0.14878914406388533,,0.11888318695267096,
2026-09-08,CL,SAUDI,5Y,,,,,,0.029905957111214364,0.14986985083307536,,0.11996389372186099,
2026-09-08,CL,SAUDI,6Y,,,,,,0.029905957111214364,0.15202095876873223,,0.12211500165751786,
2026-09-08,CL,SAUDI,7Y,,,,,,0.029905957111214364,0.15180475313490294,,0.12189879602368857,
2026-09-08,CL,SAUDI,8Y,,,,,,0.029905957111214364,0.15217567361806195,,0.12226971650684758,
2026-09-08,CL,SAUDI,9Y,,,,,,0.029905957111214364,0.15260861338183807,,0.1227026562706237,
2026-09-08,CL,SAUDI,10Y,,,,,,0.029905957111214364,0.15285211490657002,,0.12294615779535566,
2026-09-08,CL,SBERF,1D,,,,,,0.16489283407352998,0.1484530082115867,,-0.016439825861943286,
2026-09-08,CL,SBERF,1W,,,,,,0.16489283407352998,0.14845300821148477,,-0.016439825862045204,
2026-09-08,CL,SBERF,2W,,,,,,0.16361892773572678,0.1482730100886176,,-0.015345917647109186,
2026-09-08,CL,SBERF,1M,,,,,,0.15954242745475652,0.14797394144390807,,-0.01156848601084845,
2026-09-08,CL,SBERF,2M,,,,,,0.1518989894279373,0.14765365092773863,,-0.004245338500198675,
2026-09-08,CL,SBERF,3M,,,,,,0.14425555140111812,0.1475453167697678,,0.0032897653686496664,
2026-09-08,CL,SBERF,6M,,,,,,0.13951790151781732,0.1452012583667024,,0.005683356848885074,
2026-09-08,CL,SBERF,9M,,,,,,0.1352583846026019,0.14451318545177405,,0.009254800849172157,
2026-09-08,CL,SBERF,1Y,,,,,,0.13465710648121088,0.14273012189486312,,0.00807301541365224,
2026-09-08,CL,SBERF,2Y,,,,,,0.13465710648121088,0.14457416799638012,,0.009917061515169245,
2026-09-08,CL,SBERF,3Y,,,,,,0.13465710648121088,0.14569985399827368,,0.011042747517062801,
2026-09-08,CL,SBERF,4Y,,,,,,0.13465710648121088,0.14878914406388533,,0.01413203758267445,
2026-09-08,CL,SBERF,5Y,,,,,,0.13465710648121088,0.14986985083307536,,0.015212744351864482,
2026-09-08,CL,SBERF,6Y,,,,,,0.13465710648121088,0.15202095876873223,,0.017363852287521353,
2026-09-08,CL,SBERF,7Y,,,,,,0.13465710648121088,0.15180475313490294,,0.01714764665369206,
2026-09-08,CL,SBERF,8Y,,,,,,0.13465710648121088,0.15217567361806195,,0.01751856713685107,
2026-09-08,CL,SBERF,9Y,,,,,,0.13465710648121088,0.15260861338183807,,0.01795150690062719,
2026-09-08,CL,SBERF,10Y,,,,,,0.13465710648121088,0.15285211490657002,,0.01819500842535915,
2026-09-08,CL,SBPR,1D,,,,,,0.13989210569786178,0.1484530082115867,,0.008560902513724905,
2026-09-08,CL,SBPR,1W,,,,,,0.13989210569786178,0.14845300821148477,,0.008560902513622987,
2026-09-08,CL,SBPR,2W,,,,,,0.14000672012523221,0.1482730100886176,,0.008266289963385381,
2026-09-08,CL,SBPR,1M,,,,,,0.14037348629281762,0.14797394144390807,,0.007600455151090452,
2026-09-08,CL,SBPR,2M,,,,,,0.14106117285704028,0.14765365092773863,,0.006592478070698349,
2026-09-08,CL,SBPR,3M,,,,,,0.14174885942126292,0.1475453167697678,,0.005796457348504869,
2026-09-08,CL,SBPR,6M,,,,,,0.13580487150525206,0.1452012583667024,,0.009396386861450334,
2026-09-08,CL,SBPR,9M,,,,,,0.1343993278535504,0.14451318545177405,,0.010113857598223641,
2026-09-08,CL,SBPR,1Y,,,,,,0.13431476182635194,0.14273012189486312,,0.00841536006851118,
2026-09-08,CL,SBPR,2Y,,,,,,0.13431476182635194,0.14457416799638012,,0.010259406170028185,
2026-09-08,CL,SBPR,3Y,,,,,,0.13431476182635194,0.14569985399827368,,0.01138509217192174,
2026-09-08,CL,SBPR,4Y,,,,,,0.13431476182635194,0.14878914406388533,,0.01447438223753339,
2026-09-08,CL,SBPR,5Y,,,,,,0.13431476182635194,0.14986985083307536,,0.015555089006723422,
2026-09-08,CL,SBPR,6Y,,,,,,0.13431476182635194,0.15202095876873223,,0.017706196942380292,
2026-09-08,CL,SBPR,7Y,,,,,,0.13431476182635194,0.15180475313490294,,0.017489991308551,
2026-09-08,CL,SBPR,8Y,,,,,,0.13431476182635194,0.15217567361806195,,0.01786091179171001,
2026-09-08,CL,SBPR,9Y,,,,,,0.13431476182635194,0.15260861338183807,,0.01829385155548613,
2026-09-08,CL,SBPR,10Y,,,,,,0.13431476182635194,0.15285211490657002,,0.01853735308021809,
2026-09-08,CL,SBRF,1D,,,,,,0.16489283407352998,0.1484530082115867,,-0.016439825861943286,
2026-09-08,CL,SBRF,1W,,,,,,0.16489283407352998,0.14845300821148477,,-0.016439825862045204,
2026-09-08,CL,SBRF,2W,,,,,,0.16361892773572678,0.1482730100886176,,-0.015345917647109186,
2026-09-08,CL,SBRF,1M,,,,,,0.15954242745475652,0.14797394144390807,,-0.01156848601084845,
2026-09-08,CL,SBRF,2M,,,,,,0.1518989894279373,0.14765365092773863,,-0.004245338500198675,
2026-09-08,CL,SBRF,3M,,,,,,0.14425555140111812,0.1475453167697678,,0.0032897653686496664,
2026-09-08,CL,SBRF,6M,,,,,,0.13951790151781732,0.1452012583667024,,0.005683356848885074,
2026-09-08,CL,SBRF,9M,,,,,,0.1352583846026019,0.14451318545177405,,0.009254800849172157,
2026-09-08,CL,SBRF,1Y,,,,,,0.13465710648121088,0.14273012189486312,,0.00807301541365224,
2026-09-08,CL,SBRF,2Y,,,,,,0.13465710648121088,0.14457416799638012,,0.009917061515169245,
2026-09-08,CL,SBRF,3Y,,,,,,0.13465710648121088,0.14569985399827368,,0.011042747517062801,
2026-09-08,CL,SBRF,4Y,,,,,,0.13465710648121088,0.14878914406388533,,0.01413203758267445,
2026-09-08,CL,SBRF,5Y,,,,,,0.13465710648121088,0.14986985083307536,,0.015212744351864482,
2026-09-08,CL,SBRF,6Y,,,,,,0.13465710648121088,0.15202095876873223,,0.017363852287521353,
2026-09-08,CL,SBRF,7Y,,,,,,0.13465710648121088,0.15180475313490294,,0.01714764665369206,
2026-09-08,CL,SBRF,8Y,,,,,,0.13465710648121088,0.15217567361806195,,0.01751856713685107,
2026-09-08,CL,SBRF,9Y,,,,,,0.13465710648121088,0.15260861338183807,,0.01795150690062719,
2026-09-08,CL,SBRF,10Y,,,,,,0.13465710648121088,0.15285211490657002,,0.01819500842535915,
2026-09-08,CL,SFIN,1D,,,,,,-0.5364569695117942,0.1484530082115867,,0.6849099777233809,
2026-09-08,CL,SFIN,1W,,,,,,-0.5364569695117942,0.14845300821148477,,0.684909977723279,
2026-09-08,CL,SFIN,2W,,,,,,-0.5155968412069457,0.1482730100886176,,0.6638698512955633,
2026-09-08,CL,SFIN,1M,,,,,,-0.4488444306314303,0.14797394144390807,,0.5968183720753384,
2026-09-08,CL,SFIN,2M,,,,,,-0.32368366080233907,0.14765365092773863,,0.4713373117300777,
2026-09-08,CL,SFIN,3M,,,,,,-0.19852289097324782,0.1475453167697678,,0.3460682077430156,
2026-09-08,CL,SFIN,6M,,,,,,-0.15680263436355069,0.1452012583667024,,0.3020038927302531,
2026-09-08,CL,SFIN,9M,,,,,,-0.15680263436355069,0.14451318545177405,,0.30131581981532474,
2026-09-08,CL,SFIN,1Y,,,,,,-0.15680263436355069,0.14273012189486312,,0.2995327562584138,
2026-09-08,CL,SFIN,2Y,,,,,,-0.15680263436355069,0.14457416799638012,,0.3013768023599308,
2026-09-08,CL,SFIN,3Y,,,,,,-0.15680263436355069,0.14569985399827368,,0.30250248836182436,
2026-09-08,CL,SFIN,4Y,,,,,,-0.15680263436355069,0.14878914406388533,,0.305591778427436,
2026-09-08,CL,SFIN,5Y,,,,,,-0.15680263436355069,0.14986985083307536,,0.30667248519662604,
2026-09-08,CL,SFIN,6Y,,,,,,-0.15680263436355069,0.15202095876873223,,0.3088235931322829,
2026-09-08,CL,SFIN,7Y,,,,,,-0.15680263436355069,0.15180475313490294,,0.3086073874984536,
2026-09-08,CL,SFIN,8Y,,,,,,-0.15680263436355069,0.15217567361806195,,0.30897830798161263,
2026-09-08,CL,SFIN,9Y,,,,,,-0.15680263436355069,0.15260861338183807,,0.30941124774538875,
2026-09-08,CL,SFIN,10Y,,,,,,-0.15680263436355069,0.15285211490657002,,0.3096547492701207,
2026-09-08,CL,SGZH,1D,,,,,,0.14840633932232628,0.1484530082115867,,4.6668889260415014e-05,
2026-09-08,CL,SGZH,1W,,,,,,0.14840633932232628,0.14845300821148477,,4.666888915849654e-05,
2026-09-08,CL,SGZH,2W,,,,,,0.14833770974337462,0.1482730100886176,,-6.469965475702777e-05,
2026-09-08,CL,SGZH,1M,,,,,,0.14811809509072935,0.14797394144390807,,-0.00014415364682127119,
2026-09-08,CL,SGZH,2M,,,,,,0.14770631761701944,0.14765365092773863,,-5.266668928080587e-05,
2026-09-08,CL,SGZH,3M,,,,,,0.14729454014330956,0.1475453167697678,,0.00025077662645822674,
2026-09-08,CL,SGZH,6M,,,,,,0.14715728098540626,0.1452012583667024,,-0.0019560226187038676,
2026-09-08,CL,SGZH,9M,,,,,,0.14715728098540626,0.14451318545177405,,-0.002644095533632207,
2026-09-08,CL,SGZH,1Y,,,,,,0.14715728098540626,0.14273012189486312,,-0.004427159090543142,
2026-09-08,CL,SGZH,2Y,,,,,,0.14715728098540626,0.14457416799638012,,-0.0025831129890261373,
2026-09-08,CL,SGZH,3Y,,,,,,0.14715728098540626,0.14569985399827368,,-0.0014574269871325818,
2026-09-08,CL,SGZH,4Y,,,,,,0.14715728098540626,0.14878914406388533,,0.0016318630784790678,
2026-09-08,CL,SGZH,5Y,,,,,,0.14715728098540626,0.14986985083307536,,0.0027125698476690996,
2026-09-08,CL,SGZH,6Y,,,,,,0.14715728098540626,0.15202095876873223,,0.00486367778332597,
2026-09-08,CL,SGZH,7Y,,,,,,0.14715728098540626,0.15180475313490294,,0.004647472149496679,
2026-09-08,CL,SGZH,8Y,,,,,,0.14715728098540626,0.15217567361806195,,0.005018392632655688,
2026-09-08,CL,SGZH,9Y,,,,,,0.14715728098540626,0.15260861338183807,,0.005451332396431807,
2026-09-08,CL,SGZH,10Y,,,,,,0.14715728098540626,0.15285211490657002,,0.005694833921163767,
2026-09-08,CL,SIBN,1D,,,,,,0.0857608720979702,0.1484530082115867,,0.06269213611361649,
2026-09-08,CL,SIBN,1W,,,,,,0.0857608720979702,0.14845300821148477,,0.06269213611351457,
2026-09-08,CL,SIBN,2W,,,,,,0.08893947120489382,0.1482730100886176,,0.05933353888372378,
2026-09-08,CL,SIBN,1M,,,,,,0.09911098834704937,0.14797394144390807,,0.0488629530968587,
2026-09-08,CL,SIBN,2M,,,,,,0.11818258298859105,0.14765365092773863,,0.029471067939147583,
2026-09-08,CL,SIBN,3M,,,,,,0.13725417763013273,0.1475453167697678,,0.010291139139635058,
2026-09-08,CL,SIBN,6M,,,,,,0.14361137584397995,0.1452012583667024,,0.0015898825227224356,
2026-09-08,CL,SIBN,9M,,,,,,0.14361137584397995,0.14451318545177405,,0.0009018096077940962,
2026-09-08,CL,SIBN,1Y,,,,,,0.14361137584397995,0.14273012189486312,,-0.0008812539491168392,
2026-09-08,CL,SIBN,2Y,,,,,,0.14361137584397995,0.14457416799638012,,0.0009627921524001659,
2026-09-08,CL,SIBN,3Y,,,,,,0.14361137584397995,0.14569985399827368,,0.0020884781542937214,
2026-09-08,CL,SIBN,4Y,,,,,,0.14361137584397995,0.14878914406388533,,0.005177768219905371,
2026-09-08,CL,SIBN,5Y,,,,,,0.14361137584397995,0.14986985083307536,,0.006258474989095403,
2026-09-08,CL,SIBN,6Y,,,,,,0.14361137584397995,0.15202095876873223,,0.008409582924752274,
2026-09-08,CL,SIBN,7Y,,,,,,0.14361137584397995,0.15180475313490294,,0.008193377290922982,
2026-09-08,CL,SIBN,8Y,,,,,,0.14361137584397995,0.15217567361806195,,0.008564297774081991,
2026-09-08,CL,SIBN,9Y,,,,,,0.14361137584397995,0.15260861338183807,,0.00899723753785811,
2026-09-08,CL,SIBN,10Y,,,,,,0.14361137584397995,0.15285211490657002,,0.00924073906259007,
2026-09-08,CL,SILV,1D,,,,,,0.09721555484493974,0.1484530082115867,,0.05123745336664695,
2026-09-08,CL,SILV,1W,,,,,,0.09721555484493974,0.14845300821148477,,0.05123745336654503,
2026-09-08,CL,SILV,2W,,,,,,0.09721555484493974,0.1482730100886176,,0.05105745524367786,
2026-09-08,CL,SILV,1M,,,,,,0.09721555484493974,0.14797394144390807,,0.050758386598968336,
2026-09-08,CL,SILV,2M,,,,,,0.09721555484493974,0.14765365092773863,,0.050438096082798894,
2026-09-08,CL,SILV,3M,,,,,,0.09721555484493974,0.1475453167697678,,0.05032976192482805,
2026-09-08,CL,SILV,6M,,,,,,0.10171065164671744,0.1452012583667024,,0.04349060671998495,
2026-09-08,CL,SILV,9M,,,,,,0.09517661508284685,0.14451318545177405,,0.049336570368927204,
2026-09-08,CL,SILV,1Y,,,,,,0.094830841411339,0.14273012189486312,,0.04789928048352411,
2026-09-08,CL,SILV,2Y,,,,,,0.094830841411339,0.14457416799638012,,0.04974332658504112,
2026-09-08,CL,SILV,3Y,,,,,,0.094830841411339,0.14569985399827368,,0.05086901258693467,
2026-09-08,CL,SILV,4Y,,,,,,0.094830841411339,0.14878914406388533,,0.05395830265254632,
2026-09-08,CL,SILV,5Y,,,,,,0.094830841411339,0.14986985083307536,,0.055039009421736354,
2026-09-08,CL,SILV,6Y,,,,,,0.094830841411339,0.15202095876873223,,0.057190117357393225,
2026-09-08,CL,SILV,7Y,,,,,,0.094830841411339,0.15180475313490294,,0.05697391172356393,
2026-09-08,CL,SILV,8Y,,,,,,0.094830841411339,0.15217567361806195,,0.05734483220672294,
2026-09-08,CL,SILV,9Y,,,,,,0.094830841411339,0.15260861338183807,,0.05777777197049906,
2026-09-08,CL,SILV,10Y,,,,,,0.094830841411339,0.15285211490657002,,0.05802127349523102,
2026-09-08,CL,SILVM,1D,,,,,,0.09717220562880523,0.1484530082115867,,0.05128080258278146,
2026-09-08,CL,SILVM,1W,,,,,,0.09717220562880523,0.14845300821148477,,0.051280802582679544,
2026-09-08,CL,SILVM,2W,,,,,,0.09717220562880523,0.1482730100886176,,0.05110080445981237,
2026-09-08,CL,SILVM,1M,,,,,,0.09717220562880523,0.14797394144390807,,0.05080173581510285,
2026-09-08,CL,SILVM,2M,,,,,,0.09717220562880523,0.14765365092773863,,0.050481445298933406,
2026-09-08,CL,SILVM,3M,,,,,,0.09717220562880523,0.1475453167697678,,0.05037311114096256,
2026-09-08,CL,SILVM,6M,,,,,,0.10026296254936434,0.1452012583667024,,0.04493829581733805,
2026-09-08,CL,SILVM,9M,,,,,,0.09381894289050952,0.14451318545177405,,0.050694242561264535,
2026-09-08,CL,SILVM,1Y,,,,,,0.09359689261083158,0.14273012189486312,,0.049133229284031535,
2026-09-08,CL,SILVM,2Y,,,,,,0.09359689261083158,0.14457416799638012,,0.05097727538554854,
2026-09-08,CL,SILVM,3Y,,,,,,0.09359689261083158,0.14569985399827368,,0.052102961387442095,
2026-09-08,CL,SILVM,4Y,,,,,,0.09359689261083158,0.14878914406388533,,0.055192251453053745,
2026-09-08,CL,SILVM,5Y,,,,,,0.09359689261083158,0.14986985083307536,,0.05627295822224378,
2026-09-08,CL,SILVM,6Y,,,,,,0.09359689261083158,0.15202095876873223,,0.05842406615790065,
2026-09-08,CL,SILVM,7Y,,,,,,0.09359689261083158,0.15180475313490294,,0.058207860524071356,
2026-09-08,CL,SILVM,8Y,,,,,,0.09359689261083158,0.15217567361806195,,0.058578781007230366,
2026-09-08,CL,SILVM,9Y,,,,,,0.09359689261083158,0.15260861338183807,,0.059011720771006484,
2026-09-08,CL,SILVM,10Y,,,,,,0.09359689261083158,0.15285211490657002,,0.059255222295738444,
2026-09-08,CL,SL,1D,,,,,,0.17237370865627635,0.1484530082115867,,-0.023920700444689663,
2026-09-08,CL,SL,1W,,,,,,0.17237370865627635,0.14845300821148477,,-0.02392070044479158,
2026-09-08,CL,SL,2W,,,,,,0.17237370865627635,0.1482730100886176,,-0.024100698567658757,
2026-09-08,CL,SL,1M,,,,,,0.17237370865627635,0.14797394144390807,,-0.02439976721236828,
2026-09-08,CL,SL,2M,,,,,,0.17237370865627635,0.14765365092773863,,-0.02472005772853772,
2026-09-08,CL,SL,3M,,,,,,0.17237370865627635,0.1475453167697678,,-0.024828391886508566,
2026-09-08,CL,SL,6M,,,,,,0.040846196811267166,0.1452012583667024,,0.10435506155543522,
2026-09-08,CL,SL,9M,,,,,,0.0378905223877838,0.14451318545177405,,0.10662266306399025,
2026-09-08,CL,SL,1Y,,,,,,0.0378905223877838,0.14273012189486312,,0.10483959950707931,
2026-09-08,CL,SL,2Y,,,,,,0.0378905223877838,0.14457416799638012,,0.10668364560859632,
2026-09-08,CL,SL,3Y,,,,,,0.0378905223877838,0.14569985399827368,,0.10780933161048988,
2026-09-08,CL,SL,4Y,,,,,,0.0378905223877838,0.14878914406388533,,0.11089862167610152,
2026-09-08,CL,SL,5Y,,,,,,0.0378905223877838,0.14986985083307536,,0.11197932844529156,
2026-09-08,CL,SL,6Y,,,,,,0.0378905223877838,0.15202095876873223,,0.11413043638094843,
2026-09-08,CL,SL,7Y,,,,,,0.0378905223877838,0.15180475313490294,,0.11391423074711914,
2026-09-08,CL,SL,8Y,,,,,,0.0378905223877838,0.15217567361806195,,0.11428515123027815,
2026-09-08,CL,SL,9Y,,,,,,0.0378905223877838,0.15260861338183807,,0.11471809099405426,
2026-09-08,CL,SL,10Y,,,,,,0.0378905223877838,0.15285211490657002,,0.11496159251878622,
2026-09-08,CL,SLVRUBTOM,1D,,,,,,0.09721555484493974,0.1484530082115867,,0.05123745336664695,
2026-09-08,CL,SLVRUBTOM,1W,,,,,,0.09721555484493974,0.14845300821148477,,0.05123745336654503,
2026-09-08,CL,SLVRUBTOM,2W,,,,,,0.09721555484493974,0.1482730100886176,,0.05105745524367786,
2026-09-08,CL,SLVRUBTOM,1M,,,,,,0.09721555484493974,0.14797394144390807,,0.050758386598968336,
2026-09-08,CL,SLVRUBTOM,2M,,,,,,0.09721555484493974,0.14765365092773863,,0.050438096082798894,
2026-09-08,CL,SLVRUBTOM,3M,,,,,,0.09721555484493974,0.1475453167697678,,0.05032976192482805,
2026-09-08,CL,SLVRUBTOM,6M,,,,,,0.10171065164671744,0.1452012583667024,,0.04349060671998495,
2026-09-08,CL,SLVRUBTOM,9M,,,,,,0.09517661508284685,0.14451318545177405,,0.049336570368927204,
2026-09-08,CL,SLVRUBTOM,1Y,,,,,,0.094830841411339,0.14273012189486312,,0.04789928048352411,
2026-09-08,CL,SLVRUBTOM,2Y,,,,,,0.094830841411339,0.14457416799638012,,0.04974332658504112,
2026-09-08,CL,SLVRUBTOM,3Y,,,,,,0.094830841411339,0.14569985399827368,,0.05086901258693467,
2026-09-08,CL,SLVRUBTOM,4Y,,,,,,0.094830841411339,0.14878914406388533,,0.05395830265254632,
2026-09-08,CL,SLVRUBTOM,5Y,,,,,,0.094830841411339,0.14986985083307536,,0.055039009421736354,
2026-09-08,CL,SLVRUBTOM,6Y,,,,,,0.094830841411339,0.15202095876873223,,0.057190117357393225,
2026-09-08,CL,SLVRUBTOM,7Y,,,,,,0.094830841411339,0.15180475313490294,,0.05697391172356393,
2026-09-08,CL,SLVRUBTOM,8Y,,,,,,0.094830841411339,0.15217567361806195,,0.05734483220672294,
2026-09-08,CL,SLVRUBTOM,9Y,,,,,,0.094830841411339,0.15260861338183807,,0.05777777197049906,
2026-09-08,CL,SLVRUBTOM,10Y,,,,,,0.094830841411339,0.15285211490657002,,0.05802127349523102,
2026-09-08,CL,SMLT,1D,,,,,,0.14840633932232628,0.1484530082115867,,4.6668889260415014e-05,
2026-09-08,CL,SMLT,1W,,,,,,0.14840633932232628,0.14845300821148477,,4.666888915849654e-05,
2026-09-08,CL,SMLT,2W,,,,,,0.1464434400400483,0.1482730100886176,,0.00182957004856929,
2026-09-08,CL,SMLT,1M,,,,,,0.14016216233675882,0.14797394144390807,,0.007811779107149253,
2026-09-08,CL,SMLT,2M,,,,,,0.12838476664309104,0.14765365092773863,,0.019268884284647597,
2026-09-08,CL,SMLT,3M,,,,,,0.11660737094942322,0.1475453167697678,,0.030937945820344565,
2026-09-08,CL,SMLT,6M,,,,,,0.1126815723848673,0.1452012583667024,,0.03251968598183509,
2026-09-08,CL,SMLT,9M,,,,,,0.1126815723848673,0.14451318545177405,,0.03183161306690675,
2026-09-08,CL,SMLT,1Y,,,,,,0.1126815723848673,0.14273012189486312,,0.030048549509995817,
2026-09-08,CL,SMLT,2Y,,,,,,0.1126815723848673,0.14457416799638012,,0.03189259561151282,
2026-09-08,CL,SMLT,3Y,,,,,,0.1126815723848673,0.14569985399827368,,0.03301828161340638,
2026-09-08,CL,SMLT,4Y,,,,,,0.1126815723848673,0.14878914406388533,,0.03610757167901803,
2026-09-08,CL,SMLT,5Y,,,,,,0.1126815723848673,0.14986985083307536,,0.03718827844820806,
2026-09-08,CL,SMLT,6Y,,,,,,0.1126815723848673,0.15202095876873223,,0.03933938638386493,
2026-09-08,CL,SMLT,7Y,,,,,,0.1126815723848673,0.15180475313490294,,0.03912318075003564,
2026-09-08,CL,SMLT,8Y,,,,,,0.1126815723848673,0.15217567361806195,,0.03949410123319465,
2026-09-08,CL,SMLT,9Y,,,,,,0.1126815723848673,0.15260861338183807,,0.03992704099697077,
2026-09-08,CL,SMLT,10Y,,,,,,0.1126815723848673,0.15285211490657002,,0.040170542521702726,
2026-09-08,CL,SNDKF,1D,,,,,,0.00044315369131820267,0.1484530082115867,,0.1480098545202685,
2026-09-08,CL,SNDKF,1W,,,,,,0.00044315369131820267,0.14845300821148477,,0.14800985452016657,
2026-09-08,CL,SNDKF,2W,,,,,,0.00044315369131820267,0.1482730100886176,,0.1478298563972994,
2026-09-08,CL,SNDKF,1M,,,,,,0.00044315369131820267,0.14797394144390807,,0.14753078775258988,
2026-09-08,CL,SNDKF,2M,,,,,,0.00044315369131820267,0.14765365092773863,,0.14721049723642043,
2026-09-08,CL,SNDKF,3M,,,,,,0.00044315369131820267,0.1475453167697678,,0.1471021630784496,
2026-09-08,CL,SNDKF,6M,,,,,,0.00044315369131820267,0.1452012583667024,,0.1447581046753842,
2026-09-08,CL,SNDKF,9M,,,,,,0.00044315369131820267,0.14451318545177405,,0.14407003176045585,
2026-09-08,CL,SNDKF,1Y,,,,,,0.00044315369131820267,0.14273012189486312,,0.14228696820354492,
2026-09-08,CL,SNDKF,2Y,,,,,,0.00044315369131820267,0.14457416799638012,,0.14413101430506192,
2026-09-08,CL,SNDKF,3Y,,,,,,0.00044315369131820267,0.14569985399827368,,0.14525670030695548,
2026-09-08,CL,SNDKF,4Y,,,,,,0.00044315369131820267,0.14878914406388533,,0.14834599037256713,
2026-09-08,CL,SNDKF,5Y,,,,,,0.00044315369131820267,0.14986985083307536,,0.14942669714175716,
2026-09-08,CL,SNDKF,6Y,,,,,,0.00044315369131820267,0.15202095876873223,,0.15157780507741403,
2026-09-08,CL,SNDKF,7Y,,,,,,0.00044315369131820267,0.15180475313490294,,0.15136159944358474,
2026-09-08,CL,SNDKF,8Y,,,,,,0.00044315369131820267,0.15217567361806195,,0.15173251992674375,
2026-09-08,CL,SNDKF,9Y,,,,,,0.00044315369131820267,0.15260861338183807,,0.15216545969051987,
2026-09-08,CL,SNDKF,10Y,,,,,,0.00044315369131820267,0.15285211490657002,,0.15240896121525183,
2026-09-08,CL,SNGP,1D,,,,,,0.13076980339638727,0.1484530082115867,,0.017683204815199416,
2026-09-08,CL,SNGP,1W,,,,,,0.13076980339638727,0.14845300821148477,,0.017683204815097497,
2026-09-08,CL,SNGP,2W,,,,,,0.1311317711316844,0.1482730100886176,,0.017141238956933202,
2026-09-08,CL,SNGP,1M,,,,,,0.1322900678846352,0.14797394144390807,,0.015683873559272865,
2026-09-08,CL,SNGP,2M,,,,,,0.13446187429641795,0.14765365092773863,,0.013191776631320679,
2026-09-08,CL,SNGP,3M,,,,,,0.1366336807082007,0.1475453167697678,,0.010911636061567087,
2026-09-08,CL,SNGP,6M,,,,,,0.13735761617879494,0.1452012583667024,,0.007843642187907451,
2026-09-08,CL,SNGP,9M,,,,,,0.13735761617879494,0.14451318545177405,,0.007155569272979112,
2026-09-08,CL,SNGP,1Y,,,,,,0.13735761617879494,0.14273012189486312,,0.005372505716068177,
2026-09-08,CL,SNGP,2Y,,,,,,0.13735761617879494,0.14457416799638012,,0.007216551817585182,
2026-09-08,CL,SNGP,3Y,,,,,,0.13735761617879494,0.14569985399827368,,0.008342237819478737,
2026-09-08,CL,SNGP,4Y,,,,,,0.13735761617879494,0.14878914406388533,,0.011431527885090387,
2026-09-08,CL,SNGP,5Y,,,,,,0.13735761617879494,0.14986985083307536,,0.012512234654280419,
2026-09-08,CL,SNGP,6Y,,,,,,0.13735761617879494,0.15202095876873223,,0.01466334258993729,
2026-09-08,CL,SNGP,7Y,,,,,,0.13735761617879494,0.15180475313490294,,0.014447136956107998,
2026-09-08,CL,SNGP,8Y,,,,,,0.13735761617879494,0.15217567361806195,,0.014818057439267007,
2026-09-08,CL,SNGP,9Y,,,,,,0.13735761617879494,0.15260861338183807,,0.015250997203043126,
2026-09-08,CL,SNGP,10Y,,,,,,0.13735761617879494,0.15285211490657002,,0.015494498727775086,
2026-09-08,CL,SNGR,1D,,,,,,0.18825219544361885,0.1484530082115867,,-0.03979918723203216,
2026-09-08,CL,SNGR,1W,,,,,,0.18825219544361885,0.14845300821148477,,-0.039799187232134076,
2026-09-08,CL,SNGR,2W,,,,,,0.18557785179060382,0.1482730100886176,,-0.037304841701986224,
2026-09-08,CL,SNGR,1M,,,,,,0.17701995210095575,0.14797394144390807,,-0.029046010657047677,
2026-09-08,CL,SNGR,2M,,,,,,0.16097389018286562,0.14765365092773863,,-0.013320239255126987,
2026-09-08,CL,SNGR,3M,,,,,,0.14492782826477552,0.1475453167697678,,0.0026174885049922714,
2026-09-08,CL,SNGR,6M,,,,,,0.13957914095874546,0.1452012583667024,,0.005622117407956928,
2026-09-08,CL,SNGR,9M,,,,,,0.13957914095874546,0.14451318545177405,,0.004934044493028589,
2026-09-08,CL,SNGR,1Y,,,,,,0.13957914095874546,0.14273012189486312,,0.0031509809361176533,
2026-09-08,CL,SNGR,2Y,,,,,,0.13957914095874546,0.14457416799638012,,0.004995027037634658,
2026-09-08,CL,SNGR,3Y,,,,,,0.13957914095874546,0.14569985399827368,,0.006120713039528214,
2026-09-08,CL,SNGR,4Y,,,,,,0.13957914095874546,0.14878914406388533,,0.009210003105139863,
2026-09-08,CL,SNGR,5Y,,,,,,0.13957914095874546,0.14986985083307536,,0.010290709874329895,
2026-09-08,CL,SNGR,6Y,,,,,,0.13957914095874546,0.15202095876873223,,0.012441817809986766,
2026-09-08,CL,SNGR,7Y,,,,,,0.13957914095874546,0.15180475313490294,,0.012225612176157474,
2026-09-08,CL,SNGR,8Y,,,,,,0.13957914095874546,0.15217567361806195,,0.012596532659316484,
2026-09-08,CL,SNGR,9Y,,,,,,0.13957914095874546,0.15260861338183807,,0.013029472423092603,
2026-09-08,CL,SNGR,10Y,,,,,,0.13957914095874546,0.15285211490657002,,0.013272973947824562,
2026-09-08,CL,SOFL,1D,,,,,,0.14840633932232628,0.1484530082115867,,4.6668889260415014e-05,
2026-09-08,CL,SOFL,1W,,,,,,0.14840633932232628,0.14845300821148477,,4.666888915849654e-05,
2026-09-08,CL,SOFL,2W,,,,,,0.1484075614979622,0.1482730100886176,,-0.00013455140934459653,
2026-09-08,CL,SOFL,1M,,,,,,0.14841147245999714,0.14797394144390807,,-0.00043753101608906553,
2026-09-08,CL,SOFL,2M,,,,,,0.14841880551381267,0.14765365092773863,,-0.0007651545860740405,
2026-09-08,CL,SOFL,3M,,,,,,0.1484261385676282,0.1475453167697678,,-0.0008808217978604205,
2026-09-08,CL,SOFL,6M,,,,,,0.14842858291890004,0.1452012583667024,,-0.0032273245521976524,
2026-09-08,CL,SOFL,9M,,,,,,0.14842858291890004,0.14451318545177405,,-0.003915397467125992,
2026-09-08,CL,SOFL,1Y,,,,,,0.14842858291890004,0.14273012189486312,,-0.005698461024036927,
2026-09-08,CL,SOFL,2Y,,,,,,0.14842858291890004,0.14457416799638012,,-0.003854414922519922,
2026-09-08,CL,SOFL,3Y,,,,,,0.14842858291890004,0.14569985399827368,,-0.0027287289206263665,
2026-09-08,CL,SOFL,4Y,,,,,,0.14842858291890004,0.14878914406388533,,0.000360561144985283,
2026-09-08,CL,SOFL,5Y,,,,,,0.14842858291890004,0.14986985083307536,,0.0014412679141753149,
2026-09-08,CL,SOFL,6Y,,,,,,0.14842858291890004,0.15202095876873223,,0.0035923758498321856,
2026-09-08,CL,SOFL,7Y,,,,,,0.14842858291890004,0.15180475313490294,,0.003376170216002894,
2026-09-08,CL,SOFL,8Y,,,,,,0.14842858291890004,0.15217567361806195,,0.0037470906991619035,
2026-09-08,CL,SOFL,9Y,,,,,,0.14842858291890004,0.15260861338183807,,0.0041800304629380225,
2026-09-08,CL,SOFL,10Y,,,,,,0.14842858291890004,0.15285211490657002,,0.004423531987669982,
2026-09-08,CL,SOL,1D,,,,,,0.2927440644942722,0.1484530082115867,,-0.14429105628268551,
2026-09-08,CL,SOL,1W,,,,,,0.2927440644942722,0.14845300821148477,,-0.14429105628278743,
2026-09-08,CL,SOL,2W,,,,,,0.2927440644942722,0.1482730100886176,,-0.1444710544056546,
2026-09-08,CL,SOL,1M,,,,,,0.2927440644942722,0.14797394144390807,,-0.14477012305036413,
2026-09-08,CL,SOL,2M,,,,,,0.17803671292421736,0.14765365092773863,,-0.030383061996478722,
2026-09-08,CL,SOL,3M,,,,,,0.16427183073581075,0.1475453167697678,,-0.016726513966042966,
2026-09-08,CL,SOL,6M,,,,,,0.16427183073581075,0.1452012583667024,,-0.019070572369108363,
2026-09-08,CL,SOL,9M,,,,,,0.16427183073581075,0.14451318545177405,,-0.019758645284036702,
2026-09-08,CL,SOL,1Y,,,,,,0.16427183073581075,0.14273012189486312,,-0.021541708840947638,
2026-09-08,CL,SOL,2Y,,,,,,0.16427183073581075,0.14457416799638012,,-0.019697662739430633,
2026-09-08,CL,SOL,3Y,,,,,,0.16427183073581075,0.14569985399827368,,-0.018571976737537077,
2026-09-08,CL,SOL,4Y,,,,,,0.16427183073581075,0.14878914406388533,,-0.015482686671925427,
2026-09-08,CL,SOL,5Y,,,,,,0.16427183073581075,0.14986985083307536,,-0.014401979902735396,
2026-09-08,CL,SOL,6Y,,,,,,0.16427183073581075,0.15202095876873223,,-0.012250871967078525,
2026-09-08,CL,SOL,7Y,,,,,,0.16427183073581075,0.15180475313490294,,-0.012467077600907817,
2026-09-08,CL,SOL,8Y,,,,,,0.16427183073581075,0.15217567361806195,,-0.012096157117748807,
2026-09-08,CL,SOL,9Y,,,,,,0.16427183073581075,0.15260861338183807,,-0.011663217353972688,
2026-09-08,CL,SOL,10Y,,,,,,0.16427183073581075,0.15285211490657002,,-0.011419715829240729,
2026-09-08,CL,SONY,1D,,,,,,0.029932892731650573,0.1484530082115867,,0.11852011547993611,
2026-09-08,CL,SONY,1W,,,,,,0.029932892731650573,0.14845300821148477,,0.1185201154798342,
2026-09-08,CL,SONY,2W,,,,,,0.029932892731650573,0.1482730100886176,,0.11834011735696702,
2026-09-08,CL,SONY,1M,,,,,,0.029932892731650573,0.14797394144390807,,0.1180410487122575,
2026-09-08,CL,SONY,2M,,,,,,0.029932892731650573,0.14765365092773863,,0.11772075819608806,
2026-09-08,CL,SONY,3M,,,,,,0.029932892731650573,0.1475453167697678,,0.11761242403811721,
2026-09-08,CL,SONY,6M,,,,,,0.029932892731650573,0.1452012583667024,,0.11526836563505181,
2026-09-08,CL,SONY,9M,,,,,,0.029932892731650573,0.14451318545177405,,0.11458029272012347,
2026-09-08,CL,SONY,1Y,,,,,,0.029932892731650573,0.14273012189486312,,0.11279722916321254,
2026-09-08,CL,SONY,2Y,,,,,,0.029932892731650573,0.14457416799638012,,0.11464127526472954,
2026-09-08,CL,SONY,3Y,,,,,,0.029932892731650573,0.14569985399827368,,0.1157669612666231,
2026-09-08,CL,SONY,4Y,,,,,,0.029932892731650573,0.14878914406388533,,0.11885625133223475,
2026-09-08,CL,SONY,5Y,,,,,,0.029932892731650573,0.14986985083307536,,0.11993695810142478,
2026-09-08,CL,SONY,6Y,,,,,,0.029932892731650573,0.15202095876873223,,0.12208806603708165,
2026-09-08,CL,SONY,7Y,,,,,,0.029932892731650573,0.15180475313490294,,0.12187186040325236,
2026-09-08,CL,SONY,8Y,,,,,,0.029932892731650573,0.15217567361806195,,0.12224278088641137,
2026-09-08,CL,SONY,9Y,,,,,,0.029932892731650573,0.15260861338183807,,0.12267572065018749,
2026-09-08,CL,SONY,10Y,,,,,,0.029932892731650573,0.15285211490657002,,0.12291922217491945,
2026-09-08,CL,SOXQ,1D,,,,,,0.06064841200820009,0.1484530082115867,,0.0878045962033866,
2026-09-08,CL,SOXQ,1W,,,,,,0.06064841200820009,0.14845300821148477,,0.08780459620328468,
2026-09-08,CL,SOXQ,2W,,,,,,0.06064841200820009,0.1482730100886176,,0.0876245980804175,
2026-09-08,CL,SOXQ,1M,,,,,,0.06064841200820009,0.14797394144390807,,0.08732552943570798,
2026-09-08,CL,SOXQ,2M,,,,,,0.06064841200820009,0.14765365092773863,,0.08700523891953854,
2026-09-08,CL,SOXQ,3M,,,,,,0.06064841200820009,0.1475453167697678,,0.0868969047615677,
2026-09-08,CL,SOXQ,6M,,,,,,0.06064841200820009,0.1452012583667024,,0.0845528463585023,
2026-09-08,CL,SOXQ,9M,,,,,,0.06064841200820009,0.14451318545177405,,0.08386477344357396,
2026-09-08,CL,SOXQ,1Y,,,,,,0.06064841200820009,0.14273012189486312,,0.08208170988666302,
2026-09-08,CL,SOXQ,2Y,,,,,,0.06064841200820009,0.14457416799638012,,0.08392575598818003,
2026-09-08,CL,SOXQ,3Y,,,,,,0.06064841200820009,0.14569985399827368,,0.08505144199007358,
2026-09-08,CL,SOXQ,4Y,,,,,,0.06064841200820009,0.14878914406388533,,0.08814073205568523,
2026-09-08,CL,SOXQ,5Y,,,,,,0.06064841200820009,0.14986985083307536,,0.08922143882487527,
2026-09-08,CL,SOXQ,6Y,,,,,,0.06064841200820009,0.15202095876873223,,0.09137254676053214,
2026-09-08,CL,SOXQ,7Y,,,,,,0.06064841200820009,0.15180475313490294,,0.09115634112670284,
2026-09-08,CL,SOXQ,8Y,,,,,,0.06064841200820009,0.15217567361806195,,0.09152726160986185,
2026-09-08,CL,SOXQ,9Y,,,,,,0.06064841200820009,0.15260861338183807,,0.09196020137363797,
2026-09-08,CL,SOXQ,10Y,,,,,,0.06064841200820009,0.15285211490657002,,0.09220370289836993,
2026-09-08,CL,SP500F,1D,,,,,,-0.026148687171307822,0.1484530082115867,,0.17460169538289452,
2026-09-08,CL,SP500F,1W,,,,,,-0.026148687171307822,0.14845300821148477,,0.1746016953827926,
2026-09-08,CL,SP500F,2W,,,,,,-0.024796722987362123,0.1482730100886176,,0.17306973307597973,
2026-09-08,CL,SP500F,1M,,,,,,-0.019388866251579328,0.14797394144390807,,0.1673628076954874,
2026-09-08,CL,SP500F,2M,,,,,,-0.00924913487198659,0.14765365092773863,,0.15690278579972522,
2026-09-08,CL,SP500F,3M,,,,,,0.000890596507606152,0.1475453167697678,,0.14665472026216164,
2026-09-08,CL,SP500F,6M,,,,,,0.004685581007276127,0.1452012583667024,,0.14051567735942627,
2026-09-08,CL,SP500F,9M,,,,,,0.005368070339759863,0.14451318545177405,,0.1391451151120142,
2026-09-08,CL,SP500F,1Y,,,,,,0.00547986709364253,0.14273012189486312,,0.13725025480122058,
2026-09-08,CL,SP500F,2Y,,,,,,0.00547986709364253,0.14457416799638012,,0.13909430090273758,
2026-09-08,CL,SP500F,3Y,,,,,,0.00547986709364253,0.14569985399827368,,0.14021998690463114,
2026-09-08,CL,SP500F,4Y,,,,,,0.00547986709364253,0.14878914406388533,,0.1433092769702428,
2026-09-08,CL,SP500F,5Y,,,,,,0.00547986709364253,0.14986985083307536,,0.14438998373943282,
2026-09-08,CL,SP500F,6Y,,,,,,0.00547986709364253,0.15202095876873223,,0.1465410916750897,
2026-09-08,CL,SP500F,7Y,,,,,,0.00547986709364253,0.15180475313490294,,0.1463248860412604,
2026-09-08,CL,SP500F,8Y,,,,,,0.00547986709364253,0.15217567361806195,,0.1466958065244194,
2026-09-08,CL,SP500F,9Y,,,,,,0.00547986709364253,0.15260861338183807,,0.14712874628819553,
2026-09-08,CL,SP500F,10Y,,,,,,0.00547986709364253,0.15285211490657002,,0.1473722478129275,
2026-09-08,CL,SPBE,1D,,,,,,0.17208889564680485,0.1484530082115867,,-0.02363588743521816,
2026-09-08,CL,SPBE,1W,,,,,,0.17208889564680485,0.14845300821148477,,-0.02363588743532008,
2026-09-08,CL,SPBE,2W,,,,,,0.17043901214748108,0.1482730100886176,,-0.022166002058863488,
2026-09-08,CL,SPBE,1M,,,,,,0.16515938494964497,0.14797394144390807,,-0.01718544350573689,
2026-09-08,CL,SPBE,2M,,,,,,0.15526008395370228,0.14765365092773863,,-0.007606433025963644,
2026-09-08,CL,SPBE,3M,,,,,,0.1453607829577596,0.1475453167697678,,0.002184533812008199,
2026-09-08,CL,SPBE,6M,,,,,,0.14206101595911202,0.1452012583667024,,0.0031402424075903657,
2026-09-08,CL,SPBE,9M,,,,,,0.14206101595911202,0.14451318545177405,,0.0024521694926620263,
2026-09-08,CL,SPBE,1Y,,,,,,0.14206101595911202,0.14273012189486312,,0.0006691059357510909,
2026-09-08,CL,SPBE,2Y,,,,,,0.14206101595911202,0.14457416799638012,,0.002513152037268096,
2026-09-08,CL,SPBE,3Y,,,,,,0.14206101595911202,0.14569985399827368,,0.0036388380391616515,
2026-09-08,CL,SPBE,4Y,,,,,,0.14206101595911202,0.14878914406388533,,0.006728128104773301,
2026-09-08,CL,SPBE,5Y,,,,,,0.14206101595911202,0.14986985083307536,,0.007808834873963333,
2026-09-08,CL,SPBE,6Y,,,,,,0.14206101595911202,0.15202095876873223,,0.009959942809620204,
2026-09-08,CL,SPBE,7Y,,,,,,0.14206101595911202,0.15180475313490294,,0.009743737175790912,
2026-09-08,CL,SPBE,8Y,,,,,,0.14206101595911202,0.15217567361806195,,0.010114657658949922,
2026-09-08,CL,SPBE,9Y,,,,,,0.14206101595911202,0.15260861338183807,,0.01054759742272604,
2026-09-08,CL,SPBE,10Y,,,,,,0.14206101595911202,0.15285211490657002,,0.010791098947458,
2026-09-08,CL,SPYF,1D,,,,,,-0.026148687171307822,0.1484530082115867,,0.17460169538289452,
2026-09-08,CL,SPYF,1W,,,,,,-0.026148687171307822,0.14845300821148477,,0.1746016953827926,
2026-09-08,CL,SPYF,2W,,,,,,-0.024796722987362123,0.1482730100886176,,0.17306973307597973,
2026-09-08,CL,SPYF,1M,,,,,,-0.019388866251579328,0.14797394144390807,,0.1673628076954874,
2026-09-08,CL,SPYF,2M,,,,,,-0.00924913487198659,0.14765365092773863,,0.15690278579972522,
2026-09-08,CL,SPYF,3M,,,,,,0.000890596507606152,0.1475453167697678,,0.14665472026216164,
2026-09-08,CL,SPYF,6M,,,,,,0.004685581007276127,0.1452012583667024,,0.14051567735942627,
2026-09-08,CL,SPYF,9M,,,,,,0.005368070339759863,0.14451318545177405,,0.1391451151120142,
2026-09-08,CL,SPYF,1Y,,,,,,0.00547986709364253,0.14273012189486312,,0.13725025480122058,
2026-09-08,CL,SPYF,2Y,,,,,,0.00547986709364253,0.14457416799638012,,0.13909430090273758,
2026-09-08,CL,SPYF,3Y,,,,,,0.00547986709364253,0.14569985399827368,,0.14021998690463114,
2026-09-08,CL,SPYF,4Y,,,,,,0.00547986709364253,0.14878914406388533,,0.1433092769702428,
2026-09-08,CL,SPYF,5Y,,,,,,0.00547986709364253,0.14986985083307536,,0.14438998373943282,
2026-09-08,CL,SPYF,6Y,,,,,,0.00547986709364253,0.15202095876873223,,0.1465410916750897,
2026-09-08,CL,SPYF,7Y,,,,,,0.00547986709364253,0.15180475313490294,,0.1463248860412604,
2026-09-08,CL,SPYF,8Y,,,,,,0.00547986709364253,0.15217567361806195,,0.1466958065244194,
2026-09-08,CL,SPYF,9Y,,,,,,0.00547986709364253,0.15260861338183807,,0.14712874628819553,
2026-09-08,CL,SPYF,10Y,,,,,,0.00547986709364253,0.15285211490657002,,0.1473722478129275,
2026-09-08,CL,STOX,1D,,,,,,0.004459132211340677,0.1484530082115867,,0.14399387600024602,
2026-09-08,CL,STOX,1W,,,,,,0.004459132211340677,0.14845300821148477,,0.1439938760001441,
2026-09-08,CL,STOX,2W,,,,,,0.004459132211340677,0.1482730100886176,,0.14381387787727692,
2026-09-08,CL,STOX,1M,,,,,,0.004459132211340677,0.14797394144390807,,0.1435148092325674,
2026-09-08,CL,STOX,2M,,,,,,0.004459132211340677,0.14765365092773863,,0.14319451871639796,
2026-09-08,CL,STOX,3M,,,,,,0.004459132211340677,0.1475453167697678,,0.14308618455842712,
2026-09-08,CL,STOX,6M,,,,,,0.004459132211340677,0.1452012583667024,,0.14074212615536172,
2026-09-08,CL,STOX,9M,,,,,,0.004459132211340677,0.14451318545177405,,0.14005405324043338,
2026-09-08,CL,STOX,1Y,,,,,,0.004459132211340677,0.14273012189486312,,0.13827098968352244,
2026-09-08,CL,STOX,2Y,,,,,,0.004459132211340677,0.14457416799638012,,0.14011503578503945,
2026-09-08,CL,STOX,3Y,,,,,,0.004459132211340677,0.14569985399827368,,0.141240721786933,
2026-09-08,CL,STOX,4Y,,,,,,0.004459132211340677,0.14878914406388533,,0.14433001185254465,
2026-09-08,CL,STOX,5Y,,,,,,0.004459132211340677,0.14986985083307536,,0.14541071862173469,
2026-09-08,CL,STOX,6Y,,,,,,0.004459132211340677,0.15202095876873223,,0.14756182655739156,
2026-09-08,CL,STOX,7Y,,,,,,0.004459132211340677,0.15180475313490294,,0.14734562092356226,
2026-09-08,CL,STOX,8Y,,,,,,0.004459132211340677,0.15217567361806195,,0.14771654140672127,
2026-09-08,CL,STOX,9Y,,,,,,0.004459132211340677,0.15260861338183807,,0.1481494811704974,
2026-09-08,CL,STOX,10Y,,,,,,0.004459132211340677,0.15285211490657002,,0.14839298269522935,
2026-09-08,CL,SUGAR,1D,,,,,,1.2989807050009643,0.1484530082115867,,-1.1505276967893776,
2026-09-08,CL,SUGAR,1W,,,,,,1.2989807050009643,0.14845300821148477,,-1.1505276967894795,
2026-09-08,CL,SUGAR,2W,,,,,,1.2989807050009643,0.1482730100886176,,-1.1507076949123467,
2026-09-08,CL,SUGAR,1M,,,,,,1.2989807050009643,0.14797394144390807,,-1.1510067635570562,
2026-09-08,CL,SUGAR,2M,,,,,,-0.15198493483290634,0.14765365092773863,,0.29963858576064495,
2026-09-08,CL,SUGAR,3M,,,,,,-0.15198493483290634,0.1475453167697678,,0.2995302516026741,
2026-09-08,CL,SUGAR,6M,,,,,,-0.15198493483290634,0.1452012583667024,,0.2971861931996087,
2026-09-08,CL,SUGAR,9M,,,,,,-0.15198493483290634,0.14451318545177405,,0.29649812028468037,
2026-09-08,CL,SUGAR,1Y,,,,,,-0.15198493483290634,0.14273012189486312,,0.29471505672776943,
2026-09-08,CL,SUGAR,2Y,,,,,,-0.15198493483290634,0.14457416799638012,,0.29655910282928644,
2026-09-08,CL,SUGAR,3Y,,,,,,-0.15198493483290634,0.14569985399827368,,0.29768478883118,
2026-09-08,CL,SUGAR,4Y,,,,,,-0.15198493483290634,0.14878914406388533,,0.30077407889679164,
2026-09-08,CL,SUGAR,5Y,,,,,,-0.15198493483290634,0.14986985083307536,,0.3018547856659817,
2026-09-08,CL,SUGAR,6Y,,,,,,-0.15198493483290634,0.15202095876873223,,0.30400589360163854,
2026-09-08,CL,SUGAR,7Y,,,,,,-0.15198493483290634,0.15180475313490294,,0.30378968796780925,
2026-09-08,CL,SUGAR,8Y,,,,,,-0.15198493483290634,0.15217567361806195,,0.30416060845096826,
2026-09-08,CL,SUGAR,9Y,,,,,,-0.15198493483290634,0.15260861338183807,,0.3045935482147444,
2026-09-08,CL,SUGAR,10Y,,,,,,-0.15198493483290634,0.15285211490657002,,0.30483704973947634,
2026-09-08,CL,SUGR,1D,,,,,,0.3032495255387982,0.1484530082115867,,-0.1547965173272115,
2026-09-08,CL,SUGR,1W,,,,,,0.3032495255387982,0.14845300821148477,,-0.15479651732731342,
2026-09-08,CL,SUGR,2W,,,,,,0.3032495255387982,0.1482730100886176,,-0.1549765154501806,
2026-09-08,CL,SUGR,1M,,,,,,0.3032495255387982,0.14797394144390807,,-0.15527558409489012,
2026-09-08,CL,SUGR,2M,,,,,,0.3032495255387982,0.14765365092773863,,-0.15559587461105956,
2026-09-08,CL,SUGR,3M,,,,,,0.3032495255387982,0.1475453167697678,,-0.1557042087690304,
2026-09-08,CL,SUGR,6M,,,,,,0.3032495255387982,0.1452012583667024,,-0.1580482671720958,
2026-09-08,CL,SUGR,9M,,,,,,0.3032495255387982,0.14451318545177405,,-0.15873634008702414,
2026-09-08,CL,SUGR,1Y,,,,,,0.3032495255387982,0.14273012189486312,,-0.16051940364393508,
2026-09-08,CL,SUGR,2Y,,,,,,0.3032495255387982,0.14457416799638012,,-0.15867535754241807,
2026-09-08,CL,SUGR,3Y,,,,,,0.3032495255387982,0.14569985399827368,,-0.15754967154052452,
2026-09-08,CL,SUGR,4Y,,,,,,0.3032495255387982,0.14878914406388533,,-0.15446038147491287,
2026-09-08,CL,SUGR,5Y,,,,,,0.3032495255387982,0.14986985083307536,,-0.15337967470572283,
2026-09-08,CL,SUGR,6Y,,,,,,0.3032495255387982,0.15202095876873223,,-0.15122856677006596,
2026-09-08,CL,SUGR,7Y,,,,,,0.3032495255387982,0.15180475313490294,,-0.15144477240389526,
2026-09-08,CL,SUGR,8Y,,,,,,0.3032495255387982,0.15217567361806195,,-0.15107385192073625,
2026-09-08,CL,SUGR,9Y,,,,,,0.3032495255387982,0.15260861338183807,,-0.15064091215696013,
2026-09-08,CL,SUGR,10Y,,,,,,0.3032495255387982,0.15285211490657002,,-0.15039741063222817,
2026-09-08,CL,SVCB,1D,,,,,,0.14840633932232628,0.1484530082115867,,4.6668889260415014e-05,
2026-09-08,CL,SVCB,1W,,,,,,0.14840633932232628,0.14845300821148477,,4.666888915849654e-05,
2026-09-08,CL,SVCB,2W,,,,,,0.14869758010285578,0.1482730100886176,,-0.0004245700142381792,
2026-09-08,CL,SVCB,1M,,,,,,0.14962955060055014,0.14797394144390807,,-0.0016556091566420628,
2026-09-08,CL,SVCB,2M,,,,,,0.15137699528372708,0.14765365092773863,,-0.0037233443559884505,
2026-09-08,CL,SVCB,3M,,,,,,0.15312443996690403,0.1475453167697678,,-0.005579123197136243,
2026-09-08,CL,SVCB,6M,,,,,,0.153706921527963,0.1452012583667024,,-0.008505663161260613,
2026-09-08,CL,SVCB,9M,,,,,,0.153706921527963,0.14451318545177405,,-0.009193736076188952,
2026-09-08,CL,SVCB,1Y,,,,,,0.153706921527963,0.14273012189486312,,-0.010976799633099887,
2026-09-08,CL,SVCB,2Y,,,,,,0.153706921527963,0.14457416799638012,,-0.009132753531582882,
2026-09-08,CL,SVCB,3Y,,,,,,0.153706921527963,0.14569985399827368,,-0.008007067529689327,
2026-09-08,CL,SVCB,4Y,,,,,,0.153706921527963,0.14878914406388533,,-0.004917777464077677,
2026-09-08,CL,SVCB,5Y,,,,,,0.153706921527963,0.14986985083307536,,-0.0038370706948876454,
2026-09-08,CL,SVCB,6Y,,,,,,0.153706921527963,0.15202095876873223,,-0.0016859627592307747,
2026-09-08,CL,SVCB,7Y,,,,,,0.153706921527963,0.15180475313490294,,-0.0019021683930600664,
2026-09-08,CL,SVCB,8Y,,,,,,0.153706921527963,0.15217567361806195,,-0.0015312479099010567,
2026-09-08,CL,SVCB,9Y,,,,,,0.153706921527963,0.15260861338183807,,-0.0010983081461249378,
2026-09-08,CL,SVCB,10Y,,,,,,0.153706921527963,0.15285211490657002,,-0.0008548066213929784,
2026-09-08,CL,Si,1D,,,,,,0.04684171871572632,0.1484530082115867,,0.10161128949586037,
2026-09-08,CL,Si,1W,,,,,,0.04684171871572632,0.14845300821148477,,0.10161128949575846,
2026-09-08,CL,Si,2W,,,,,,0.04714209563951141,0.1482730100886176,,0.10113091444910619,
2026-09-08,CL,Si,1M,,,,,,0.04810330179562368,0.14797394144390807,,0.0998706396482844,
2026-09-08,CL,Si,2M,,,,,,0.049905563338334194,0.14765365092773863,,0.09774808758940444,
2026-09-08,CL,Si,3M,,,,,,0.0517078248810447,0.1475453167697678,,0.09583749188872309,
2026-09-08,CL,Si,6M,,,,,,0.061271975642744676,0.1452012583667024,,0.08392928272395772,
2026-09-08,CL,Si,9M,,,,,,0.06755173965364289,0.14451318545177405,,0.07696144579813116,
2026-09-08,CL,Si,1Y,,,,,,0.07371720544828243,0.14273012189486312,,0.06901291644658068,
2026-09-08,CL,Si,2Y,,,,,,0.08229581413607402,0.14457416799638012,,0.0622783538603061,
2026-09-08,CL,Si,3Y,,,,,,0.08229581413607402,0.14569985399827368,,0.06340403986219965,
2026-09-08,CL,Si,4Y,,,,,,0.08229581413607402,0.14878914406388533,,0.0664933299278113,
2026-09-08,CL,Si,5Y,,,,,,0.08229581413607402,0.14986985083307536,,0.06757403669700134,
2026-09-08,CL,Si,6Y,,,,,,0.08229581413607402,0.15202095876873223,,0.0697251446326582,
2026-09-08,CL,Si,7Y,,,,,,0.08229581413607402,0.15180475313490294,,0.06950893899882891,
2026-09-08,CL,Si,8Y,,,,,,0.08229581413607402,0.15217567361806195,,0.06987985948198792,
2026-09-08,CL,Si,9Y,,,,,,0.08229581413607402,0.15260861338183807,,0.07031279924576404,
2026-09-08,CL,Si,10Y,,,,,,0.08229581413607402,0.15285211490657002,,0.070556300770496,
2026-09-08,CL,T,1D,,,,,,0.17004450721256043,0.1484530082115867,,-0.021591499000973735,
2026-09-08,CL,T,1W,,,,,,0.17004450721256043,0.14845300821148477,,-0.021591499001075654,
2026-09-08,CL,T,2W,,,,,,0.16883332836457096,0.1482730100886176,,-0.020560318275953365,
2026-09-08,CL,T,1M,,,,,,0.1649575560510047,0.14797394144390807,,-0.01698361460709663,
2026-09-08,CL,T,2M,,,,,,0.15769048296306798,0.14765365092773863,,-0.010036832035329346,
2026-09-08,CL,T,3M,,,,,,0.15042340987513123,0.1475453167697678,,-0.0028780931053634384,
2026-09-08,CL,T,6M,,,,,,0.14800105217915233,0.1452012583667024,,-0.0027997938124499355,
2026-09-08,CL,T,9M,,,,,,0.14800105217915233,0.14451318545177405,,-0.003487866727378275,
2026-09-08,CL,T,1Y,,,,,,0.14800105217915233,0.14273012189486312,,-0.00527093028428921,
2026-09-08,CL,T,2Y,,,,,,0.14800105217915233,0.14457416799638012,,-0.003426884182772205,
2026-09-08,CL,T,3Y,,,,,,0.14800105217915233,0.14569985399827368,,-0.0023011981808786497,
2026-09-08,CL,T,4Y,,,,,,0.14800105217915233,0.14878914406388533,,0.0007880918847329998,
2026-09-08,CL,T,5Y,,,,,,0.14800105217915233,0.14986985083307536,,0.0018687986539230317,
2026-09-08,CL,T,6Y,,,,,,0.14800105217915233,0.15202095876873223,,0.0040199065895799024,
2026-09-08,CL,T,7Y,,,,,,0.14800105217915233,0.15180475313490294,,0.0038037009557506107,
2026-09-08,CL,T,8Y,,,,,,0.14800105217915233,0.15217567361806195,,0.00417462143890962,
2026-09-08,CL,T,9Y,,,,,,0.14800105217915233,0.15260861338183807,,0.004607561202685739,
2026-09-08,CL,T,10Y,,,,,,0.14800105217915233,0.15285211490657002,,0.004851062727417699,
2026-09-08,CL,TATN,1D,,,,,,0.09312416389197858,0.1484530082115867,,0.055328844319608106,
2026-09-08,CL,TATN,1W,,,,,,0.09312416389197858,0.14845300821148477,,0.05532884431950619,
2026-09-08,CL,TATN,2W,,,,,,0.096387720169395,0.1482730100886176,,0.0518852899192226,
2026-09-08,CL,TATN,1M,,,,,,0.1068311002571275,0.14797394144390807,,0.04114284118678058,
2026-09-08,CL,TATN,2M,,,,,,0.12641243792162593,0.14765365092773863,,0.021241213006112702,
2026-09-08,CL,TATN,3M,,,,,,0.14599377558612436,0.1475453167697678,,0.0015515411836434234,
2026-09-08,CL,TATN,6M,,,,,,0.15252088814095718,0.1452012583667024,,-0.007319629774254793,
2026-09-08,CL,TATN,9M,,,,,,0.15252088814095718,0.14451318545177405,,-0.008007702689183133,
2026-09-08,CL,TATN,1Y,,,,,,0.15252088814095718,0.14273012189486312,,-0.009790766246094068,
2026-09-08,CL,TATN,2Y,,,,,,0.15252088814095718,0.14457416799638012,,-0.007946720144577063,
2026-09-08,CL,TATN,3Y,,,,,,0.15252088814095718,0.14569985399827368,,-0.0068210341426835075,
2026-09-08,CL,TATN,4Y,,,,,,0.15252088814095718,0.14878914406388533,,-0.003731744077071858,
2026-09-08,CL,TATN,5Y,,,,,,0.15252088814095718,0.14986985083307536,,-0.002651037307881826,
2026-09-08,CL,TATN,6Y,,,,,,0.15252088814095718,0.15202095876873223,,-0.0004999293722249554,
2026-09-08,CL,TATN,7Y,,,,,,0.15252088814095718,0.15180475313490294,,-0.0007161350060542471,
2026-09-08,CL,TATN,8Y,,,,,,0.15252088814095718,0.15217567361806195,,-0.00034521452289523746,
2026-09-08,CL,TATN,9Y,,,,,,0.15252088814095718,0.15260861338183807,,8.772524088088152e-05,
2026-09-08,CL,TATN,10Y,,,,,,0.15252088814095718,0.15285211490657002,,0.0003312267656128409,
2026-09-08,CL,TATP,1D,,,,,,0.12018564438519189,0.1484530082115867,,0.028267363826394803,
2026-09-08,CL,TATP,1W,,,,,,0.12018564438519189,0.14845300821148477,,0.028267363826292885,
2026-09-08,CL,TATP,2W,,,,,,0.12132134169230538,0.1482730100886176,,0.026951668396312217,
2026-09-08,CL,TATP,1M,,,,,,0.12495557307506858,0.14797394144390807,,0.023018368368839498,
2026-09-08,CL,TATP,2M,,,,,,0.13176975691774956,0.14765365092773863,,0.015883894009989075,
2026-09-08,CL,TATP,3M,,,,,,0.13858394076043054,0.1475453167697678,,0.008961376009337246,
2026-09-08,CL,TATP,6M,,,,,,0.14085533537465753,0.1452012583667024,,0.004345922992044865,
2026-09-08,CL,TATP,9M,,,,,,0.14085533537465753,0.14451318545177405,,0.0036578500771165257,
2026-09-08,CL,TATP,1Y,,,,,,0.14085533537465753,0.14273012189486312,,0.0018747865202055902,
2026-09-08,CL,TATP,2Y,,,,,,0.14085533537465753,0.14457416799638012,,0.0037188326217225953,
2026-09-08,CL,TATP,3Y,,,,,,0.14085533537465753,0.14569985399827368,,0.004844518623616151,
2026-09-08,CL,TATP,4Y,,,,,,0.14085533537465753,0.14878914406388533,,0.0079338086892278,
2026-09-08,CL,TATP,5Y,,,,,,0.14085533537465753,0.14986985083307536,,0.009014515458417832,
2026-09-08,CL,TATP,6Y,,,,,,0.14085533537465753,0.15202095876873223,,0.011165623394074703,
2026-09-08,CL,TATP,7Y,,,,,,0.14085533537465753,0.15180475313490294,,0.010949417760245411,
2026-09-08,CL,TATP,8Y,,,,,,0.14085533537465753,0.15217567361806195,,0.01132033824340442,
2026-09-08,CL,TATP,9Y,,,,,,0.14085533537465753,0.15260861338183807,,0.01175327800718054,
2026-09-08,CL,TATP,10Y,,,,,,0.14085533537465753,0.15285211490657002,,0.0119967795319125,
2026-09-08,CL,TENCENT,1D,,,,,,0.08247946258432363,0.1484530082115867,,0.06597354562726306,
2026-09-08,CL,TENCENT,1W,,,,,,0.08247946258432363,0.14845300821148477,,0.06597354562716114,
2026-09-08,CL,TENCENT,2W,,,,,,0.08247946258432363,0.1482730100886176,,0.06579354750429396,
2026-09-08,CL,TENCENT,1M,,,,,,0.08247946258432363,0.14797394144390807,,0.06549447885958444,
2026-09-08,CL,TENCENT,2M,,,,,,0.08247946258432363,0.14765365092773863,,0.065174188343415,
2026-09-08,CL,TENCENT,3M,,,,,,0.08247946258432363,0.1475453167697678,,0.06506585418544415,
2026-09-08,CL,TENCENT,6M,,,,,,0.08247946258432363,0.1452012583667024,,0.06272179578237876,
2026-09-08,CL,TENCENT,9M,,,,,,0.08247946258432363,0.14451318545177405,,0.062033722867450417,
2026-09-08,CL,TENCENT,1Y,,,,,,0.08247946258432363,0.14273012189486312,,0.06025065931053948,
2026-09-08,CL,TENCENT,2Y,,,,,,0.08247946258432363,0.14457416799638012,,0.062094705412056486,
2026-09-08,CL,TENCENT,3Y,,,,,,0.08247946258432363,0.14569985399827368,,0.06322039141395004,
2026-09-08,CL,TENCENT,4Y,,,,,,0.08247946258432363,0.14878914406388533,,0.06630968147956169,
2026-09-08,CL,TENCENT,5Y,,,,,,0.08247946258432363,0.14986985083307536,,0.06739038824875172,
2026-09-08,CL,TENCENT,6Y,,,,,,0.08247946258432363,0.15202095876873223,,0.0695414961844086,
2026-09-08,CL,TENCENT,7Y,,,,,,0.08247946258432363,0.15180475313490294,,0.0693252905505793,
2026-09-08,CL,TENCENT,8Y,,,,,,0.08247946258432363,0.15217567361806195,,0.06969621103373831,
2026-09-08,CL,TENCENT,9Y,,,,,,0.08247946258432363,0.15260861338183807,,0.07012915079751443,
2026-09-08,CL,TENCENT,10Y,,,,,,0.08247946258432363,0.15285211490657002,,0.07037265232224639,
2026-09-08,CL,TLT,1D,,,,,,0.005853323200018626,0.1484530082115867,,0.14259968501156806,
2026-09-08,CL,TLT,1W,,,,,,0.005853323200018626,0.14845300821148477,,0.14259968501146614,
2026-09-08,CL,TLT,2W,,,,,,0.005853323200018626,0.1482730100886176,,0.14241968688859896,
2026-09-08,CL,TLT,1M,,,,,,0.005853323200018626,0.14797394144390807,,0.14212061824388944,
2026-09-08,CL,TLT,2M,,,,,,0.005853323200018626,0.14765365092773863,,0.14180032772772,
2026-09-08,CL,TLT,3M,,,,,,0.005853323200018626,0.1475453167697678,,0.14169199356974915,
2026-09-08,CL,TLT,6M,,,,,,0.005853323200018626,0.1452012583667024,,0.13934793516668376,
2026-09-08,CL,TLT,9M,,,,,,0.005853323200018626,0.14451318545177405,,0.13865986225175542,
2026-09-08,CL,TLT,1Y,,,,,,0.005853323200018626,0.14273012189486312,,0.13687679869484448,
2026-09-08,CL,TLT,2Y,,,,,,0.005853323200018626,0.14457416799638012,,0.1387208447963615,
2026-09-08,CL,TLT,3Y,,,,,,0.005853323200018626,0.14569985399827368,,0.13984653079825504,
2026-09-08,CL,TLT,4Y,,,,,,0.005853323200018626,0.14878914406388533,,0.1429358208638667,
2026-09-08,CL,TLT,5Y,,,,,,0.005853323200018626,0.14986985083307536,,0.14401652763305672,
2026-09-08,CL,TLT,6Y,,,,,,0.005853323200018626,0.15202095876873223,,0.1461676355687136,
2026-09-08,CL,TLT,7Y,,,,,,0.005853323200018626,0.15180475313490294,,0.1459514299348843,
2026-09-08,CL,TLT,8Y,,,,,,0.005853323200018626,0.15217567361806195,,0.1463223504180433,
2026-09-08,CL,TLT,9Y,,,,,,0.005853323200018626,0.15260861338183807,,0.14675529018181943,
2026-09-08,CL,TLT,10Y,,,,,,0.005853323200018626,0.15285211490657002,,0.1469987917065514,
2026-09-08,CL,TOYOTA,1D,,,,,,0.10698770324612024,0.1484530082115867,,0.04146530496546645,
2026-09-08,CL,TOYOTA,1W,,,,,,0.10698770324612024,0.14845300821148477,,0.04146530496536453,
2026-09-08,CL,TOYOTA,2W,,,,,,0.10698770324612024,0.1482730100886176,,0.04128530684249736,
2026-09-08,CL,TOYOTA,1M,,,,,,0.10698770324612024,0.14797394144390807,,0.040986238197787836,
2026-09-08,CL,TOYOTA,2M,,,,,,0.10698770324612024,0.14765365092773863,,0.040665947681618395,
2026-09-08,CL,TOYOTA,3M,,,,,,0.10698770324612024,0.1475453167697678,,0.04055761352364755,
2026-09-08,CL,TOYOTA,6M,,,,,,0.10698770324612024,0.1452012583667024,,0.03821355512058215,
2026-09-08,CL,TOYOTA,9M,,,,,,0.10698770324612024,0.14451318545177405,,0.03752548220565381,
2026-09-08,CL,TOYOTA,1Y,,,,,,0.10698770324612024,0.14273012189486312,,0.03574241864874288,
2026-09-08,CL,TOYOTA,2Y,,,,,,0.10698770324612024,0.14457416799638012,,0.03758646475025988,
2026-09-08,CL,TOYOTA,3Y,,,,,,0.10698770324612024,0.14569985399827368,,0.03871215075215344,
2026-09-08,CL,TOYOTA,4Y,,,,,,0.10698770324612024,0.14878914406388533,,0.04180144081776509,
2026-09-08,CL,TOYOTA,5Y,,,,,,0.10698770324612024,0.14986985083307536,,0.04288214758695512,
2026-09-08,CL,TOYOTA,6Y,,,,,,0.10698770324612024,0.15202095876873223,,0.04503325552261199,
2026-09-08,CL,TOYOTA,7Y,,,,,,0.10698770324612024,0.15180475313490294,,0.0448170498887827,
2026-09-08,CL,TOYOTA,8Y,,,,,,0.10698770324612024,0.15217567361806195,,0.04518797037194171,
2026-09-08,CL,TOYOTA,9Y,,,,,,0.10698770324612024,0.15260861338183807,,0.045620910135717826,
2026-09-08,CL,TOYOTA,10Y,,,,,,0.10698770324612024,0.15285211490657002,,0.045864411660449786,
2026-09-08,CL,TRNF,1D,,,,,,0.1531845279407854,0.1484530082115867,,-0.004731519729198719,
2026-09-08,CL,TRNF,1W,,,,,,0.1531845279407854,0.14845300821148477,,-0.004731519729300637,
2026-09-08,CL,TRNF,2W,,,,,,0.15258239921584393,0.1482730100886176,,-0.004309389127226337,
2026-09-08,CL,TRNF,1M,,,,,,0.1506555872960312,0.14797394144390807,,-0.0026816458521231323,
2026-09-08,CL,TRNF,2M,,,,,,0.14704281494638236,0.14765365092773863,,0.000610835981356278,
2026-09-08,CL,TRNF,3M,,,,,,0.1434300425967335,0.1475453167697678,,0.0041152741730342834,
2026-09-08,CL,TRNF,6M,,,,,,0.14222578514685055,0.1452012583667024,,0.0029754732198518374,
2026-09-08,CL,TRNF,9M,,,,,,0.14222578514685055,0.14451318545177405,,0.002287400304923498,
2026-09-08,CL,TRNF,1Y,,,,,,0.14222578514685055,0.14273012189486312,,0.0005043367480125627,
2026-09-08,CL,TRNF,2Y,,,,,,0.14222578514685055,0.14457416799638012,,0.0023483828495295678,
2026-09-08,CL,TRNF,3Y,,,,,,0.14222578514685055,0.14569985399827368,,0.0034740688514231233,
2026-09-08,CL,TRNF,4Y,,,,,,0.14222578514685055,0.14878914406388533,,0.006563358917034773,
2026-09-08,CL,TRNF,5Y,,,,,,0.14222578514685055,0.14986985083307536,,0.007644065686224805,
2026-09-08,CL,TRNF,6Y,,,,,,0.14222578514685055,0.15202095876873223,,0.009795173621881675,
2026-09-08,CL,TRNF,7Y,,,,,,0.14222578514685055,0.15180475313490294,,0.009578967988052384,
2026-09-08,CL,TRNF,8Y,,,,,,0.14222578514685055,0.15217567361806195,,0.009949888471211393,
2026-09-08,CL,TRNF,9Y,,,,,,0.14222578514685055,0.15260861338183807,,0.010382828234987512,
2026-09-08,CL,TRNF,10Y,,,,,,0.14222578514685055,0.15285211490657002,,0.010626329759719472,
2026-09-08,CL,TRX,1D,,,,,,0.08580712530022375,0.1484530082115867,,0.06264588291136294,
2026-09-08,CL,TRX,1W,,,,,,0.08580712530022375,0.14845300821148477,,0.06264588291126102,
2026-09-08,CL,TRX,2W,,,,,,0.08580712530022375,0.1482730100886176,,0.06246588478839385,
2026-09-08,CL,TRX,1M,,,,,,0.08580712530022375,0.14797394144390807,,0.06216681614368433,
2026-09-08,CL,TRX,2M,,,,,,0.041148701559046125,0.14765365092773863,,0.10650494936869251,
2026-09-08,CL,TRX,3M,,,,,,0.035789690710104814,0.1475453167697678,,0.11175562605966297,
2026-09-08,CL,TRX,6M,,,,,,0.035789690710104814,0.1452012583667024,,0.10941156765659757,
2026-09-08,CL,TRX,9M,,,,,,0.035789690710104814,0.14451318545177405,,0.10872349474166923,
2026-09-08,CL,TRX,1Y,,,,,,0.035789690710104814,0.14273012189486312,,0.1069404311847583,
2026-09-08,CL,TRX,2Y,,,,,,0.035789690710104814,0.14457416799638012,,0.1087844772862753,
2026-09-08,CL,TRX,3Y,,,,,,0.035789690710104814,0.14569985399827368,,0.10991016328816886,
2026-09-08,CL,TRX,4Y,,,,,,0.035789690710104814,0.14878914406388533,,0.1129994533537805,
2026-09-08,CL,TRX,5Y,,,,,,0.035789690710104814,0.14986985083307536,,0.11408016012297054,
2026-09-08,CL,TRX,6Y,,,,,,0.035789690710104814,0.15202095876873223,,0.11623126805862741,
2026-09-08,CL,TRX,7Y,,,,,,0.035789690710104814,0.15180475313490294,,0.11601506242479812,
2026-09-08,CL,TRX,8Y,,,,,,0.035789690710104814,0.15217567361806195,,0.11638598290795713,
2026-09-08,CL,TRX,9Y,,,,,,0.035789690710104814,0.15260861338183807,,0.11681892267173324,
2026-09-08,CL,TRX,10Y,,,,,,0.035789690710104814,0.15285211490657002,,0.1170624241964652,
2026-09-08,CL,TRY,1D,,,,,,-0.17172135469365649,0.1484530082115867,,0.32017436290524315,
2026-09-08,CL,TRY,1W,,,,,,-0.17172135469365649,0.14845300821148477,,0.32017436290514123,
2026-09-08,CL,TRY,2W,,,,,,-0.17172135469365649,0.1482730100886176,,0.31999436478227405,
2026-09-08,CL,TRY,1M,,,,,,-0.17172135469365649,0.14797394144390807,,0.31969529613756453,
2026-09-08,CL,TRY,2M,,,,,,-0.17172135469365649,0.14765365092773863,,0.3193750056213951,
2026-09-08,CL,TRY,3M,,,,,,-0.17172135469365649,0.1475453167697678,,0.31926667146342425,
2026-09-08,CL,TRY,6M,,,,,,-0.11172623536447301,0.1452012583667024,,0.2569274937311754,
2026-09-08,CL,TRY,9M,,,,,,-0.11037803043572732,0.14451318545177405,,0.25489121588750135,
2026-09-08,CL,TRY,1Y,,,,,,-0.11037803043572732,0.14273012189486312,,0.2531081523305904,
2026-09-08,CL,TRY,2Y,,,,,,-0.11037803043572732,0.14457416799638012,,0.2549521984321074,
2026-09-08,CL,TRY,3Y,,,,,,-0.11037803043572732,0.14569985399827368,,0.256077884434001,
2026-09-08,CL,TRY,4Y,,,,,,-0.11037803043572732,0.14878914406388533,,0.25916717449961263,
2026-09-08,CL,TRY,5Y,,,,,,-0.11037803043572732,0.14986985083307536,,0.26024788126880266,
2026-09-08,CL,TRY,6Y,,,,,,-0.11037803043572732,0.15202095876873223,,0.26239898920445953,
2026-09-08,CL,TRY,7Y,,,,,,-0.11037803043572732,0.15180475313490294,,0.26218278357063024,
2026-09-08,CL,TRY,8Y,,,,,,-0.11037803043572732,0.15217567361806195,,0.26255370405378925,
2026-09-08,CL,TRY,9Y,,,,,,-0.11037803043572732,0.15260861338183807,,0.26298664381756537,
2026-09-08,CL,TRY,10Y,,,,,,-0.11037803043572732,0.15285211490657002,,0.26323014534229733,
2026-09-08,CL,TSLAF,1D,,,,,,-0.0001657659088489344,0.1484530082115867,,0.14861877412043561,
2026-09-08,CL,TSLAF,1W,,,,,,-0.0001657659088489344,0.14845300821148477,,0.1486187741203337,
2026-09-08,CL,TSLAF,2W,,,,,,-0.0001657659088489344,0.1482730100886176,,0.14843877599746652,
2026-09-08,CL,TSLAF,1M,,,,,,-0.0001657659088489344,0.14797394144390807,,0.148139707352757,
2026-09-08,CL,TSLAF,2M,,,,,,-0.0001657659088489344,0.14765365092773863,,0.14781941683658756,
2026-09-08,CL,TSLAF,3M,,,,,,-0.0001657659088489344,0.1475453167697678,,0.1477110826786167,
2026-09-08,CL,TSLAF,6M,,,,,,-0.0001657659088489344,0.1452012583667024,,0.14536702427555132,
2026-09-08,CL,TSLAF,9M,,,,,,-0.0001657659088489344,0.14451318545177405,,0.14467895136062298,
2026-09-08,CL,TSLAF,1Y,,,,,,-0.0001657659088489344,0.14273012189486312,,0.14289588780371204,
2026-09-08,CL,TSLAF,2Y,,,,,,-0.0001657659088489344,0.14457416799638012,,0.14473993390522905,
2026-09-08,CL,TSLAF,3Y,,,,,,-0.0001657659088489344,0.14569985399827368,,0.1458656199071226,
2026-09-08,CL,TSLAF,4Y,,,,,,-0.0001657659088489344,0.14878914406388533,,0.14895490997273425,
2026-09-08,CL,TSLAF,5Y,,,,,,-0.0001657659088489344,0.14986985083307536,,0.15003561674192428,
2026-09-08,CL,TSLAF,6Y,,,,,,-0.0001657659088489344,0.15202095876873223,,0.15218672467758115,
2026-09-08,CL,TSLAF,7Y,,,,,,-0.0001657659088489344,0.15180475313490294,,0.15197051904375186,
2026-09-08,CL,TSLAF,8Y,,,,,,-0.0001657659088489344,0.15217567361806195,,0.15234143952691087,
2026-09-08,CL,TSLAF,9Y,,,,,,-0.0001657659088489344,0.15260861338183807,,0.152774379290687,
2026-09-08,CL,TSLAF,10Y,,,,,,-0.0001657659088489344,0.15285211490657002,,0.15301788081541895,
2026-09-08,CL,TSM,1D,,,,,,0.2176412209937518,0.1484530082115867,,-0.06918821278216511,
2026-09-08,CL,TSM,1W,,,,,,0.2176412209937518,0.14845300821148477,,-0.06918821278226703,
2026-09-08,CL,TSM,2W,,,,,,0.2176412209937518,0.1482730100886176,,-0.0693682109051342,
2026-09-08,CL,TSM,1M,,,,,,0.2176412209937518,0.14797394144390807,,-0.06966727954984372,
2026-09-08,CL,TSM,2M,,,,,,0.2176412209937518,0.14765365092773863,,-0.06998757006601317,
2026-09-08,CL,TSM,3M,,,,,,0.2176412209937518,0.1475453167697678,,-0.07009590422398401,
2026-09-08,CL,TSM,6M,,,,,,0.2176412209937518,0.1452012583667024,,-0.07243996262704941,
2026-09-08,CL,TSM,9M,,,,,,0.2176412209937518,0.14451318545177405,,-0.07312803554197775,
2026-09-08,CL,TSM,1Y,,,,,,0.2176412209937518,0.14273012189486312,,-0.07491109909888868,
2026-09-08,CL,TSM,2Y,,,,,,0.2176412209937518,0.14457416799638012,,-0.07306705299737168,
2026-09-08,CL,TSM,3Y,,,,,,0.2176412209937518,0.14569985399827368,,-0.07194136699547812,
2026-09-08,CL,TSM,4Y,,,,,,0.2176412209937518,0.14878914406388533,,-0.06885207692986647,
2026-09-08,CL,TSM,5Y,,,,,,0.2176412209937518,0.14986985083307536,,-0.06777137016067644,
2026-09-08,CL,TSM,6Y,,,,,,0.2176412209937518,0.15202095876873223,,-0.06562026222501957,
2026-09-08,CL,TSM,7Y,,,,,,0.2176412209937518,0.15180475313490294,,-0.06583646785884886,
2026-09-08,CL,TSM,8Y,,,,,,0.2176412209937518,0.15217567361806195,,-0.06546554737568985,
2026-09-08,CL,TSM,9Y,,,,,,0.2176412209937518,0.15260861338183807,,-0.06503260761191373,
2026-09-08,CL,TSM,10Y,,,,,,0.2176412209937518,0.15285211490657002,,-0.06478910608718177,
2026-09-08,CL,TTF,1D,,,,,,0.1782957267280201,0.1484530082115867,,-0.029842718516433414,
2026-09-08,CL,TTF,1W,,,,,,0.1782957267280201,0.14845300821148477,,-0.029842718516535333,
2026-09-08,CL,TTF,2W,,,,,,0.1782957267280201,0.1482730100886176,,-0.030022716639402508,
2026-09-08,CL,TTF,1M,,,,,,0.1782957267280201,0.14797394144390807,,-0.03032178528411203,
2026-09-08,CL,TTF,2M,,,,,,0.1782957267280201,0.14765365092773863,,-0.03064207580028147,
2026-09-08,CL,TTF,3M,,,,,,0.1782957267280201,0.1475453167697678,,-0.030750409958252317,
2026-09-08,CL,TTF,6M,,,,,,0.1782957267280201,0.1452012583667024,,-0.033094468361317714,
2026-09-08,CL,TTF,9M,,,,,,0.1782957267280201,0.14451318545177405,,-0.03378254127624605,
2026-09-08,CL,TTF,1Y,,,,,,0.1782957267280201,0.14273012189486312,,-0.03556560483315699,
2026-09-08,CL,TTF,2Y,,,,,,0.1782957267280201,0.14457416799638012,,-0.03372155873163998,
2026-09-08,CL,TTF,3Y,,,,,,0.1782957267280201,0.14569985399827368,,-0.03259587272974643,
2026-09-08,CL,TTF,4Y,,,,,,0.1782957267280201,0.14878914406388533,,-0.02950658266413478,
2026-09-08,CL,TTF,5Y,,,,,,0.1782957267280201,0.14986985083307536,,-0.028425875894944747,
2026-09-08,CL,TTF,6Y,,,,,,0.1782957267280201,0.15202095876873223,,-0.026274767959287876,
2026-09-08,CL,TTF,7Y,,,,,,0.1782957267280201,0.15180475313490294,,-0.026490973593117167,
2026-09-08,CL,TTF,8Y,,,,,,0.1782957267280201,0.15217567361806195,,-0.026120053109958158,
2026-09-08,CL,TTF,9Y,,,,,,0.1782957267280201,0.15260861338183807,,-0.02568711334618204,
2026-09-08,CL,TTF,10Y,,,,,,0.1782957267280201,0.15285211490657002,,-0.02544361182145008,
2026-09-08,CL,UCAD,1D,,,,,,0.0008717962021615432,0.1484530082115867,,0.14758121200942514,
2026-09-08,CL,UCAD,1W,,,,,,0.0008717962021615432,0.14845300821148477,,0.14758121200932323,
2026-09-08,CL,UCAD,2W,,,,,,0.0008717962021615432,0.1482730100886176,,0.14740121388645605,
2026-09-08,CL,UCAD,1M,,,,,,0.0008717962021615432,0.14797394144390807,,0.14710214524174653,
2026-09-08,CL,UCAD,2M,,,,,,0.0008717962021615432,0.14765365092773863,,0.1467818547255771,
2026-09-08,CL,UCAD,3M,,,,,,0.0008717962021615432,0.1475453167697678,,0.14667352056760624,
2026-09-08,CL,UCAD,6M,,,,,,0.0010137580754172168,0.1452012583667024,,0.1441875002912852,
2026-09-08,CL,UCAD,9M,,,,,,0.0010169482298724004,0.14451318545177405,,0.14349623722190166,
2026-09-08,CL,UCAD,1Y,,,,,,0.0010169482298724004,0.14273012189486312,,0.14171317366499073,
2026-09-08,CL,UCAD,2Y,,,,,,0.0010169482298724004,0.14457416799638012,,0.14355721976650773,
2026-09-08,CL,UCAD,3Y,,,,,,0.0010169482298724004,0.14569985399827368,,0.1446829057684013,
2026-09-08,CL,UCAD,4Y,,,,,,0.0010169482298724004,0.14878914406388533,,0.14777219583401294,
2026-09-08,CL,UCAD,5Y,,,,,,0.0010169482298724004,0.14986985083307536,,0.14885290260320297,
2026-09-08,CL,UCAD,6Y,,,,,,0.0010169482298724004,0.15202095876873223,,0.15100401053885984,
2026-09-08,CL,UCAD,7Y,,,,,,0.0010169482298724004,0.15180475313490294,,0.15078780490503055,
2026-09-08,CL,UCAD,8Y,,,,,,0.0010169482298724004,0.15217567361806195,,0.15115872538818956,
2026-09-08,CL,UCAD,9Y,,,,,,0.0010169482298724004,0.15260861338183807,,0.15159166515196568,
2026-09-08,CL,UCAD,10Y,,,,,,0.0010169482298724004,0.15285211490657002,,0.15183516667669764,
2026-09-08,CL,UCHF,1D,,,,,,-0.016376470304636157,0.1484530082115867,,0.16482947851622284,
2026-09-08,CL,UCHF,1W,,,,,,-0.016376470304636157,0.14845300821148477,,0.16482947851612093,
2026-09-08,CL,UCHF,2W,,,,,,-0.016376470304636157,0.1482730100886176,,0.16464948039325375,
2026-09-08,CL,UCHF,1M,,,,,,-0.016376470304636157,0.14797394144390807,,0.16435041174854423,
2026-09-08,CL,UCHF,2M,,,,,,-0.016376470304636157,0.14765365092773863,,0.1640301212323748,
2026-09-08,CL,UCHF,3M,,,,,,-0.016376470304636157,0.1475453167697678,,0.16392178707440394,
2026-09-08,CL,UCHF,6M,,,,,,-0.0203199174154111,0.1452012583667024,,0.1655211757821135,
2026-09-08,CL,UCHF,9M,,,,,,-0.02040853420441728,0.14451318545177405,,0.16492171965619135,
2026-09-08,CL,UCHF,1Y,,,,,,-0.02040853420441728,0.14273012189486312,,0.1631386560992804,
2026-09-08,CL,UCHF,2Y,,,,,,-0.02040853420441728,0.14457416799638012,,0.16498270220079742,
2026-09-08,CL,UCHF,3Y,,,,,,-0.02040853420441728,0.14569985399827368,,0.16610838820269097,
2026-09-08,CL,UCHF,4Y,,,,,,-0.02040853420441728,0.14878914406388533,,0.16919767826830262,
2026-09-08,CL,UCHF,5Y,,,,,,-0.02040853420441728,0.14986985083307536,,0.17027838503749265,
2026-09-08,CL,UCHF,6Y,,,,,,-0.02040853420441728,0.15202095876873223,,0.17242949297314952,
2026-09-08,CL,UCHF,7Y,,,,,,-0.02040853420441728,0.15180475313490294,,0.17221328733932023,
2026-09-08,CL,UCHF,8Y,,,,,,-0.02040853420441728,0.15217567361806195,,0.17258420782247924,
2026-09-08,CL,UCHF,9Y,,,,,,-0.02040853420441728,0.15260861338183807,,0.17301714758625536,
2026-09-08,CL,UCHF,10Y,,,,,,-0.02040853420441728,0.15285211490657002,,0.17326064911098732,
2026-09-08,CL,UCNY,1D,,,,,,-0.01799459730127115,0.1484530082115867,,0.16644760551285784,
2026-09-08,CL,UCNY,1W,,,,,,-0.01799459730127115,0.14845300821148477,,0.16644760551275592,
2026-09-08,CL,UCNY,2W,,,,,,-0.01799459730127115,0.1482730100886176,,0.16626760738988874,
2026-09-08,CL,UCNY,1M,,,,,,-0.01799459730127115,0.14797394144390807,,0.16596853874517922,
2026-09-08,CL,UCNY,2M,,,,,,-0.01799459730127115,0.14765365092773863,,0.16564824822900978,
2026-09-08,CL,UCNY,3M,,,,,,-0.01799459730127115,0.1475453167697678,,0.16553991407103893,
2026-09-08,CL,UCNY,6M,,,,,,-0.01419903623155781,0.1452012583667024,,0.1594002945982602,
2026-09-08,CL,UCNY,9M,,,,,,-0.011313942513549188,0.14451318545177405,,0.15582712796532325,
2026-09-08,CL,UCNY,1Y,,,,,,-0.09816377801948814,0.14273012189486312,,0.24089389991435126,
2026-09-08,CL,UCNY,2Y,,,,,,-0.09816377801948814,0.14457416799638012,,0.24273794601586826,
2026-09-08,CL,UCNY,3Y,,,,,,-0.09816377801948814,0.14569985399827368,,0.24386363201776182,
2026-09-08,CL,UCNY,4Y,,,,,,-0.09816377801948814,0.14878914406388533,,0.24695292208337347,
2026-09-08,CL,UCNY,5Y,,,,,,-0.09816377801948814,0.14986985083307536,,0.2480336288525635,
2026-09-08,CL,UCNY,6Y,,,,,,-0.09816377801948814,0.15202095876873223,,0.2501847367882204,
2026-09-08,CL,UCNY,7Y,,,,,,-0.09816377801948814,0.15180475313490294,,0.24996853115439108,
2026-09-08,CL,UCNY,8Y,,,,,,-0.09816377801948814,0.15217567361806195,,0.2503394516375501,
2026-09-08,CL,UCNY,9Y,,,,,,-0.09816377801948814,0.15260861338183807,,0.25077239140132623,
2026-09-08,CL,UCNY,10Y,,,,,,-0.09816377801948814,0.15285211490657002,,0.2510158929260582,
2026-09-08,CL,UINR,1D,,,,,,0.04182530108160623,0.1484530082115867,,0.10662770712998046,
2026-09-08,CL,UINR,1W,,,,,,0.04182530108160623,0.14845300821148477,,0.10662770712987854,
2026-09-08,CL,UINR,2W,,,,,,0.04182530108160623,0.1482730100886176,,0.10644770900701137,
2026-09-08,CL,UINR,1M,,,,,,0.04182530108160623,0.14797394144390807,,0.10614864036230184,
2026-09-08,CL,UINR,2M,,,,,,0.04182530108160623,0.14765365092773863,,0.1058283498461324,
2026-09-08,CL,UINR,3M,,,,,,0.04182530108160623,0.1475453167697678,,0.10572001568816156,
2026-09-08,CL,UINR,6M,,,,,,0.04182530108160623,0.1452012583667024,,0.10337595728509616,
2026-09-08,CL,UINR,9M,,,,,,0.04182530108160623,0.14451318545177405,,0.10268788437016782,
2026-09-08,CL,UINR,1Y,,,,,,0.04182530108160623,0.14273012189486312,,0.10090482081325688,
2026-09-08,CL,UINR,2Y,,,,,,0.04182530108160623,0.14457416799638012,,0.10274886691477389,
2026-09-08,CL,UINR,3Y,,,,,,0.04182530108160623,0.14569985399827368,,0.10387455291666745,
2026-09-08,CL,UINR,4Y,,,,,,0.04182530108160623,0.14878914406388533,,0.1069638429822791,
2026-09-08,CL,UINR,5Y,,,,,,0.04182530108160623,0.14986985083307536,,0.10804454975146913,
2026-09-08,CL,UINR,6Y,,,,,,0.04182530108160623,0.15202095876873223,,0.110195657687126,
2026-09-08,CL,UINR,7Y,,,,,,0.04182530108160623,0.15180475313490294,,0.1099794520532967,
2026-09-08,CL,UINR,8Y,,,,,,0.04182530108160623,0.15217567361806195,,0.11035037253645572,
2026-09-08,CL,UINR,9Y,,,,,,0.04182530108160623,0.15260861338183807,,0.11078331230023183,
2026-09-08,CL,UINR,10Y,,,,,,0.04182530108160623,0.15285211490657002,,0.1110268138249638,
2026-09-08,CL,UJPY,1D,,,,,,0.04804255749612776,0.1484530082115867,,0.10041045071545893,
2026-09-08,CL,UJPY,1W,,,,,,0.04804255749612776,0.14845300821148477,,0.10041045071535701,
2026-09-08,CL,UJPY,2W,,,,,,0.04804255749612776,0.1482730100886176,,0.10023045259248983,
2026-09-08,CL,UJPY,1M,,,,,,0.04804255749612776,0.14797394144390807,,0.09993138394778031,
2026-09-08,CL,UJPY,2M,,,,,,0.04804255749612776,0.14765365092773863,,0.09961109343161087,
2026-09-08,CL,UJPY,3M,,,,,,0.04804255749612776,0.1475453167697678,,0.09950275927364002,
2026-09-08,CL,UJPY,6M,,,,,,-0.013867675352805899,0.1452012583667024,,0.15906893371950828,
2026-09-08,CL,UJPY,9M,,,,,,-0.015258916540422397,0.14451318545177405,,0.15977210199219644,
2026-09-08,CL,UJPY,1Y,,,,,,-0.015258916540422397,0.14273012189486312,,0.1579890384352855,
2026-09-08,CL,UJPY,2Y,,,,,,-0.015258916540422397,0.14457416799638012,,0.1598330845368025,
2026-09-08,CL,UJPY,3Y,,,,,,-0.015258916540422397,0.14569985399827368,,0.16095877053869606,
2026-09-08,CL,UJPY,4Y,,,,,,-0.015258916540422397,0.14878914406388533,,0.1640480606043077,
2026-09-08,CL,UJPY,5Y,,,,,,-0.015258916540422397,0.14986985083307536,,0.16512876737349774,
2026-09-08,CL,UJPY,6Y,,,,,,-0.015258916540422397,0.15202095876873223,,0.1672798753091546,
2026-09-08,CL,UJPY,7Y,,,,,,-0.015258916540422397,0.15180475313490294,,0.16706366967532532,
2026-09-08,CL,UJPY,8Y,,,,,,-0.015258916540422397,0.15217567361806195,,0.16743459015848433,
2026-09-08,CL,UJPY,9Y,,,,,,-0.015258916540422397,0.15260861338183807,,0.16786752992226045,
2026-09-08,CL,UJPY,10Y,,,,,,-0.015258916540422397,0.15285211490657002,,0.1681110314469924,
2026-09-08,CL,UKZT,1D,,,,,,0.08819208023369252,0.1484530082115867,,0.060260927977894174,
2026-09-08,CL,UKZT,1W,,,,,,0.08819208023369252,0.14845300821148477,,0.060260927977792256,
2026-09-08,CL,UKZT,2W,,,,,,0.08819208023369252,0.1482730100886176,,0.06008092985492508,
2026-09-08,CL,UKZT,1M,,,,,,0.08819208023369252,0.14797394144390807,,0.05978186121021556,
2026-09-08,CL,UKZT,2M,,,,,,0.08819208023369252,0.14765365092773863,,0.05946157069404612,
2026-09-08,CL,UKZT,3M,,,,,,0.08819208023369252,0.1475453167697678,,0.05935323653607527,
2026-09-08,CL,UKZT,6M,,,,,,0.08726418821486613,0.1452012583667024,,0.05793707015183626,
2026-09-08,CL,UKZT,9M,,,,,,0.08724333670882509,0.14451318545177405,,0.057269848742948964,
2026-09-08,CL,UKZT,1Y,,,,,,0.08724333670882509,0.14273012189486312,,0.05548678518603803,
2026-09-08,CL,UKZT,2Y,,,,,,0.08724333670882509,0.14457416799638012,,0.057330831287555034,
2026-09-08,CL,UKZT,3Y,,,,,,0.08724333670882509,0.14569985399827368,,0.05845651728944859,
2026-09-08,CL,UKZT,4Y,,,,,,0.08724333670882509,0.14878914406388533,,0.06154580735506024,
2026-09-08,CL,UKZT,5Y,,,,,,0.08724333670882509,0.14986985083307536,,0.06262651412425027,
2026-09-08,CL,UKZT,6Y,,,,,,0.08724333670882509,0.15202095876873223,,0.06477762205990714,
2026-09-08,CL,UKZT,7Y,,,,,,0.08724333670882509,0.15180475313490294,,0.06456141642607785,
2026-09-08,CL,UKZT,8Y,,,,,,0.08724333670882509,0.15217567361806195,,0.06493233690923686,
2026-09-08,CL,UKZT,9Y,,,,,,0.08724333670882509,0.15260861338183807,,0.06536527667301298,
2026-09-08,CL,UKZT,10Y,,,,,,0.08724333670882509,0.15285211490657002,,0.06560877819774494,
2026-09-08,CL,UPRO,1D,,,,,,0.2221575653131893,0.1484530082115867,,-0.07370455710160262,
2026-09-08,CL,UPRO,1W,,,,,,0.2221575653131893,0.14845300821148477,,-0.07370455710170454,
2026-09-08,CL,UPRO,2W,,,,,,0.2180474256047791,0.1482730100886176,,-0.06977441551616151,
2026-09-08,CL,UPRO,1M,,,,,,0.20489497853786648,0.14797394144390807,,-0.056921037093958404,
2026-09-08,CL,UPRO,2M,,,,,,0.18023414028740528,0.14765365092773863,,-0.03258048935966665,
2026-09-08,CL,UPRO,3M,,,,,,0.15557330203694408,0.1475453167697678,,-0.008027985267176296,
2026-09-08,CL,UPRO,6M,,,,,,0.1473530226201237,0.1452012583667024,,-0.002151764253421312,
2026-09-08,CL,UPRO,9M,,,,,,0.1473530226201237,0.14451318545177405,,-0.0028398371683496515,
2026-09-08,CL,UPRO,1Y,,,,,,0.1473530226201237,0.14273012189486312,,-0.004622900725260587,
2026-09-08,CL,UPRO,2Y,,,,,,0.1473530226201237,0.14457416799638012,,-0.002778854623743582,
2026-09-08,CL,UPRO,3Y,,,,,,0.1473530226201237,0.14569985399827368,,-0.0016531686218500263,
2026-09-08,CL,UPRO,4Y,,,,,,0.1473530226201237,0.14878914406388533,,0.0014361214437616232,
2026-09-08,CL,UPRO,5Y,,,,,,0.1473530226201237,0.14986985083307536,,0.002516828212951655,
2026-09-08,CL,UPRO,6Y,,,,,,0.1473530226201237,0.15202095876873223,,0.004667936148608526,
2026-09-08,CL,UPRO,7Y,,,,,,0.1473530226201237,0.15180475313490294,,0.004451730514779234,
2026-09-08,CL,UPRO,8Y,,,,,,0.1473530226201237,0.15217567361806195,,0.004822650997938244,
2026-09-08,CL,UPRO,9Y,,,,,,0.1473530226201237,0.15260861338183807,,0.005255590761714363,
2026-09-08,CL,UPRO,10Y,,,,,,0.1473530226201237,0.15285211490657002,,0.005499092286446322,
2026-09-08,CL,USDM,1D,,,,,,0.04684171871572632,0.1484530082115867,,0.10161128949586037,
2026-09-08,CL,USDM,1W,,,,,,0.04684171871572632,0.14845300821148477,,0.10161128949575846,
2026-09-08,CL,USDM,2W,,,,,,0.047190068785293325,0.1482730100886176,,0.10108294130332426,
2026-09-08,CL,USDM,1M,,,,,,0.048304789007907724,0.14797394144390807,,0.09966915243600036,
2026-09-08,CL,USDM,2M,,,,,,0.05039488942530972,0.14765365092773863,,0.0972587615024289,
2026-09-08,CL,USDM,3M,,,,,,0.05248498984271172,0.1475453167697678,,0.09506032692705607,
2026-09-08,CL,USDM,6M,,,,,,0.05318168998184572,0.1452012583667024,,0.09201956838485667,
2026-09-08,CL,USDM,9M,,,,,,0.05318168998184572,0.14451318545177405,,0.09133149546992833,
2026-09-08,CL,USDM,1Y,,,,,,0.05318168998184572,0.14273012189486312,,0.0895484319130174,
2026-09-08,CL,USDM,2Y,,,,,,0.05318168998184572,0.14457416799638012,,0.0913924780145344,
2026-09-08,CL,USDM,3Y,,,,,,0.05318168998184572,0.14569985399827368,,0.09251816401642796,
2026-09-08,CL,USDM,4Y,,,,,,0.05318168998184572,0.14878914406388533,,0.0956074540820396,
2026-09-08,CL,USDM,5Y,,,,,,0.05318168998184572,0.14986985083307536,,0.09668816085122964,
2026-09-08,CL,USDM,6Y,,,,,,0.05318168998184572,0.15202095876873223,,0.09883926878688651,
2026-09-08,CL,USDM,7Y,,,,,,0.05318168998184572,0.15180475313490294,,0.09862306315305722,
2026-09-08,CL,USDM,8Y,,,,,,0.05318168998184572,0.15217567361806195,,0.09899398363621623,
2026-09-08,CL,USDM,9Y,,,,,,0.05318168998184572,0.15260861338183807,,0.09942692339999235,
2026-09-08,CL,USDM,10Y,,,,,,0.05318168998184572,0.15285211490657002,,0.0996704249247243,
2026-09-08,CL,USDRUBTOM,1D,,,,,,0.04684171871572632,0.1484530082115867,,0.10161128949586037,
2026-09-08,CL,USDRUBTOM,1W,,,,,,0.04684171871572632,0.14845300821148477,,0.10161128949575846,
2026-09-08,CL,USDRUBTOM,2W,,,,,,0.04714209563951141,0.1482730100886176,,0.10113091444910619,
2026-09-08,CL,USDRUBTOM,1M,,,,,,0.04810330179562368,0.14797394144390807,,0.0998706396482844,
2026-09-08,CL,USDRUBTOM,2M,,,,,,0.049905563338334194,0.14765365092773863,,0.09774808758940444,
2026-09-08,CL,USDRUBTOM,3M,,,,,,0.0517078248810447,0.1475453167697678,,0.09583749188872309,
2026-09-08,CL,USDRUBTOM,6M,,,,,,0.061271975642744676,0.1452012583667024,,0.08392928272395772,
2026-09-08,CL,USDRUBTOM,9M,,,,,,0.06755173965364289,0.14451318545177405,,0.07696144579813116,
2026-09-08,CL,USDRUBTOM,1Y,,,,,,0.07371720544828243,0.14273012189486312,,0.06901291644658068,
2026-09-08,CL,USDRUBTOM,2Y,,,,,,0.08229581413607402,0.14457416799638012,,0.0622783538603061,
2026-09-08,CL,USDRUBTOM,3Y,,,,,,0.08229581413607402,0.14569985399827368,,0.06340403986219965,
2026-09-08,CL,USDRUBTOM,4Y,,,,,,0.08229581413607402,0.14878914406388533,,0.0664933299278113,
2026-09-08,CL,USDRUBTOM,5Y,,,,,,0.08229581413607402,0.14986985083307536,,0.06757403669700134,
2026-09-08,CL,USDRUBTOM,6Y,,,,,,0.08229581413607402,0.15202095876873223,,0.0697251446326582,
2026-09-08,CL,USDRUBTOM,7Y,,,,,,0.08229581413607402,0.15180475313490294,,0.06950893899882891,
2026-09-08,CL,USDRUBTOM,8Y,,,,,,0.08229581413607402,0.15217567361806195,,0.06987985948198792,
2026-09-08,CL,USDRUBTOM,9Y,,,,,,0.08229581413607402,0.15260861338183807,,0.07031279924576404,
2026-09-08,CL,USDRUBTOM,10Y,,,,,,0.08229581413607402,0.15285211490657002,,0.070556300770496,
2026-09-08,CL,UTRY,1D,,,,,,0.0971367667233441,0.1484530082115867,,0.051316241488242584,
2026-09-08,CL,UTRY,1W,,,,,,0.0971367667233441,0.14845300821148477,,0.051316241488140665,
2026-09-08,CL,UTRY,2W,,,,,,0.0971367667233441,0.1482730100886176,,0.05113624336527349,
2026-09-08,CL,UTRY,1M,,,,,,0.0971367667233441,0.14797394144390807,,0.05083717472056397,
2026-09-08,CL,UTRY,2M,,,,,,0.0971367667233441,0.14765365092773863,,0.05051688420439453,
2026-09-08,CL,UTRY,3M,,,,,,0.0971367667233441,0.1475453167697678,,0.05040855004642368,
2026-09-08,CL,UTRY,6M,,,,,,0.09302726368233873,0.1452012583667024,,0.052173994684363664,
2026-09-08,CL,UTRY,9M,,,,,,0.09293491529939478,0.14451318545177405,,0.05157827015237927,
2026-09-08,CL,UTRY,1Y,,,,,,0.09293491529939478,0.14273012189486312,,0.049795206595468336,
2026-09-08,CL,UTRY,2Y,,,,,,0.09293491529939478,0.14457416799638012,,0.05163925269698534,
2026-09-08,CL,UTRY,3Y,,,,,,0.09293491529939478,0.14569985399827368,,0.0527649386988789,
2026-09-08,CL,UTRY,4Y,,,,,,0.09293491529939478,0.14878914406388533,,0.055854228764490546,
2026-09-08,CL,UTRY,5Y,,,,,,0.09293491529939478,0.14986985083307536,,0.05693493553368058,
2026-09-08,CL,UTRY,6Y,,,,,,0.09293491529939478,0.15202095876873223,,0.05908604346933745,
2026-09-08,CL,UTRY,7Y,,,,,,0.09293491529939478,0.15180475313490294,,0.05886983783550816,
2026-09-08,CL,UTRY,8Y,,,,,,0.09293491529939478,0.15217567361806195,,0.05924075831866717,
2026-09-08,CL,UTRY,9Y,,,,,,0.09293491529939478,0.15260861338183807,,0.059673698082443286,
2026-09-08,CL,UTRY,10Y,,,,,,0.09293491529939478,0.15285211490657002,,0.059917199607175245,
2026-09-08,CL,VKCO,1D,,,,,,0.11816403318325427,0.1484530082115867,,0.030288975028332416,
2026-09-08,CL,VKCO,1W,,,,,,0.11816403318325427,0.14845300821148477,,0.030288975028230497,
2026-09-08,CL,VKCO,2W,,,,,,0.11913810565448009,0.1482730100886176,,0.029134904434137507,
2026-09-08,CL,VKCO,1M,,,,,,0.12225513756240271,0.14797394144390807,,0.025718803881505367,
2026-09-08,CL,VKCO,2M,,,,,,0.1280995723897576,0.14765365092773863,,0.019554078537981023,
2026-09-08,CL,VKCO,3M,,,,,,0.13394400721711253,0.1475453167697678,,0.01360130955265526,
2026-09-08,CL,VKCO,6M,,,,,,0.13589215215956416,0.1452012583667024,,0.009309106207138235,
2026-09-08,CL,VKCO,9M,,,,,,0.13589215215956416,0.14451318545177405,,0.008621033292209895,
2026-09-08,CL,VKCO,1Y,,,,,,0.13589215215956416,0.14273012189486312,,0.00683796973529896,
2026-09-08,CL,VKCO,2Y,,,,,,0.13589215215956416,0.14457416799638012,,0.008682015836815965,
2026-09-08,CL,VKCO,3Y,,,,,,0.13589215215956416,0.14569985399827368,,0.00980770183870952,
2026-09-08,CL,VKCO,4Y,,,,,,0.13589215215956416,0.14878914406388533,,0.01289699190432117,
2026-09-08,CL,VKCO,5Y,,,,,,0.13589215215956416,0.14986985083307536,,0.013977698673511202,
2026-09-08,CL,VKCO,6Y,,,,,,0.13589215215956416,0.15202095876873223,,0.016128806609168073,
2026-09-08,CL,VKCO,7Y,,,,,,0.13589215215956416,0.15180475313490294,,0.01591260097533878,
2026-09-08,CL,VKCO,8Y,,,,,,0.13589215215956416,0.15217567361806195,,0.01628352145849779,
2026-09-08,CL,VKCO,9Y,,,,,,0.13589215215956416,0.15260861338183807,,0.01671646122227391,
2026-09-08,CL,VKCO,10Y,,,,,,0.13589215215956416,0.15285211490657002,,0.01695996274700587,
2026-09-08,CL,VTBR,1D,,,,,,0.14731983612838573,0.1484530082115867,,0.0011331720832009617,
2026-09-08,CL,VTBR,1W,,,,,,0.14731983612838573,0.14845300821148477,,0.0011331720830990433,
2026-09-08,CL,VTBR,2W,,,,,,0.14691218849732574,0.1482730100886176,,0.0013608215912918609,
2026-09-08,CL,VTBR,1M,,,,,,0.14560771607793374,0.14797394144390807,,0.0023662253659743337,
2026-09-08,CL,VTBR,2M,,,,,,0.14316183029157373,0.14765365092773863,,0.004491820636164906,
2026-09-08,CL,VTBR,3M,,,,,,0.14071594450521374,0.1475453167697678,,0.0068293722645540456,
2026-09-08,CL,VTBR,6M,,,,,,0.13990064924309373,0.1452012583667024,,0.005300609123608663,
2026-09-08,CL,VTBR,9M,,,,,,0.13990064924309373,0.14451318545177405,,0.0046125362086803234,
2026-09-08,CL,VTBR,1Y,,,,,,0.13990064924309373,0.14273012189486312,,0.002829472651769388,
2026-09-08,CL,VTBR,2Y,,,,,,0.13990064924309373,0.14457416799638012,,0.004673518753286393,
2026-09-08,CL,VTBR,3Y,,,,,,0.13990064924309373,0.14569985399827368,,0.005799204755179949,
2026-09-08,CL,VTBR,4Y,,,,,,0.13990064924309373,0.14878914406388533,,0.008888494820791598,
2026-09-08,CL,VTBR,5Y,,,,,,0.13990064924309373,0.14986985083307536,,0.00996920158998163,
2026-09-08,CL,VTBR,6Y,,,,,,0.13990064924309373,0.15202095876873223,,0.0121203095256385,
2026-09-08,CL,VTBR,7Y,,,,,,0.13990064924309373,0.15180475313490294,,0.011904103891809209,
2026-09-08,CL,VTBR,8Y,,,,,,0.13990064924309373,0.15217567361806195,,0.012275024374968219,
2026-09-08,CL,VTBR,9Y,,,,,,0.13990064924309373,0.15260861338183807,,0.012707964138744338,
2026-09-08,CL,VTBR,10Y,,,,,,0.13990064924309373,0.15285211490657002,,0.012951465663476297,
2026-09-08,CL,WHEAT,1D,,,,,,1.275114384291674,0.1484530082115867,,-1.1266613760800872,
2026-09-08,CL,WHEAT,1W,,,,,,1.275114384291674,0.14845300821148477,,-1.1266613760801891,
2026-09-08,CL,WHEAT,2W,,,,,,1.275114384291674,0.1482730100886176,,-1.1268413742030563,
2026-09-08,CL,WHEAT,1M,,,,,,1.275114384291674,0.14797394144390807,,-1.1271404428477658,
2026-09-08,CL,WHEAT,2M,,,,,,1.0945795943672723,0.14765365092773863,,-0.9469259434395336,
2026-09-08,CL,WHEAT,3M,,,,,,0.997668931556709,0.1475453167697678,,-0.8501236147869412,
2026-09-08,CL,WHEAT,6M,,,,,,0.8499742708905901,0.1452012583667024,,-0.7047730125238877,
2026-09-08,CL,WHEAT,9M,,,,,,0.6442559742414774,0.14451318545177405,,-0.49974278878970335,
2026-09-08,CL,WHEAT,1Y,,,,,,0.5362901190560219,0.14273012189486312,,-0.39355999716115875,
2026-09-08,CL,WHEAT,2Y,,,,,,0.5362901190560219,0.14457416799638012,,-0.39171595105964174,
2026-09-08,CL,WHEAT,3Y,,,,,,0.5362901190560219,0.14569985399827368,,-0.3905902650577482,
2026-09-08,CL,WHEAT,4Y,,,,,,0.5362901190560219,0.14878914406388533,,-0.38750097499213654,
2026-09-08,CL,WHEAT,5Y,,,,,,0.5362901190560219,0.14986985083307536,,-0.3864202682229465,
2026-09-08,CL,WHEAT,6Y,,,,,,0.5362901190560219,0.15202095876873223,,-0.38426916028728964,
2026-09-08,CL,WHEAT,7Y,,,,,,0.5362901190560219,0.15180475313490294,,-0.3844853659211189,
2026-09-08,CL,WHEAT,8Y,,,,,,0.5362901190560219,0.15217567361806195,,-0.3841144454379599,
2026-09-08,CL,WHEAT,9Y,,,,,,0.5362901190560219,0.15260861338183807,,-0.3836815056741838,
2026-09-08,CL,WHEAT,10Y,,,,,,0.5362901190560219,0.15285211490657002,,-0.38343800414945184,
2026-09-08,CL,WTI,1D,,,,,,-0.2443962526448915,0.1484530082115867,,0.3928492608564782,
2026-09-08,CL,WTI,1W,,,,,,-0.2443962526448915,0.14845300821148477,,0.3928492608563763,
2026-09-08,CL,WTI,2W,,,,,,-0.2443962526448915,0.1482730100886176,,0.3926692627335091,
2026-09-08,CL,WTI,1M,,,,,,-0.24691778809338394,0.14797394144390807,,0.394891729537292,
2026-09-08,CL,WTI,2M,,,,,,-0.28353814036957115,0.14765365092773863,,0.4311917912973098,
2026-09-08,CL,WTI,3M,,,,,,-0.2852807885609797,0.1475453167697678,,0.4328261053307475,
2026-09-08,CL,WTI,6M,,,,,,-0.2798781940918004,0.1452012583667024,,0.4250794524585028,
2026-09-08,CL,WTI,9M,,,,,,-0.2798781940918004,0.14451318545177405,,0.4243913795435745,
2026-09-08,CL,WTI,1Y,,,,,,-0.2798781940918004,0.14273012189486312,,0.42260831598666354,
2026-09-08,CL,WTI,2Y,,,,,,-0.2798781940918004,0.14457416799638012,,0.42445236208818055,
2026-09-08,CL,WTI,3Y,,,,,,-0.2798781940918004,0.14569985399827368,,0.4255780480900741,
2026-09-08,CL,WTI,4Y,,,,,,-0.2798781940918004,0.14878914406388533,,0.42866733815568575,
2026-09-08,CL,WTI,5Y,,,,,,-0.2798781940918004,0.14986985083307536,,0.4297480449248758,
2026-09-08,CL,WTI,6Y,,,,,,-0.2798781940918004,0.15202095876873223,,0.43189915286053265,
2026-09-08,CL,WTI,7Y,,,,,,-0.2798781940918004,0.15180475313490294,,0.43168294722670336,
2026-09-08,CL,WTI,8Y,,,,,,-0.2798781940918004,0.15217567361806195,,0.43205386770986237,
2026-09-08,CL,WTI,9Y,,,,,,-0.2798781940918004,0.15260861338183807,,0.4324868074736385,
2026-09-08,CL,WTI,10Y,,,,,,-0.2798781940918004,0.15285211490657002,,0.43273030899837045,
2026-09-08,CL,WUSH,1D,,,,,,0.1940460905575258,0.1484530082115867,,-0.04559308234593912,
2026-09-08,CL,WUSH,1W,,,,,,0.1940460905575258,0.14845300821148477,,-0.045593082346041036,
2026-09-08,CL,WUSH,2W,,,,,,0.19093520633147834,0.1482730100886176,,-0.042662196242860745,
2026-09-08,CL,WUSH,1M,,,,,,0.18098037680812643,0.14797394144390807,,-0.03300643536421835,
2026-09-08,CL,WUSH,2M,,,,,,0.1623150714518416,0.14765365092773863,,-0.014661420524102964,
2026-09-08,CL,WUSH,3M,,,,,,0.14364976609555677,0.1475453167697678,,0.003895550674211018,
2026-09-08,CL,WUSH,6M,,,,,,0.13742799764346184,0.1452012583667024,,0.007773260723240555,
2026-09-08,CL,WUSH,9M,,,,,,0.13742799764346184,0.14451318545177405,,0.0070851878083122155,
2026-09-08,CL,WUSH,1Y,,,,,,0.13742799764346184,0.14273012189486312,,0.00530212425140128,
2026-09-08,CL,WUSH,2Y,,,,,,0.13742799764346184,0.14457416799638012,,0.007146170352918285,
2026-09-08,CL,WUSH,3Y,,,,,,0.13742799764346184,0.14569985399827368,,0.00827185635481184,
2026-09-08,CL,WUSH,4Y,,,,,,0.13742799764346184,0.14878914406388533,,0.01136114642042349,
2026-09-08,CL,WUSH,5Y,,,,,,0.13742799764346184,0.14986985083307536,,0.012441853189613522,
2026-09-08,CL,WUSH,6Y,,,,,,0.13742799764346184,0.15202095876873223,,0.014592961125270393,
2026-09-08,CL,WUSH,7Y,,,,,,0.13742799764346184,0.15180475313490294,,0.014376755491441101,
2026-09-08,CL,WUSH,8Y,,,,,,0.13742799764346184,0.15217567361806195,,0.01474767597460011,
2026-09-08,CL,WUSH,9Y,,,,,,0.13742799764346184,0.15260861338183807,,0.01518061573837623,
2026-09-08,CL,WUSH,10Y,,,,,,0.13742799764346184,0.15285211490657002,,0.015424117263108189,
2026-09-08,CL,X5,1D,,,,,,0.14598443624551993,0.1484530082115867,,0.002468571966066757,
2026-09-08,CL,X5,1W,,,,,,0.14598443624551993,0.14845300821148477,,0.0024685719659648386,
2026-09-08,CL,X5,2W,,,,,,0.14587179429498234,0.1482730100886176,,0.002401215793635253,
2026-09-08,CL,X5,1M,,,,,,0.14551134005326202,0.14797394144390807,,0.002462601390646052,
2026-09-08,CL,X5,2M,,,,,,0.14483548835003643,0.14765365092773863,,0.0028181625777022046,
2026-09-08,CL,X5,3M,,,,,,0.14415963664681086,0.1475453167697678,,0.0033856801229569244,
2026-09-08,CL,X5,6M,,,,,,0.14393435274573566,0.1452012583667024,,0.001266905620966735,
2026-09-08,CL,X5,9M,,,,,,0.14393435274573566,0.14451318545177405,,0.0005788327060383958,
2026-09-08,CL,X5,1Y,,,,,,0.14393435274573566,0.14273012189486312,,-0.0012042308508725397,
2026-09-08,CL,X5,2Y,,,,,,0.14393435274573566,0.14457416799638012,,0.0006398152506444654,
2026-09-08,CL,X5,3Y,,,,,,0.14393435274573566,0.14569985399827368,,0.001765501252538021,
2026-09-08,CL,X5,4Y,,,,,,0.14393435274573566,0.14878914406388533,,0.0048547913181496705,
2026-09-08,CL,X5,5Y,,,,,,0.14393435274573566,0.14986985083307536,,0.005935498087339702,
2026-09-08,CL,X5,6Y,,,,,,0.14393435274573566,0.15202095876873223,,0.008086606022996573,
2026-09-08,CL,X5,7Y,,,,,,0.14393435274573566,0.15180475313490294,,0.007870400389167281,
2026-09-08,CL,X5,8Y,,,,,,0.14393435274573566,0.15217567361806195,,0.008241320872326291,
2026-09-08,CL,X5,9Y,,,,,,0.14393435274573566,0.15260861338183807,,0.00867426063610241,
2026-09-08,CL,X5,10Y,,,,,,0.14393435274573566,0.15285211490657002,,0.00891776216083437,
2026-09-08,CL,XIA,1D,,,,,,0.10619013601413393,0.1484530082115867,,0.042262872197452755,
2026-09-08,CL,XIA,1W,,,,,,0.10619013601413393,0.14845300821148477,,0.04226287219735084,
2026-09-08,CL,XIA,2W,,,,,,0.10619013601413393,0.1482730100886176,,0.04208287407448366,
2026-09-08,CL,XIA,1M,,,,,,0.10619013601413393,0.14797394144390807,,0.04178380542977414,
2026-09-08,CL,XIA,2M,,,,,,0.10619013601413393,0.14765365092773863,,0.0414635149136047,
2026-09-08,CL,XIA,3M,,,,,,0.10619013601413393,0.1475453167697678,,0.04135518075563385,
2026-09-08,CL,XIA,6M,,,,,,0.10619013601413393,0.1452012583667024,,0.039011122352568456,
2026-09-08,CL,XIA,9M,,,,,,0.10619013601413393,0.14451318545177405,,0.038323049437640117,
2026-09-08,CL,XIA,1Y,,,,,,0.10619013601413393,0.14273012189486312,,0.03653998588072918,
2026-09-08,CL,XIA,2Y,,,,,,0.10619013601413393,0.14457416799638012,,0.038384031982246186,
2026-09-08,CL,XIA,3Y,,,,,,0.10619013601413393,0.14569985399827368,,0.03950971798413974,
2026-09-08,CL,XIA,4Y,,,,,,0.10619013601413393,0.14878914406388533,,0.04259900804975139,
2026-09-08,CL,XIA,5Y,,,,,,0.10619013601413393,0.14986985083307536,,0.04367971481894142,
2026-09-08,CL,XIA,6Y,,,,,,0.10619013601413393,0.15202095876873223,,0.045830822754598294,
2026-09-08,CL,XIA,7Y,,,,,,0.10619013601413393,0.15180475313490294,,0.045614617120769,
2026-09-08,CL,XIA,8Y,,,,,,0.10619013601413393,0.15217567361806195,,0.04598553760392801,
2026-09-08,CL,XIA,9Y,,,,,,0.10619013601413393,0.15260861338183807,,0.04641847736770413,
2026-09-08,CL,XIA,10Y,,,,,,0.10619013601413393,0.15285211490657002,,0.04666197889243609,
2026-09-08,CL,XRP,1D,,,,,,0.1365064040076785,0.1484530082115867,,0.011946604203908195,
2026-09-08,CL,XRP,1W,,,,,,0.1365064040076785,0.14845300821148477,,0.011946604203806277,
2026-09-08,CL,XRP,2W,,,,,,0.1365064040076785,0.1482730100886176,,0.011766606080939102,
2026-09-08,CL,XRP,1M,,,,,,0.1365064040076785,0.14797394144390807,,0.01146753743622958,
2026-09-08,CL,XRP,2M,,,,,,0.1455830278557016,0.14765365092773863,,0.0020706230720370367,
2026-09-08,CL,XRP,3M,,,,,,0.14667222271746438,0.1475453167697678,,0.0008730940523034025,
2026-09-08,CL,XRP,6M,,,,,,0.14667222271746438,0.1452012583667024,,-0.001470964350761994,
2026-09-08,CL,XRP,9M,,,,,,0.14667222271746438,0.14451318545177405,,-0.0021590372656903334,
2026-09-08,CL,XRP,1Y,,,,,,0.14667222271746438,0.14273012189486312,,-0.003942100822601269,
2026-09-08,CL,XRP,2Y,,,,,,0.14667222271746438,0.14457416799638012,,-0.0020980547210842637,
2026-09-08,CL,XRP,3Y,,,,,,0.14667222271746438,0.14569985399827368,,-0.0009723687191907082,
2026-09-08,CL,XRP,4Y,,,,,,0.14667222271746438,0.14878914406388533,,0.0021169213464209413,
2026-09-08,CL,XRP,5Y,,,,,,0.14667222271746438,0.14986985083307536,,0.003197628115610973,
2026-09-08,CL,XRP,6Y,,,,,,0.14667222271746438,0.15202095876873223,,0.005348736051267844,
2026-09-08,CL,XRP,7Y,,,,,,0.14667222271746438,0.15180475313490294,,0.005132530417438552,
2026-09-08,CL,XRP,8Y,,,,,,0.14667222271746438,0.15217567361806195,,0.005503450900597562,
2026-09-08,CL,XRP,9Y,,,,,,0.14667222271746438,0.15260861338183807,,0.005936390664373681,
2026-09-08,CL,XRP,10Y,,,,,,0.14667222271746438,0.15285211490657002,,0.00617989218910564,
2026-09-08,CL,YDEX,1D,,,,,,0.19065065144043303,0.1484530082115867,,-0.04219764322884634,
2026-09-08,CL,YDEX,1W,,,,,,0.19065065144043303,0.14845300821148477,,-0.042197643228948256,
2026-09-08,CL,YDEX,2W,,,,,,0.18892540236259583,0.1482730100886176,,-0.04065239227397824,
2026-09-08,CL,YDEX,1M,,,,,,0.18340460531351685,0.14797394144390807,,-0.035430663869608775,
2026-09-08,CL,YDEX,2M,,,,,,0.17305311084649377,0.14765365092773863,,-0.02539945991875514,
2026-09-08,CL,YDEX,3M,,,,,,0.16270161637947067,0.1475453167697678,,-0.015156299609702883,
2026-09-08,CL,YDEX,6M,,,,,,0.1592511182237963,0.1452012583667024,,-0.014049859857093921,
2026-09-08,CL,YDEX,9M,,,,,,0.1592511182237963,0.14451318545177405,,-0.01473793277202226,
2026-09-08,CL,YDEX,1Y,,,,,,0.1592511182237963,0.14273012189486312,,-0.016520996328933196,
2026-09-08,CL,YDEX,2Y,,,,,,0.1592511182237963,0.14457416799638012,,-0.014676950227416191,
2026-09-08,CL,YDEX,3Y,,,,,,0.1592511182237963,0.14569985399827368,,-0.013551264225522636,
2026-09-08,CL,YDEX,4Y,,,,,,0.1592511182237963,0.14878914406388533,,-0.010461974159910986,
2026-09-08,CL,YDEX,5Y,,,,,,0.1592511182237963,0.14986985083307536,,-0.009381267390720954,
2026-09-08,CL,YDEX,6Y,,,,,,0.1592511182237963,0.15202095876873223,,-0.0072301594550640835,
2026-09-08,CL,YDEX,7Y,,,,,,0.1592511182237963,0.15180475313490294,,-0.007446365088893375,
2026-09-08,CL,YDEX,8Y,,,,,,0.1592511182237963,0.15217567361806195,,-0.007075444605734366,
2026-09-08,CL,YDEX,9Y,,,,,,0.1592511182237963,0.15260861338183807,,-0.006642504841958247,
2026-09-08,CL,YDEX,10Y,,,,,,0.1592511182237963,0.15285211490657002,,-0.006399003317226287,
2026-09-08,CL,ZINC,1D,,,,,,-0.06709215638497767,0.1484530082115867,,0.21554516459656436,
2026-09-08,CL,ZINC,1W,,,,,,-0.06709215638497767,0.14845300821148477,,0.21554516459646245,
2026-09-08,CL,ZINC,2W,,,,,,-0.06709215638497767,0.1482730100886176,,0.21536516647359527,
2026-09-08,CL,ZINC,1M,,,,,,-0.06709215638497767,0.14797394144390807,,0.21506609782888575,
2026-09-08,CL,ZINC,2M,,,,,,-0.06709215638497767,0.14765365092773863,,0.2147458073127163,
2026-09-08,CL,ZINC,3M,,,,,,-0.06709215638497767,0.1475453167697678,,0.21463747315474546,
2026-09-08,CL,ZINC,6M,,,,,,-0.04226890440025852,0.1452012583667024,,0.1874701627669609,
2026-09-08,CL,ZINC,9M,,,,,,-0.04171107851296146,0.14451318545177405,,0.18622426396473551,
2026-09-08,CL,ZINC,1Y,,,,,,-0.04171107851296146,0.14273012189486312,,0.18444120040782458,
2026-09-08,CL,ZINC,2Y,,,,,,-0.04171107851296146,0.14457416799638012,,0.18628524650934158,
2026-09-08,CL,ZINC,3Y,,,,,,-0.04171107851296146,0.14569985399827368,,0.18741093251123514,
2026-09-08,CL,ZINC,4Y,,,,,,-0.04171107851296146,0.14878914406388533,,0.1905002225768468,
2026-09-08,CL,ZINC,5Y,,,,,,-0.04171107851296146,0.14986985083307536,,0.19158092934603682,
2026-09-08,CL,ZINC,6Y,,,,,,-0.04171107851296146,0.15202095876873223,,0.1937320372816937,
2026-09-08,CL,ZINC,7Y,,,,,,-0.04171107851296146,0.15180475313490294,,0.1935158316478644,
2026-09-08,CL,ZINC,8Y,,,,,,-0.04171107851296146,0.15217567361806195,,0.1938867521310234,
2026-09-08,CL,ZINC,9Y,,,,,,-0.04171107851296146,0.15260861338183807,,0.19431969189479953,
2026-09-08,CL,ZINC,10Y,,,,,,-0.04171107851296146,0.15285211490657002,,0.1945631934195315,
