SECID,BOARDID,BID,OFFER,SPREAD,OPEN,HIGH,LOW,LAST,QUANTITY,LASTCHANGE,SETTLEPRICE,SETTLETOPREVSETTLE,OPENPOSITION,NUMTRADES,VOLTODAY,VALTODAY,VALTODAY_USD,UPDATETIME,LASTCHANGEPRCNT,BIDDEPTH,BIDDEPTHT,NUMBIDS,OFFERDEPTH,OFFERDEPTHT,NUMOFFERS,TIME,SETTLETOPREVSETTLEPRC,SEQNUM,SYSTIME,TRADEDATE,LASTTOPREVPRICE,OICHANGE,OPENPERIODPRICE,SWAPRATE,TRADE_SESSION_DATE,LAST_RUB
92U6,RFUD,70600,73600,3000,71870,71870,71870,71870,1,0,71870,410,222,1,1,71870,830,10:25:33,0,,,,,,,10:12:56,0.57,20260908104033,2026-09-08 10:40:33,2026-09-08,0.5,0,0.00000,0.00000,2026-09-08,71870
92V6,RFUD,70030,72400,2370,0,0,0,0,0,0,71220,220,440,0,0,0,0,10:30:12,0,,,,,,,10:30:12,0.31,20260908104513,2026-09-08 10:45:13,,,0,0.00000,0.00000,2026-09-08,0
92X6,RFUD,69760,75120,5360,0,0,0,0,0,0,72440,1080,14,0,0,0,0,10:16:26,0,,,,,,,10:16:26,1.49,20260908103158,2026-09-08 10:31:58,,,0,0.00000,0.00000,2026-09-08,0
95U6,RFUD,75320,75980,660,0,0,0,0,0,0,75650,240,1530,0,0,0,0,10:17:48,0,,,,,,,10:17:48,0.32,20260908103249,2026-09-08 10:32:49,,,0,0.00000,0.00000,2026-09-08,0
95V6,RFUD,75470,77100,1630,76650,77090,76650,77090,1,0,77090,1100,492,3,3,230830,2666,10:17:53,0,,,,,,,09:53:57,1.43,20260908103254,2026-09-08 10:32:54,2026-09-08,1.45,-6,0.00000,0.00000,2026-09-08,77090
95X6,RFUD,75000,76390,1390,0,0,0,0,0,0,75700,1660,102,0,0,0,0,10:27:15,0,,,,,,,10:27:15,2.19,20260908104216,2026-09-08 10:42:16,,,0,0.00000,0.00000,2026-09-08,0
A2U6,RFUD,1736.1,1741.1,5,1744.8,1758.7,1744.8,1758.7,5,7.1,1740.5,23.3,328,3,8,121025,1398,10:31:43,0.41,,,,,,,10:00:08,1.34,20260908104647,2026-09-08 10:46:47,2026-09-08,-1.18,-6,0.00000,0.00000,2026-09-08,15158
A2Z6,RFUD,1770.3,1782.3,12,1783.4,1783.4,1783.4,1783.4,1,0,1781.7,41.6,146,1,1,15371,178,10:31:43,0,,,,,,,09:39:08,2.33,20260908104647,2026-09-08 10:46:47,2026-09-08,0,2,0.00000,0.00000,2026-09-08,15371
AAU6,RFUD,69.81,74.29,4.48,0,0,0,0,0,0,70.77,0,106,0,0,0,0,10:30:35,0,,,,,,,10:30:35,0,20260908104535,2026-09-08 10:45:35,,,0,0.00000,0.00000,2026-09-08,0
AAZ6,RFUD,69.89,74.86,4.97,0,0,0,0,0,0,71.3,0,60,0,0,0,0,10:30:34,0,,,,,,,10:30:34,0,20260908104534,2026-09-08 10:45:34,,,0,0.00000,0.00000,2026-09-08,0
ABH7,RFUD,2204,2252,48,0,0,0,0,0,0,2252,-29,4,0,0,0,0,10:31:05,0,,,,,,,10:31:05,-1.29,20260908104606,2026-09-08 10:46:06,,,0,0.00000,0.00000,2026-09-08,0
ABZ6,RFUD,2210,2219,9,2220,2232,2219,2219,5,-4,2219,-24,1104,5,39,86677,1001,10:30:32,-0.18,,,,,,,10:24:42,-1.08,20260908104533,2026-09-08 10:45:33,2026-09-08,-0.72,10,0.00000,0.00000,2026-09-08,2219
AEH7,RFUD,22.55,26.721,4.171,0,0,0,0,0,0,24.629,0,0,0,0,0,0,10:31:48,0,,,,,,,10:31:48,0,20260908104649,2026-09-08 10:46:49,,,0,0.00000,0.00000,2026-09-08,0
AEU6,RFUD,23.56,23.616,0.056,0,0,0,0,0,0,23.574,0,92,0,0,0,0,10:30:47,0,,,,,,,10:30:47,0,20260908104548,2026-09-08 10:45:48,,,0,0.00000,0.00000,2026-09-08,0
AEZ6,RFUD,23.627,24.199,0.572,0,0,0,0,0,0,24.096,0.137,36,0,0,0,0,10:31:00,0,,,,,,,10:31:00,0.57,20260908104601,2026-09-08 10:46:01,,,0,0.00000,0.00000,2026-09-08,0
AFU6,RFUD,3331,3333,2,3386,3386,3327,3333,18,1,3331,-26,171722,967,8373,28057859,324047,10:31:48,0.03,,,,,,,10:31:45,-0.78,20260908104649,2026-09-08 10:46:49,2026-09-08,-1.16,4120,0.00000,0.00000,2026-09-08,3333
AFZ6,RFUD,3414,3418,4,3463,3463,3410,3410,1,-5,3412,-35,26738,308,1118,3836952,44314,10:31:48,-0.15,,,,,,,10:30:05,-1.03,20260908104649,2026-09-08 10:46:49,2026-09-08,-1.19,-38,0.00000,0.00000,2026-09-08,3410
AGU6,RFUD,95.12,97.99,2.87,0,0,0,0,0,0,97.25,0,82,0,0,0,0,10:31:10,0,,,,,,,10:31:10,0,20260908104611,2026-09-08 10:46:11,,,0,0.00000,0.00000,2026-09-08,0
AGZ6,RFUD,95.91,98.98,3.07,0,0,0,0,0,0,97.98,0,48,0,0,0,0,10:31:43,0,,,,,,,10:31:43,0,20260908104644,2026-09-08 10:46:44,,,0,0.00000,0.00000,2026-09-08,0
AKU6,RFUD,7829,7835,6,7931,7942,7811,7828,5,2,7821,-31,81502,969,4109,32389152,374070,10:31:48,0.03,,,,,,,10:31:48,-0.4,20260908104649,2026-09-08 10:46:49,2026-09-08,-1.3,216,7931.00000,0.00000,2026-09-08,7828
AKZ6,RFUD,8066,8075,9,8133,8176,8050,8050,1,-8,8057,-36,11988,108,307,2497077,28839,10:31:48,-0.1,,,,,,,10:30:09,-0.45,20260908104649,2026-09-08 10:46:49,2026-09-08,-1.67,20,0.00000,0.00000,2026-09-08,8050
ALU6,RFUD,2076,2078,2,2109,2114,2076,2078,44,2,2077,-13,285000,914,11050,23135265,267195,10:31:48,0.1,,,,,,,10:31:34,-0.63,20260908104649,2026-09-08 10:46:49,2026-09-08,-1.14,-2574,0.00000,0.00000,2026-09-08,2078
ALZ6,RFUD,2146,2149,3,2182,2186,2147,2147,1,-1,2147,-12,58886,277,1930,4181032,48288,10:31:48,-0.05,,,,,,,10:30:53,-0.56,20260908104649,2026-09-08 10:46:49,2026-09-08,-1.33,-2026,0.00000,0.00000,2026-09-08,2147
AMDF,RFUD,459.4,491.1,31.7,492,492,491.5,491.5,1,-0.5,491.1,13.5,4,2,2,84769,979,10:26:27,-0.1,,,,,,,10:23:17,2.75,20260908104157,2026-09-08 10:41:57,2026-09-08,0,0,0.00000,0.00000,2026-09-08,42363
AMZNF,RFUD,248.6,257.9,9.3,247,247,247,247,6,0,248.6,-9.9,12,1,6,127735,1475,10:27:06,0,,,,,,,10:11:03,-3.98,20260908104217,2026-09-08 10:42:17,2026-09-08,0,0,0.00000,0.00000,2026-09-08,21289
ANH7,RFUD,3237.5,3367,129.5,0,0,0,0,0,0,3343.5,12.5,0,0,0,0,0,10:30:34,0,,,,,,,10:30:34,0.37,20260908104534,2026-09-08 10:45:34,,,0,0.00000,0.00000,2026-09-08,0
ANU6,RFUD,3342.5,3344.5,2,3338.5,3363,3336,3343.5,1,4.5,3343.5,12.5,81838,332,1177,33931630,391885,10:31:47,0.13,,,,,,,10:28:50,0.37,20260908104648,2026-09-08 10:46:48,2026-09-08,0.22,938,0.00000,0.00000,2026-09-08,28818
ANZ6,RFUD,3342,3344.5,2.5,3333,3354.5,3333,3338.5,1,1.5,3341,10.5,8288,121,276,7946272,91773,10:31:48,0.04,,,,,,,10:19:35,0.31,20260908104649,2026-09-08 10:46:49,2026-09-08,0.07,84,0.00000,0.00000,2026-09-08,28775
APPF,RFUD,302,338,36,0,0,0,0,0,0,320.6,0,0,0,0,0,0,10:31:26,0,,,,,,,10:31:26,0,20260908104628,2026-09-08 10:46:28,,,0,0.00000,0.00000,2026-09-08,0
APU6,RFUD,197.61,225,27.39,0,0,0,0,0,0,211.31,-0.63,12,0,0,0,0,10:31:32,0,,,,,,,10:31:32,-0.3,20260908104633,2026-09-08 10:46:33,,,0,0.00000,0.00000,2026-09-08,0
APZ6,RFUD,205,234.11,29.11,0,0,0,0,0,0,219.58,10.31,24,0,0,0,0,10:31:48,0,,,,,,,10:31:48,4.7,20260908104649,2026-09-08 10:46:49,,,0,0.00000,0.00000,2026-09-08,0
ARH7,RFUD,20.089,28.523,8.434,0,0,0,0,0,0,24.31,0,0,0,0,0,0,10:31:48,0,,,,,,,10:31:48,0,20260908104649,2026-09-08 10:46:49,,,0,0.00000,0.00000,2026-09-08,0
ARU6,RFUD,23.501,25.399,1.898,0,0,0,0,0,0,24.598,0,54,0,0,0,0,10:31:31,0,,,,,,,10:31:31,0,20260908104632,2026-09-08 10:46:32,,,0,0.00000,0.00000,2026-09-08,0
ARZ6,RFUD,24.001,24.999,0.998,0,0,0,0,0,0,24.556,0.256,70,0,0,0,0,10:31:30,0,,,,,,,10:31:30,1.04,20260908104630,2026-09-08 10:46:30,,,0,0.00000,0.00000,2026-09-08,0
ASU6,RFUD,217,218,1,219,220,216,217,2,-1,217,-2,296648,135,6001,1304892,15071,10:31:46,-0.46,,,,,,,10:30:29,-0.92,20260908104647,2026-09-08 10:46:47,2026-09-08,-0.91,-3476,0.00000,0.00000,2026-09-08,217
ASZ6,RFUD,223,224,1,226,226,223,223,50,-1,223,-2,103292,24,1312,292691,3380,10:31:39,-0.45,,,,,,,10:24:42,-0.9,20260908104640,2026-09-08 10:46:40,2026-09-08,-0.89,132,0.00000,0.00000,2026-09-08,223
AUH7,RFUD,0.6866,0.7446,0.058,0,0,0,0,0,0,0.7245,-0.0002,0,0,0,0,0,10:30:33,0,,,,,,,10:30:33,-0.03,20260908104534,2026-09-08 10:45:34,,,0,0.00000,0.00000,2026-09-08,0
AUU6,RFUD,0.7209,0.7219,0.001,0,0,0,0,0,0,0.7219,-0.0002,2,0,0,0,0,10:31:15,0,,,,,,,10:31:15,-0.03,20260908104616,2026-09-08 10:46:16,,,0,0.00000,0.00000,2026-09-08,0
AUZ6,RFUD,0.7162,0.7302,0.014,0,0,0,0,0,0,0.7231,-0.0002,2,0,0,0,0,10:31:48,0,,,,,,,10:31:48,-0.03,20260908104649,2026-09-08 10:46:49,,,0,0.00000,0.00000,2026-09-08,0
BBU6,RFUD,112.23,112.45,0.22,112.84,114.24,111.69,112.69,10,-0.44,112.37,-0.31,23168,124,849,8263939,95442,10:31:48,-0.39,,,,,,,10:08:01,-0.28,20260908104649,2026-09-08 10:46:49,2026-09-08,0.02,-668,112.84000,0.00000,2026-09-08,9713
BBZ6,RFUD,114.7,114.92,0.22,115,115.31,114.39,115.08,1,0.38,114.84,-0.81,3374,58,211,2090906,24148,10:31:34,0.33,,,,,,,10:07:34,-0.71,20260908104635,2026-09-08 10:46:35,2026-09-08,-0.21,82,0.00000,0.00000,2026-09-08,9919
BDU6,RFUD,92.12,92.23,0.11,92.69,93.49,91.61,92.12,1,0.14,92.12,-2.88,19726,167,1062,8448252,97571,10:31:41,0.15,,,,,,,10:31:14,-3.13,20260908104642,2026-09-08 10:46:42,2026-09-08,-3.54,504,92.69000,0.00000,2026-09-08,7940
BDZ6,RFUD,95.03,95.17,0.14,96.4,96.4,94.5,94.52,1,0.02,95.03,-2.6,1518,75,156,1282899,14817,10:31:29,0.02,,,,,,,10:05:22,-2.74,20260908104630,2026-09-08 10:46:30,2026-09-08,-3.52,142,96.40000,0.00000,2026-09-08,8147
BMF7,RFUD,88.89,89.04,0.15,88.25,89.04,88.25,89.03,1,0.02,89.03,1,4942,74,175,1338493,15459,10:31:38,0.02,,,,,,,10:24:00,1.12,20260908104642,2026-09-08 10:46:42,2026-09-08,1.07,154,0.00000,0.00000,2026-09-08,7674
BMG7,RFUD,86.65,86.82,0.17,86.5,86.93,86.44,86.63,2,-0.28,86.63,0.78,1084,21,28,209149,2416,10:31:32,-0.32,,,,,,,10:17:04,0.9,20260908104642,2026-09-08 10:46:42,2026-09-08,0.67,-8,0.00000,0.00000,2026-09-08,7467
BMH7,RFUD,85.35,85.72,0.37,85.34,85.65,85.33,85.33,5,-0.32,85.35,0.79,680,5,17,125058,1444,10:31:32,-0.37,,,,,,,10:17:22,0.93,20260908104642,2026-09-08 10:46:42,2026-09-08,0.85,-20,0.00000,0.00000,2026-09-08,7355
BMJ7,RFUD,84.78,85.75,0.97,85.75,85.75,84.78,84.78,6,-0.97,84.78,-0.29,102,5,11,80714,932,10:31:03,-1.13,,,,,,,10:15:47,-0.34,20260908104642,2026-09-08 10:46:42,2026-09-08,0.92,2,0.00000,0.00000,2026-09-08,7307
BMV6,RFUD,98.75,98.77,0.02,97.52,98.85,97.45,98.75,18,-0.02,98.77,1.04,127580,5747,31356,265710701,3068760,10:31:46,-0.02,,,,,,,10:31:43,1.05,20260908104647,2026-09-08 10:46:47,2026-09-08,1.52,7524,97.52000,0.00000,2026-09-08,8511
BMX6,RFUD,94.87,94.9,0.03,93.9,94.92,93.82,94.9,1,-0.02,94.9,1.05,12226,530,1315,10707729,123666,10:31:45,-0.02,,,,,,,10:31:40,1.11,20260908104646,2026-09-08 10:46:46,2026-09-08,1.29,392,0.00000,0.00000,2026-09-08,8180
BMZ6,RFUD,91.47,91.53,0.06,90.56,91.61,90.56,91.43,1,0.02,91.44,0.96,5298,156,295,2319956,26794,10:31:44,0.02,,,,,,,10:30:53,1.05,20260908104647,2026-09-08 10:46:47,2026-09-08,1.27,80,0.00000,0.00000,2026-09-08,7880
BNU6,RFUD,1230,1232,2,1240,1241,1230,1230,2,-1,1230,-14,36680,13,379,467122,5395,10:31:39,-0.08,,,,,,,10:22:58,-1.14,20260908104640,2026-09-08 10:46:40,2026-09-08,-0.73,-632,0.00000,0.00000,2026-09-08,1230
BNZ6,RFUD,1239,1252,13,0,0,0,0,0,0,1252,1,3398,0,0,0,0,10:31:36,0,,,,,,,10:31:36,0.08,20260908104637,2026-09-08 10:46:37,,,0,0.00000,0.00000,2026-09-08,0
BRF7,RFUD,88.97,89.15,0.18,88.4,89.14,88.14,88.97,1,0.04,88.97,0.94,2996,50,58,4441365,51294,10:31:46,0.04,,,,,,,10:31:12,1.06,20260908104647,2026-09-08 10:46:47,2026-09-08,0.83,46,0.00000,0.00000,2026-09-08,76684
BRG7,RFUD,86.59,86.68,0.09,86.32,86.77,85.91,86.66,1,-0.01,86.66,0.84,1342,23,27,2014911,23271,10:31:48,-0.01,,,,,,,10:31:12,0.97,20260908104649,2026-09-08 10:46:49,2026-09-08,0.88,6,0.00000,0.00000,2026-09-08,74693
BRH7,RFUD,85.48,85.57,0.09,84.99,85.61,84.99,85.61,1,0.03,85.57,1.05,896,6,6,441565,5100,10:31:46,0.04,,,,,,,09:50:36,1.23,20260908104647,2026-09-08 10:46:47,2026-09-08,0.88,6,0.00000,0.00000,2026-09-08,73788
BRJ7,RFUD,84.95,85.11,0.16,84.8,85.2,84.8,85.2,1,0.1,85.11,0.95,322,5,5,366303,4231,10:31:45,0.12,,,,,,,09:53:23,1.12,20260908104646,2026-09-08 10:46:46,2026-09-08,0.95,8,0.00000,0.00000,2026-09-08,73435
BRV6,RFUD,98.78,98.8,0.02,97.5,98.88,97.48,98.8,5,0.02,98.8,1.06,398806,15551,93314,7912490400,91383339,10:31:48,0.02,,,,,,,10:31:47,1.07,20260908104649,2026-09-08 10:46:49,2026-09-08,1.58,19232,97.50000,0.00000,2026-09-08,85157
BRX6,RFUD,94.87,94.89,0.02,93.88,94.93,93.79,94.89,1,0.02,94.89,1.04,57728,1919,4751,386551965,4464386,10:31:48,0.02,,,,,,,10:31:11,1.1,20260908104649,2026-09-08 10:46:49,2026-09-08,1.36,-920,0.00000,0.00000,2026-09-08,81787
BRZ6,RFUD,91.5,91.58,0.08,90.74,91.69,90.68,91.5,1,-0.04,91.5,0.85,12790,246,320,25176982,290775,10:31:46,-0.04,,,,,,,10:31:12,0.93,20260908104647,2026-09-08 10:46:47,2026-09-08,0.96,80,0.00000,0.00000,2026-09-08,78865
BSU6,RFUD,2541,2543,2,2566,2566,2536,2545,1,7,2543,-21,27124,79,889,2260320,26105,10:31:43,0.28,,,,,,,10:28:38,-0.83,20260908104644,2026-09-08 10:46:44,2026-09-08,-0.51,-1018,0.00000,0.00000,2026-09-08,2545
BSZ6,RFUD,2431,2437,6,2454,2454,2431,2440,1,-1,2437,-21,39870,40,493,1200940,13870,10:31:43,-0.04,,,,,,,10:24:14,-0.86,20260908104644,2026-09-08 10:46:44,2026-09-08,-0.41,-250,0.00000,0.00000,2026-09-08,2440
BTU6,RFUD,78704,78722,18,79187,79283,78449,78694,1,-9,78703,-426,318932,2009,46357,314350566,3630514,10:31:48,-0.01,,,,,,,10:31:33,-0.54,20260908104649,2026-09-08 10:46:49,2026-09-08,-1.1,-16206,0.00000,0.00000,2026-09-08,6783
BTV6,RFUD,79100,79131,31,79890,79890,78884,79089,1,-66,79132,-436,56928,726,3567,24347036,281190,10:31:48,-0.08,,,,,,,10:31:33,-0.55,20260908104649,2026-09-08 10:46:49,2026-09-08,-1.1,208,79890.00000,0.00000,2026-09-08,6817
BTX6,RFUD,79572,79642,70,80140,80140,79360,79658,1,-19,79642,-480,7730,128,539,3702621,42763,10:31:48,-0.02,,,,,,,10:29:25,-0.6,20260908104649,2026-09-08 10:46:49,2026-09-08,-1.05,138,0.00000,0.00000,2026-09-08,6866
BYH7,RFUD,0,0,0,0,0,0,0,0,0,30.38,-0.11,0,0,0,0,0,10:26:25,0,,,,,,,10:26:25,-0.36,20260908104502,2026-09-08 10:45:02,,,0,0.00000,0.00000,2026-09-08,0
BYU6,RFUD,27.8,28.6,0.8,0,0,0,0,0,0,28.11,-0.1,10,0,0,0,0,10:29:38,0,,,,,,,10:29:38,-0.36,20260908104502,2026-09-08 10:45:02,,,0,0.00000,0.00000,2026-09-08,0
BYZ6,RFUD,26.91,29.88,2.97,0,0,0,0,0,0,29.24,-0.11,10,0,0,0,0,10:29:38,0,,,,,,,10:29:38,-0.38,20260908104502,2026-09-08 10:45:02,,,0,0.00000,0.00000,2026-09-08,0
BZU6,RFUD,37.85,38.21,0.36,37.85,38.21,37.85,38.21,9,0.36,38.21,0.1,434,3,11,36193,418,10:31:37,0.95,,,,,,,10:18:00,0.26,20260908104638,2026-09-08 10:46:38,2026-09-08,3.16,16,0.00000,0.00000,2026-09-08,3293
BZZ6,RFUD,37.85,38.46,0.61,0,0,0,0,0,0,38.46,0.06,58,0,0,0,0,10:31:45,0,,,,,,,10:31:45,0.16,20260908104646,2026-09-08 10:46:46,,,0,0.00000,0.00000,2026-09-08,0
CAH7,RFUD,1.3532,1.4146,0.0614,0,0,0,0,0,0,1.3808,-0.0015,0,0,0,0,0,10:30:16,0,,,,,,,10:30:16,-0.11,20260908104517,2026-09-08 10:45:17,,,0,0.00000,0.00000,2026-09-08,0
CAU6,RFUD,1.3782,1.3801,0.0019,0,0,0,0,0,0,1.3801,-0.0015,4,0,0,0,0,10:30:14,0,,,,,,,10:30:14,-0.11,20260908104515,2026-09-08 10:45:15,,,0,0.00000,0.00000,2026-09-08,0
CAZ6,RFUD,1.3717,1.3937,0.022,0,0,0,0,0,0,1.3804,-0.0015,0,0,0,0,0,10:30:14,0,,,,,,,10:30:14,-0.11,20260908104515,2026-09-08 10:45:15,,,0,0.00000,0.00000,2026-09-08,0
CCG7,RFUD,559.9,560.2,0.3,557.7,563.1,556.3,560,1,-0.3,560,3.8,52140,682,2755,15429436,178198,10:31:48,-0.05,,,,,,,10:30:29,0.68,20260908104649,2026-09-08 10:46:49,2026-09-08,0.48,-374,0.00000,0.00000,2026-09-08,5600
CCX6,RFUD,542.2,542.4,0.2,539,545.6,538.4,542.2,1,-0.2,542.3,4,918838,8028,126543,686487363,7928415,10:31:48,-0.04,,,,,,,10:31:48,0.74,20260908104649,2026-09-08 10:46:49,2026-09-08,0.5,52678,539.00000,0.00000,2026-09-08,5422
CEH7,RFUD,14498,14981,483,0,0,0,0,0,0,14718,122,2,0,0,0,0,10:30:44,0,,,,,,,10:30:44,0.83,20260908104647,2026-09-08 10:46:47,,,0,0.00000,0.00000,2026-09-08,0
CEU6,RFUD,14722,14724,2,14670,14734,14641,14726,1,10,14718,122,69864,739,6737,85301529,985169,10:31:48,0.07,,,,,,,10:31:20,0.83,20260908104649,2026-09-08 10:46:49,2026-09-08,0.64,1056,14670.00000,0.00000,2026-09-08,12692
CEZ6,RFUD,14698,14699,1,14645,14728,14629,14696,20,4,14696,95,39000,434,2685,34001632,392693,10:31:48,0.03,,,,,,,10:31:45,0.65,20260908104649,2026-09-08 10:46:49,2026-09-08,0.63,1094,14645.00000,0.00000,2026-09-08,12667
CFH7,RFUD,0.7858,0.8186,0.0328,0,0,0,0,0,0,0.8017,0.0015,0,0,0,0,0,10:30:34,0,,,,,,,10:30:34,0.19,20260908104534,2026-09-08 10:45:34,,,0,0.00000,0.00000,2026-09-08,0
CFU6,RFUD,0.8099,0.811,0.0011,0.8087,0.8087,0.8087,0.8087,1,0,0.8099,0.0015,308,2,2,172488,1992,10:30:16,0,,,,,,,07:07:59,0.19,20260908104517,2026-09-08 10:45:17,2026-09-08,0.04,-4,0.00000,0.00000,2026-09-08,86106
CFZ6,RFUD,0.8055,0.8217,0.0162,0,0,0,0,0,0,0.8066,-0.0073,38,0,0,0,0,10:31:22,0,,,,,,,10:31:22,-0.91,20260908104624,2026-09-08 10:46:24,,,0,0.00000,0.00000,2026-09-08,0
CIU6,RFUD,53.82,54.33,0.51,0,0,0,0,0,0,54.25,0,2134,0,0,0,0,10:30:59,0,,,,,,,10:30:59,0,20260908104600,2026-09-08 10:46:00,,,0,0.00000,0.00000,2026-09-08,0
CIZ6,RFUD,55.27,55.95,0.68,0,0,0,0,0,0,55.27,0,392,0,0,0,0,10:29:48,0,,,,,,,10:29:48,0,20260908104449,2026-09-08 10:44:49,,,0,0.00000,0.00000,2026-09-08,0
CKU6,RFUD,6681,6686,5,6744,6771,6682,6682,9,-6,6686,-89,29722,391,2107,14171528,163671,10:31:48,-0.09,,,,,,,10:31:29,-1.33,20260908104649,2026-09-08 10:46:49,2026-09-08,-0.95,450,0.00000,0.00000,2026-09-08,6682
CKZ6,RFUD,6916,6922,6,6992,6992,6921,6922,1,-2,6922,-81,5024,102,208,1446351,16704,10:31:48,-0.03,,,,,,,10:31:00,-1.17,20260908104649,2026-09-08 10:46:49,2026-09-08,-0.8,104,0.00000,0.00000,2026-09-08,6922
CMU6,RFUD,9801,9815,14,9896,9929,9735,9814,1,12,9814,-121,36302,238,768,7540925,87092,10:31:48,0.12,,,,,,,10:30:56,-1.23,20260908104649,2026-09-08 10:46:49,2026-09-08,-0.79,-42,0.00000,0.00000,2026-09-08,9814
CMZ6,RFUD,9691,9710,19,9815,9815,9555,9717,1,-12,9712,-166,6864,60,185,1793771,20717,10:31:48,-0.12,,,,,,,10:17:02,-1.71,20260908104649,2026-09-08 10:46:49,2026-09-08,-1.38,100,0.00000,0.00000,2026-09-08,9717
CNYRUBF,RFUD,12.897,12.898,0.001,12.937,12.982,12.88,12.897,100,-0.002,12.897,-0.002,19960406,22687,1059866,13710873600,158350323,10:31:48,-0.02,,,,,,,10:31:47,-0.02,20260908104649,2026-09-08 10:46:49,2026-09-08,-0.31,31070,12.93700,0.00427,2026-09-08,12897
COHRF,RFUD,256.2,290.7,34.5,0,0,0,0,0,0,273.4,-8.5,0,0,0,0,0,10:22:44,0,,,,,,,10:22:44,-3.11,20260908103817,2026-09-08 10:38:17,,,0,0.00000,0.00000,2026-09-08,0
CRH7,RFUD,13.373,13.375,0.002,13.386,13.453,13.361,13.374,5,0.011,13.37,-0.006,203840,491,4207,56409920,651492,10:31:48,0.08,,,,,,,10:31:47,-0.04,20260908104649,2026-09-08 10:46:49,2026-09-08,-0.13,2012,0.00000,0.00000,2026-09-08,13374
CRH8,RFUD,13.95,14.5,0.55,0,0,0,0,0,0,14.348,0.062,0,0,0,0,0,10:31:37,0,,,,,,,10:31:37,0.43,20260908104647,2026-09-08 10:46:47,,,0,0.00000,0.00000,2026-09-08,0
CRM7,RFUD,13.593,13.599,0.006,13.609,13.66,13.584,13.584,3,-0.02,13.59,-0.004,68710,103,248,3378790,39022,10:31:48,-0.15,,,,,,,10:28:57,-0.03,20260908104649,2026-09-08 10:46:49,2026-09-08,-0.21,46,0.00000,0.00000,2026-09-08,13584
CRU6,RFUD,12.927,12.928,0.001,12.964,13.018,12.91,12.927,24,-0.001,12.926,-0.01,25367560,59785,2109436,27345904590,315824722,10:31:48,-0.01,,,,,,,10:31:48,-0.08,20260908104649,2026-09-08 10:46:49,2026-09-08,-0.29,-507070,12.96400,0.00000,2026-09-08,12927
CRU7,RFUD,13.816,13.847,0.031,13.88,13.88,13.835,13.835,1,-0.04,13.835,-0.006,4108,4,5,69310,800,10:31:48,-0.29,,,,,,,10:28:27,-0.04,20260908104649,2026-09-08 10:46:49,2026-09-08,-0.22,-4,0.00000,0.00000,2026-09-08,13835
CRZ6,RFUD,13.162,13.163,0.001,13.185,13.248,13.146,13.162,18,-0.002,13.161,-0.005,18463088,10314,200588,2647425170,30575778,10:31:48,-0.02,,,,,,,10:31:48,-0.04,20260908104649,2026-09-08 10:46:49,2026-09-08,-0.23,88174,13.18500,0.00000,2026-09-08,13162
CRZ7,RFUD,14.052,14.1,0.048,0,0,0,0,0,0,14.099,0.033,2386,0,0,0,0,10:31:47,0,,,,,,,10:31:47,0.23,20260908104648,2026-09-08 10:46:48,,,0,0.00000,0.00000,2026-09-08,0
CSH7,RFUD,4972,5554,582,0,0,0,0,0,0,5316,-2,0,0,0,0,0,10:31:43,0,,,,,,,10:31:43,-0.04,20260908104644,2026-09-08 10:46:44,,,0,0.00000,0.00000,2026-09-08,0
CSU6,RFUD,5093,5113,20,0,0,0,0,0,0,5113,-2,632,0,0,0,0,10:31:45,0,,,,,,,10:31:45,-0.04,20260908104646,2026-09-08 10:46:46,,,0,0.00000,0.00000,2026-09-08,0
CSZ6,RFUD,5066,5158,92,0,0,0,0,0,0,5158,-53,246,0,0,0,0,10:31:48,0,,,,,,,10:31:48,-1.03,20260908104649,2026-09-08 10:46:49,,,0,0.00000,0.00000,2026-09-08,0
DDU6,RFUD,81.55,81.78,0.23,0,0,0,0,0,0,81.66,-0.69,134,0,0,0,0,10:30:55,0,,,,,,,10:30:55,-0.84,20260908104556,2026-09-08 10:45:56,,,0,0.00000,0.00000,2026-09-08,0
DDZ6,RFUD,83.38,88.77,5.39,0,0,0,0,0,0,86.07,3.09,224,0,0,0,0,10:30:55,0,,,,,,,10:30:55,3.59,20260908104556,2026-09-08 10:45:56,,,0,0.00000,0.00000,2026-09-08,0
DJU6,RFUD,531.6,532,0.4,532.8,532.8,531.2,531.8,1,0.6,531.8,-6,542,8,54,2476161,28598,10:31:24,0.11,,,,,,,10:23:07,-1.13,20260908104626,2026-09-08 10:46:26,2026-09-08,-0.47,-106,0.00000,0.00000,2026-09-08,45836
DJZ6,RFUD,530.5,531.3,0.8,0,0,0,0,0,0,531.3,-6.7,56,0,0,0,0,10:31:18,0,,,,,,,10:31:18,-1.26,20260908104619,2026-09-08 10:46:19,,,0,0.00000,0.00000,2026-09-08,0
DLU6,RFUD,69820,69990,170,69810,69810,69810,69810,1,0,69820,-170,1276,2,2,139620,1613,10:26:53,0,,,,,,,09:57:18,-0.24,20260908104154,2026-09-08 10:41:54,2026-09-08,-0.27,2,0.00000,0.00000,2026-09-08,69810
DLV6,RFUD,68850,69290,440,68810,68820,68810,68810,1,-10,68850,-1100,98,3,7,481720,5564,10:26:08,-0.01,,,,,,,10:01:03,-1.6,20260908104143,2026-09-08 10:41:43,2026-09-08,-0.48,12,0.00000,0.00000,2026-09-08,68810
DLX6,RFUD,67770,68500,730,68480,68480,68480,68480,1,0,68480,-190,48,1,1,68480,791,10:15:58,0,,,,,,,08:33:37,-0.28,20260908104143,2026-09-08 10:41:43,2026-09-08,-0.28,2,0.00000,0.00000,2026-09-08,68480
DRU6,RFUD,2159,2162,3,2177,2177,2160,2160,1,-4,2160,-19,44338,99,707,1533283,17708,10:31:48,-0.18,,,,,,,10:30:55,-0.88,20260908104649,2026-09-08 10:46:49,2026-09-08,-1.05,-946,0.00000,0.00000,2026-09-08,2160
DRZ6,RFUD,2232,2237,5,2253,2253,2239,2239,36,-5,2236,-20,24624,64,595,1335631,15426,10:31:48,-0.22,,,,,,,10:16:59,-0.89,20260908104649,2026-09-08 10:46:49,2026-09-08,-0.84,-916,0.00000,0.00000,2026-09-08,2239
DXU6,RFUD,21328,21364,36,21388,21390,21291,21295,2,4,21328,-61,4860,7,23,492265,5685,10:31:23,0.02,,,,,,,09:26:08,-0.29,20260908104647,2026-09-08 10:46:47,2026-09-08,-0.44,6,0.00000,0.00000,2026-09-08,21331
DXZ6,RFUD,21228,21302,74,21288,21288,21288,21288,1,0,21288,-19,1282,1,1,21324,246,10:31:18,0,,,,,,,07:07:21,-0.09,20260908104647,2026-09-08 10:46:47,2026-09-08,-0.09,-2,0.00000,0.00000,2026-09-08,21324
EAU6,RFUD,3105,3111,6,3154,3154,3103,3109,10,2,3109,-52,24786,24,101,314555,3633,10:31:46,0.06,,,,,,,10:25:09,-1.67,20260908104647,2026-09-08 10:46:47,2026-09-08,-1.21,-118,0.00000,0.00000,2026-09-08,3109
EAZ6,RFUD,3219,3226,7,3241,3242,3222,3222,1,-20,3222,-51,9288,3,8,25912,299,10:31:46,-0.62,,,,,,,10:07:35,-1.58,20260908104647,2026-09-08 10:46:47,2026-09-08,-1.38,-8,0.00000,0.00000,2026-09-08,3222
ECU6,RFUD,0,0,0,0,0,0,0,0,0,1.6218,0,0,0,0,0,0,03:10:56,0,,,,,,,03:10:56,0,20260908070506,2026-09-08 07:05:06,,,0,0.00000,0.00000,2026-09-08,0
ECZ6,RFUD,0,0,0,0,0,0,0,0,0,1.6255,0,0,0,0,0,0,03:10:56,0,,,,,,,03:10:56,0,20260908070506,2026-09-08 07:05:06,,,0,0.00000,0.00000,2026-09-08,0
EDH7,RFUD,1.1582,1.16,0.0018,1.1582,1.1582,1.1582,1.1582,1,0,1.1582,-0.0021,54,3,4,399926,4619,10:31:46,0,,,,,,,10:26:35,-0.18,20260908104647,2026-09-08 10:46:47,2026-09-08,-0.18,-6,0.00000,0.00000,2026-09-08,99826
EDM7,RFUD,1.1552,1.1596,0.0044,0,0,0,0,0,0,1.1596,-0.0006,18,0,0,0,0,10:28:24,0,,,,,,,10:28:24,-0.05,20260908104552,2026-09-08 10:45:52,,,0,0.00000,0.00000,2026-09-08,0
EDU6,RFUD,1.1605,1.1606,0.0001,1.1613,1.1626,1.1605,1.1606,1,0.0001,1.1606,-0.0013,461916,635,3839,384150256,4436648,10:31:47,0.01,,,,,,,10:31:36,-0.11,20260908104648,2026-09-08 10:46:48,2026-09-08,-0.07,818,0.00000,0.00000,2026-09-08,100033
EDU7,RFUD,1.1299,1.1925,0.0626,0,0,0,0,0,0,1.1625,-0.0013,0,0,0,0,0,07:22:24,0,,,,,,,07:22:24,-0.11,20260908104552,2026-09-08 10:45:52,,,0,0.00000,0.00000,2026-09-08,0
EDZ6,RFUD,1.1594,1.1595,0.0001,1.1608,1.1616,1.1591,1.1595,1,0.0001,1.1594,-0.0009,144132,299,648,64800042,748392,10:31:47,0.01,,,,,,,10:31:31,-0.08,20260908104648,2026-09-08 10:46:48,2026-09-08,-0.09,66,0.00000,0.00000,2026-09-08,99938
EGU6,RFUD,0,0,0,0,0,0,0,0,0,0.9078,0,0,0,0,0,0,03:10:56,0,,,,,,,03:10:56,0,20260908070506,2026-09-08 07:05:06,,,0,0.00000,0.00000,2026-09-08,0
EGZ6,RFUD,0,0,0,0,0,0,0,0,0,0.91,0,0,0,0,0,0,03:10:56,0,,,,,,,03:10:56,0,20260908070506,2026-09-08 07:05:06,,,0,0.00000,0.00000,2026-09-08,0
EHU6,RFUD,2486.6,2488,1.4,2499.3,2499.6,2472.1,2486.9,24,-0.3,2486.9,9.2,96152,378,7682,16480169,190334,10:31:48,-0.01,,,,,,,10:27:44,0.37,20260908104649,2026-09-08 10:46:49,2026-09-08,-0.58,4384,0.00000,0.00000,2026-09-08,2143
EHV6,RFUD,2493.7,2496.6,2.9,2507.8,2507.9,2479.5,2479.5,1,-3.4,2493.1,7.2,35180,62,598,1285435,14846,10:31:48,-0.14,,,,,,,09:44:12,0.29,20260908104649,2026-09-08 10:46:49,2026-09-08,-1.05,102,0.00000,0.00000,2026-09-08,2137
EHX6,RFUD,2505.6,2511.7,6.1,2511.9,2520.4,2485,2492.8,1,-5.2,2505.1,4.1,5946,17,399,859917,9931,10:31:45,-0.21,,,,,,,09:44:15,0.16,20260908104646,2026-09-08 10:46:46,2026-09-08,-0.99,354,0.00000,0.00000,2026-09-08,2149
EJU6,RFUD,0,0,0,0,0,0,0,0,0,180.92,0,0,0,0,0,0,03:10:56,0,,,,,,,03:10:56,0,20260908070506,2026-09-08 07:05:06,,,0,0.00000,0.00000,2026-09-08,0
EJZ6,RFUD,0,0,0,0,0,0,0,0,0,181.13,0,0,0,0,0,0,03:10:56,0,,,,,,,03:10:56,0,20260908070506,2026-09-08 07:05:06,,,0,0.00000,0.00000,2026-09-08,0
EMU6,RFUD,68.56,68.76,0.2,0,0,0,0,0,0,68.76,-0.07,1090,0,0,0,0,10:30:42,0,,,,,,,10:30:42,-0.1,20260908104616,2026-09-08 10:46:16,,,0,0.00000,0.00000,2026-09-08,0
EMZ6,RFUD,70.04,70.81,0.77,0,0,0,0,0,0,70.04,-0.26,260,0,0,0,0,10:30:42,0,,,,,,,10:30:42,-0.37,20260908104616,2026-09-08 10:46:16,,,0,0.00000,0.00000,2026-09-08,0
ERU6,RFUD,100.48,100.56,0.08,100.85,101.18,100.5,100.5,1,-0.1,100.5,-0.19,1138,23,107,1079530,12468,10:31:48,-0.1,,,,,,,10:27:13,-0.19,20260908104649,2026-09-08 10:46:49,2026-09-08,-0.24,-62,0.00000,0.00000,2026-09-08,10050
ERZ6,RFUD,101.56,101.93,0.37,102.5,102.5,101.74,101.74,1,-0.76,101.74,-0.26,160,4,8,81924,946,10:31:43,-0.74,,,,,,,10:27:13,-0.26,20260908104644,2026-09-08 10:46:44,2026-09-08,-0.25,-2,0.00000,0.00000,2026-09-08,10174
ETU6,RFUD,18.72,18.73,0.01,18.79,18.79,18.6,18.7,10,0.02,18.72,0.03,356420,102,1462,2356658,27218,10:31:46,0.11,,,,,,,10:08:38,0.16,20260908104647,2026-09-08 10:46:47,2026-09-08,-0.58,362,0.00000,0.00000,2026-09-08,1612
ETZ6,RFUD,19.15,19.18,0.03,19.23,19.23,19.04,19.08,2,0.04,19.15,0.03,67480,12,47,77345,893,10:31:39,0.21,,,,,,,09:35:54,0.16,20260908104640,2026-09-08 10:46:40,2026-09-08,-1.04,4,0.00000,0.00000,2026-09-08,1645
EuH7,RFUD,103567,103671,104,104000,104000,104000,104000,1,0,103676,-65,564,1,1,104000,1201,10:31:47,0,,,,,,,07:48:15,-0.06,20260908104648,2026-09-08 10:46:48,2026-09-08,0.16,0,0.00000,0.00000,2026-09-08,104000
EuM7,RFUD,105502,106977,1475,0,0,0,0,0,0,106750,285,52,0,0,0,0,10:31:37,0,,,,,,,10:31:37,0.27,20260908104638,2026-09-08 10:46:38,,,0,0.00000,0.00000,2026-09-08,0
EURRUBF,RFUD,100.57,100.59,0.02,100.79,101.21,100.41,100.6,1,0.01,100.54,0.37,107282,631,2313,233247080,2693829,10:31:48,0.01,,,,,,,10:31:37,0.37,20260908104649,2026-09-08 10:46:49,2026-09-08,-0.19,824,100.79000,0.00000,2026-09-08,100600
EuU6,RFUD,100525,100529,4,100845,101236,100408,100543,4,-16,100509,-175,947744,3524,9385,946487648,10931224,10:31:48,-0.02,,,,,,,10:31:41,-0.17,20260908104649,2026-09-08 10:46:49,2026-09-08,-0.23,-1364,0.00000,0.00000,2026-09-08,100543
EuZ6,RFUD,101814,101818,4,102176,102556,101714,101818,1,-35,101797,-191,946066,754,1923,196277741,2266861,10:31:48,-0.03,,,,,,,10:31:46,-0.19,20260908104649,2026-09-08 10:46:49,2026-09-08,-0.28,2210,0.00000,0.00000,2026-09-08,101818
FEU6,RFUD,6184,6194,10,6168,6228,6168,6195,1,-10,6194,1,23674,164,371,2303583,26605,10:31:48,-0.16,,,,,,,10:30:48,0.02,20260908104649,2026-09-08 10:46:49,2026-09-08,0.16,432,0.00000,0.00000,2026-09-08,6195
FEZ6,RFUD,6405,6415,10,6414,6449,6389,6438,2,-1,6415,18,3190,237,683,4396972,50782,10:31:48,-0.02,,,,,,,10:12:06,0.28,20260908104649,2026-09-08 10:46:49,2026-09-08,0.75,1272,0.00000,0.00000,2026-09-08,6438
FFU6,RFUD,75.475,75.535,0.06,75.105,75.635,74.645,75.53,2,-0.005,75.53,0.54,181434,669,4266,32101167,370744,10:31:41,-0.01,,,,,,,10:31:13,0.71,20260908104642,2026-09-08 10:46:42,2026-09-08,0.71,3014,0.00000,0.00000,2026-09-08,7566
FFV6,RFUD,76.615,76.645,0.03,76.245,76.745,75.785,76.645,3,-0.005,76.645,0.485,42844,330,945,7219210,83376,10:31:43,-0.01,,,,,,,10:31:41,0.63,20260908104644,2026-09-08 10:46:44,2026-09-08,0.66,904,0.00000,0.00000,2026-09-08,7678
FIU6,RFUD,4045,4060,15,4094,4094,4094,4094,1,0,4060,-31,1210,4,4,16376,189,10:31:13,0,,,,,,,08:44:40,-0.76,20260908104647,2026-09-08 10:46:47,2026-09-08,0,4,0.00000,0.00000,2026-09-08,4094
FIZ6,RFUD,4125,4163,38,4201,4201,4201,4201,1,0,4163,-26,266,1,1,4201,49,10:31:13,0,,,,,,,08:42:01,-0.62,20260908104647,2026-09-08 10:46:47,2026-09-08,0.29,2,0.00000,0.00000,2026-09-08,4201
FLU6,RFUD,8057,8063,6,8160,8160,8058,8058,1,-3,8061,-114,9942,120,400,3242852,37453,10:31:48,-0.04,,,,,,,10:31:32,-1.41,20260908104649,2026-09-08 10:46:49,2026-09-08,-0.92,354,0.00000,0.00000,2026-09-08,8058
FLZ6,RFUD,8146,8156,10,8260,8260,8122,8163,1,-22,8161,-107,2018,37,37,302225,3490,10:31:48,-0.27,,,,,,,10:07:35,-1.31,20260908104649,2026-09-08 10:46:49,2026-09-08,-0.9,-30,0.00000,0.00000,2026-09-08,8163
FNH7,RFUD,8140,9555,1415,0,0,0,0,0,0,8752,-48,0,0,0,0,0,10:31:31,0,,,,,,,10:31:31,-0.55,20260908104632,2026-09-08 10:46:32,,,0,0.00000,0.00000,2026-09-08,0
FNU6,RFUD,8398,8421,23,0,0,0,0,0,0,8419,-45,11762,0,0,0,0,10:31:47,0,,,,,,,10:31:47,-0.53,20260908104648,2026-09-08 10:46:48,,,0,0.00000,0.00000,2026-09-08,0
FNZ6,RFUD,8859,8947,88,0,0,0,0,0,0,8859,-122,348,0,0,0,0,10:31:48,0,,,,,,,10:31:48,-1.38,20260908104649,2026-09-08 10:46:49,,,0,0.00000,0.00000,2026-09-08,0
FSU6,RFUD,5165,5166,1,5177,5238,5153,5165,7,7,5165,-37,19554,412,1602,8299455,95852,10:31:47,0.14,,,,,,,10:30:54,-0.72,20260908104648,2026-09-08 10:46:48,2026-09-08,-0.67,-278,0.00000,0.00000,2026-09-08,5165
FSZ6,RFUD,5347,5349,2,5395,5415,5335,5335,7,-30,5342,-44,12470,155,492,2639301,30482,10:31:48,-0.56,,,,,,,10:24:14,-0.82,20260908104649,2026-09-08 10:46:49,2026-09-08,-1.24,-56,0.00000,0.00000,2026-09-08,5335
GAZPF,RFUD,90.34,90.35,0.01,91.16,91.47,90.21,90.29,4,-0.05,90.28,-0.82,683612,1514,17570,159291031,1839692,10:31:48,-0.06,,,,,,,10:31:35,-0.91,20260908104649,2026-09-08 10:46:49,2026-09-08,-1.07,610,91.16000,0.06039,2026-09-08,9029
GDH7,RFUD,4513.5,4515.9,2.4,4548.6,4551.2,4514.7,4514.7,1,-3.6,4514.4,-5,1912,30,32,12505929,144434,10:31:48,-0.08,,,,,,,10:12:10,-0.11,20260908104649,2026-09-08 10:46:49,2026-09-08,0,10,0.00000,0.00000,2026-09-08,389126
GDM7,RFUD,4562.5,4570.2,7.7,4597,4597,4577,4577,1,-20,4570.2,-3.6,752,2,2,790715,9132,10:31:47,-0.44,,,,,,,09:07:02,-0.08,20260908104648,2026-09-08 10:46:48,2026-09-08,0.07,0,0.00000,0.00000,2026-09-08,394496
GDU6,RFUD,4418,4418.1,0.1,4446.5,4456.3,4411.8,4418,8,0.9,4416.5,-7.9,212348,11569,37213,14204878843,164055714,10:31:48,0.02,,,,,,,10:31:47,-0.18,20260908104649,2026-09-08 10:46:49,2026-09-08,-0.14,3694,4446.50000,0.00000,2026-09-08,380791
GDZ6,RFUD,4460.9,4461.4,0.5,4485.6,4500,4454.5,4460.7,1,0.7,4459.8,-6.5,80088,1994,3220,1242894498,14354501,10:31:48,0.02,,,,,,,10:31:25,-0.15,20260908104649,2026-09-08 10:46:49,2026-09-08,-0.15,1414,4485.60000,0.00000,2026-09-08,384472
GKU6,RFUD,1325,1326,1,1324,1337,1316,1325,15,-1,1325,0,699760,2574,89826,119272259,1377505,10:31:48,-0.08,,,,,,,10:30:53,0,20260908104649,2026-09-08 10:46:49,2026-09-08,0.23,-4976,1324.00000,0.00000,2026-09-08,1325
GKZ6,RFUD,1351,1352,1,1353,1364,1343,1351,70,-2,1351,-6,78442,419,7463,10115586,116827,10:31:48,-0.15,,,,,,,10:30:49,-0.44,20260908104649,2026-09-08 10:46:49,2026-09-08,-0.15,-3478,0.00000,0.00000,2026-09-08,1351
GLDRUBF,RFUD,12185.9,12186,0.1,12260,12360,12169.2,12185.9,1,0.5,12183.5,12.5,1599728,8429,143690,1760740973,20335240,10:31:48,0,,,,,,,10:31:47,0.1,20260908104649,2026-09-08 10:46:49,2026-09-08,-0.12,-11876,12260.00000,6.18637,2026-09-08,12186
GLH7,RFUD,12945.5,12957.7,12.2,13076.4,13076.4,12946.4,12946.4,8,-0.7,12946.4,-19.2,9804,47,120,1562366,18044,10:31:47,-0.01,,,,,,,10:27:14,-0.15,20260908104648,2026-09-08 10:46:48,2026-09-08,-0.26,-64,0.00000,0.00000,2026-09-08,12946
GLM7,RFUD,13278.6,13326.5,47.9,13404.8,13404.8,13311.5,13323.8,1,-40.2,13315.7,23.2,73402,46,73,975210,11263,10:31:45,-0.3,,,,,,,10:21:35,0.17,20260908104647,2026-09-08 10:46:47,2026-09-08,0.22,4,0.00000,0.00000,2026-09-08,13324
GLU6,RFUD,12209.5,12209.6,0.1,12301,12336.1,12193.2,12207,4,1.3,12206.5,-5,956304,4572,56411,691112118,7981827,10:31:48,0.01,,,,,,,10:31:28,-0.04,20260908104649,2026-09-08 10:46:49,2026-09-08,-0.22,-9782,12301.00000,0.00000,2026-09-08,12207
GLZ6,RFUD,12595.5,12596.4,0.9,12668.2,12719,12580.1,12591.9,1,2.2,12592.5,-6.9,626434,1135,3547,44872873,518248,10:31:48,0.02,,,,,,,10:31:10,-0.05,20260908104649,2026-09-08 10:46:49,2026-09-08,-0.19,1920,0.00000,0.00000,2026-09-08,12592
GNH7,RFUD,4517.7,4527,9.3,4517.6,4517.6,4517.6,4517.6,2,0,4517.7,-1.5,706,1,2,77875,899,10:31:46,0,,,,,,,10:01:02,-0.03,20260908104647,2026-09-08 10:46:47,2026-09-08,-0.14,4,0.00000,0.00000,2026-09-08,38938
GNM7,RFUD,4580.7,4590,9.3,0,0,0,0,0,0,4584.2,1.8,388,0,0,0,0,10:31:46,0,,,,,,,10:31:46,0.04,20260908104647,2026-09-08 10:46:47,,,0,0.00000,0.00000,2026-09-08,0
GNU6,RFUD,4417.8,4417.9,0.1,4444.1,4456.2,4411.9,4417.1,3,0.1,4417.1,-6.7,57734,2109,5075,193873222,2239091,10:31:47,0,,,,,,,10:31:17,-0.15,20260908104649,2026-09-08 10:46:49,2026-09-08,-0.14,-206,4444.10000,0.00000,2026-09-08,38071
GNZ6,RFUD,4465.1,4465.5,0.4,4492,4506.1,4457.8,4463.6,1,0.7,4464.3,-3.8,10050,392,575,22202582,256423,10:31:47,0.02,,,,,,,10:30:29,-0.09,20260908104648,2026-09-08 10:46:48,2026-09-08,-0.13,202,4492.00000,0.00000,2026-09-08,38472
GUH7,RFUD,1.3281,1.3676,0.0395,0,0,0,0,0,0,1.3516,0,0,0,0,0,0,10:30:57,0,,,,,,,10:30:57,0,20260908104558,2026-09-08 10:45:58,,,0,0.00000,0.00000,2026-09-08,0
GUU6,RFUD,1.3502,1.3521,0.0019,0,0,0,0,0,0,1.3511,0,6434,0,0,0,0,10:31:12,0,,,,,,,10:31:12,0,20260908104613,2026-09-08 10:46:13,,,0,0.00000,0.00000,2026-09-08,0
GUZ6,RFUD,1.3397,1.3476,0.0079,0,0,0,0,0,0,1.3476,0.0108,18,0,0,0,0,10:30:38,0,,,,,,,10:30:38,0.8,20260908104539,2026-09-08 10:45:39,,,0,0.00000,0.00000,2026-09-08,0
GZH7,RFUD,9692,9699,7,9773,9816,9695,9708,3,4,9696,-93,17798,79,219,2133290,24638,10:31:48,0.04,,,,,,,10:11:42,-0.96,20260908104649,2026-09-08 10:46:49,2026-09-08,-1.07,234,0.00000,0.00000,2026-09-08,9708
GZM7,RFUD,10053,10064,11,10181,10181,10072,10072,1,-15,10061,-91,8406,8,8,80855,934,10:31:48,-0.15,,,,,,,10:11:42,-0.9,20260908104649,2026-09-08 10:46:49,2026-09-08,-1.04,10,0.00000,0.00000,2026-09-08,10072
GZU6,RFUD,9063,9064,1,9180,9180,9046,9063,2,1,9059,-105,1120356,8952,54693,497773286,5748909,10:31:48,0.01,,,,,,,10:31:47,-1.16,20260908104649,2026-09-08 10:46:49,2026-09-08,-1.1,-11952,9180.00000,0.00000,2026-09-08,9063
GZZ6,RFUD,9382,9384,2,9472,9500,9368,9379,6,6,9379,-102,207756,3332,13748,129543749,1496133,10:31:48,0.06,,,,,,,10:31:35,-1.09,20260908104649,2026-09-08 10:46:49,2026-09-08,-1.12,6114,0.00000,0.00000,2026-09-08,9379
HDU6,RFUD,2779,2784,5,2815,2815,2779,2779,10,-8,2784,-26,24396,51,864,2414727,27888,10:31:45,-0.29,,,,,,,10:31:36,-0.93,20260908104647,2026-09-08 10:46:47,2026-09-08,-1.24,-630,0.00000,0.00000,2026-09-08,2779
HDZ6,RFUD,2671,2695,24,2730,2730,2663,2696,20,24,2695,-19,13342,27,267,719106,8305,10:31:32,0.9,,,,,,,10:28:06,-0.71,20260908104633,2026-09-08 10:46:33,2026-09-08,-0.85,350,0.00000,0.00000,2026-09-08,2696
HKH7,RFUD,10.909,12.526,1.617,0,0,0,0,0,0,12.164,-0.007,0,0,0,0,0,10:31:46,0,,,,,,,10:31:46,-0.06,20260908104647,2026-09-08 10:46:47,,,0,0.00000,0.00000,2026-09-08,0
HKU6,RFUD,11.024,11.075,0.051,11.102,11.121,11.102,11.121,1,0.019,11.075,0.043,86,3,3,33250,384,10:31:02,0.17,,,,,,,09:32:00,0.39,20260908104602,2026-09-08 10:46:02,2026-09-08,2.5,2,0.00000,0.00000,2026-09-08,11121
HKZ6,RFUD,11.125,11.514,0.389,11.501,11.561,11.501,11.504,1,-0.057,11.514,0.095,68,5,5,57480,664,10:31:47,-0.49,,,,,,,10:11:50,0.83,20260908104648,2026-09-08 10:46:48,2026-09-08,0,2,0.00000,0.00000,2026-09-08,11504
HOODF,RFUD,108.2,128.88,20.68,0,0,0,0,0,0,118.52,-3.59,0,0,0,0,0,10:31:18,0,,,,,,,10:31:18,-3.03,20260908104647,2026-09-08 10:46:47,,,0,0.00000,0.00000,2026-09-08,0
HOU6,RFUD,39350,39580,230,0,0,0,0,0,0,39370,0,768,0,0,0,0,10:10:12,0,,,,,,,10:10:12,0,20260908102513,2026-09-08 10:25:13,,,0,0.00000,0.00000,2026-09-08,0
HOZ6,RFUD,40800,41080,280,0,0,0,0,0,0,40800,0,46,0,0,0,0,09:38:00,0,,,,,,,09:38:00,0,20260908095301,2026-09-08 09:53:01,,,0,0.00000,0.00000,2026-09-08,0
HSU6,RFUD,25968,25979,11,25867,26019,25867,25959,44,-8,25964,32,102804,16,175,499539,5769,10:31:47,-0.03,,,,,,,10:16:16,0.12,20260908104648,2026-09-08 10:46:48,2026-09-08,0.09,-44,0.00000,0.00000,2026-09-08,2853
HSZ6,RFUD,26145,26223,78,26120,26262,26021,26145,20,-117,26145,-33,8192,17,64,183879,2124,10:31:47,-0.45,,,,,,,09:20:19,-0.13,20260908104648,2026-09-08 10:46:48,2026-09-08,-0.13,44,0.00000,0.00000,2026-09-08,2874
HXU6,RFUD,1348.3,1350.2,1.9,1371.5,1416,1336.3,1348.2,1,-0.4,1348.3,17.3,11456,162,1289,15458535,178535,10:30:22,-0.03,,,,,,,10:23:21,1.28,20260908104524,2026-09-08 10:45:24,2026-09-08,0.32,40,1371.50000,0.00000,2026-09-08,11620
HXZ6,RFUD,1376,1391.2,15.2,1376.6,1400,1374.7,1376,1,1.3,1376,51,184,19,36,427159,4933,10:30:16,0.09,,,,,,,09:36:20,3.71,20260908104517,2026-09-08 10:45:17,2026-09-08,1.93,50,0.00000,0.00000,2026-09-08,11860
HYU6,RFUD,3750,3757,7,3680,3817,3680,3750,1,-3,3750,10,31716,586,5010,18888316,218146,10:31:48,-0.08,,,,,,,10:30:55,0.27,20260908104649,2026-09-08 10:46:49,2026-09-08,1.63,122,0.00000,0.00000,2026-09-08,3750
HYZ6,RFUD,3872,3882,10,3827,3938,3827,3878,1,-9,3878,18,4158,92,219,853600,9858,10:31:48,-0.23,,,,,,,10:30:07,0.46,20260908104649,2026-09-08 10:46:49,2026-09-08,1.73,158,0.00000,0.00000,2026-09-08,3878
I2H7,RFUD,0.8507,1.0525,0.2018,0,0,0,0,0,0,0.948,0,0,0,0,0,0,10:31:48,0,,,,,,,10:31:48,0,20260908104649,2026-09-08 10:46:49,,,0,0.00000,0.00000,2026-09-08,0
I2U6,RFUD,0.9098,0.913,0.0032,0,0,0,0,0,0,0.9118,0,294,0,0,0,0,10:31:48,0,,,,,,,10:31:48,0,20260908104649,2026-09-08 10:46:49,,,0,0.00000,0.00000,2026-09-08,0
I2Z6,RFUD,0.9252,0.934,0.0088,0,0,0,0,0,0,0.9297,0,40,0,0,0,0,10:31:47,0,,,,,,,10:31:47,0,20260908104648,2026-09-08 10:46:48,,,0,0.00000,0.00000,2026-09-08,0
IBH7,RFUD,43.06,51.09,8.03,0,0,0,0,0,0,45.8,-0.22,2,0,0,0,0,10:09:20,0,,,,,,,10:09:20,-0.48,20260908104457,2026-09-08 10:44:57,,,0,0.00000,0.00000,2026-09-08,0
IBU6,RFUD,44.42,44.43,0.01,44.76,44.76,44.26,44.42,1,-0.03,44.42,-0.21,960408,410,12117,46442422,536375,10:31:46,-0.07,,,,,,,10:29:27,-0.47,20260908104647,2026-09-08 10:46:47,2026-09-08,-1.07,1182,0.00000,0.00000,2026-09-08,3829
IBZ6,RFUD,45.43,45.47,0.04,45.62,45.62,45.26,45.45,2,0.04,45.45,-0.11,335364,154,1584,6215280,71782,10:31:46,0.09,,,,,,,10:25:50,-0.24,20260908104647,2026-09-08 10:46:47,2026-09-08,-0.76,414,0.00000,0.00000,2026-09-08,3917
IMOEXF,RFUD,2258.5,2259,0.5,2271,2277,2256,2259,3,0.5,2257.5,-8,2468770,14770,290107,6573844170,75922978,10:31:48,0.02,,,,,,,10:31:48,-0.35,20260908104649,2026-09-08 10:46:49,2026-09-08,-0.57,-4642,2271.00000,-0.16344,2026-09-08,22590
INU6,RFUD,94.825,95.27,0.445,0,0,0,0,0,0,94.9225,0,0,0,0,0,0,10:30:15,0,,,,,,,10:30:15,0,20260908104516,2026-09-08 10:45:16,,,0,0.00000,0.00000,2026-09-08,0
INZ6,RFUD,94.1975,95.9175,1.72,0,0,0,0,0,0,95.9175,0.195,0,0,0,0,0,10:30:15,0,,,,,,,10:30:15,0.2,20260908104516,2026-09-08 10:45:16,,,0,0.00000,0.00000,2026-09-08,0
IPH7,RFUD,544.5,0,0,0,0,0,0,0,0,544.5,17,0,0,0,0,0,08:52:08,0,,,,,,,08:52:08,3.12,20260908103653,2026-09-08 10:36:53,,,0,0.00000,0.00000,2026-09-08,0
IPU6,RFUD,484,487.5,3.5,483,495,482.5,487.5,22,-7.5,487.5,5,3690,4,27,13151,152,10:30:32,-1.52,,,,,,,10:21:43,1.03,20260908104533,2026-09-08 10:45:33,2026-09-08,-1.71,-6,0.00000,0.00000,2026-09-08,488
IPZ6,RFUD,502,509,7,501,509,501,509,1,8,509,0,2368,3,3,1511,17,10:29:41,1.6,,,,,,,09:44:46,0,20260908104442,2026-09-08 10:44:42,2026-09-08,0,-6,0.00000,0.00000,2026-09-08,509
IRU6,RFUD,23941,23971,30,24161,24257,23960,23960,1,-55,23960,-193,9444,145,323,7785593,89918,10:31:48,-0.23,,,,,,,10:30:17,-0.81,20260908104649,2026-09-08 10:46:49,2026-09-08,-0.56,-156,0.00000,0.00000,2026-09-08,23960
IRZ6,RFUD,24758,24804,46,24960,24991,24813,24832,1,19,24804,-156,1412,28,45,1122448,12963,10:31:48,0.08,,,,,,,10:27:48,-0.63,20260908104649,2026-09-08 10:46:49,2026-09-08,-0.51,22,0.00000,0.00000,2026-09-08,24832
ISU6,RFUD,458,465,7,468,468,463,463,121,-5,463,5,12338,2,122,56491,652,10:31:48,-1.07,,,,,,,08:15:30,1.08,20260908104649,2026-09-08 10:46:49,2026-09-08,0,0,0.00000,0.00000,2026-09-08,463
ISZ6,RFUD,468,475,7,479,479,479,479,1,0,475,7,3166,1,1,479,6,10:31:48,0,,,,,,,07:52:31,1.47,20260908104649,2026-09-08 10:46:49,2026-09-08,1.27,2,0.00000,0.00000,2026-09-08,479
IVU6,RFUD,6930,6959,29,7018,7100,6829,6849,1,-30,6849,-94,4586,76,541,3787790,43746,10:31:48,-0.44,,,,,,,10:30:52,-1.37,20260908104649,2026-09-08 10:46:49,2026-09-08,-2.06,-376,0.00000,0.00000,2026-09-08,6849
IVZ6,RFUD,7121,7163,42,7166,7297,7080,7080,1,-62,7081,-21,1252,36,89,643979,7437,10:31:48,-0.87,,,,,,,10:30:52,-0.3,20260908104649,2026-09-08 10:46:49,2026-09-08,-0.69,-2,0.00000,0.00000,2026-09-08,7080
JDU6,RFUD,27.73,27.8,0.07,0,0,0,0,0,0,27.76,-0.09,84,0,0,0,0,10:31:22,0,,,,,,,10:31:22,-0.32,20260908104628,2026-09-08 10:46:28,,,0,0.00000,0.00000,2026-09-08,0
JDZ6,RFUD,28.31,31.89,3.58,0,0,0,0,0,0,30.1,0.5,12,0,0,0,0,10:31:22,0,,,,,,,10:31:22,1.66,20260908104628,2026-09-08 10:46:28,,,0,0.00000,0.00000,2026-09-08,0
JPH7,RFUD,152.28,160.16,7.88,0,0,0,0,0,0,153.19,-2.53,0,0,0,0,0,10:30:26,0,,,,,,,10:30:26,-1.65,20260908104527,2026-09-08 10:45:27,,,0,0.00000,0.00000,2026-09-08,0
JPU6,RFUD,154.2,154.36,0.16,154.05,154.39,153.7,154.36,1,-0.02,154.36,-0.42,4120,41,620,52741760,609128,10:31:31,-0.01,,,,,,,10:31:00,-0.27,20260908104632,2026-09-08 10:46:32,2026-09-08,-0.28,78,154.05000,0.00000,2026-09-08,85329
JPZ6,RFUD,155.02,156.22,1.2,154.61,156.27,154.6,156.22,1,-0.05,156.22,1.24,340,13,26,2233172,25791,10:31:40,-0.03,,,,,,,10:31:00,0.79,20260908104641,2026-09-08 10:46:41,2026-09-08,0.26,28,0.00000,0.00000,2026-09-08,86357
KCG7,RFUD,3.005,3.007,0.002,2.987,3.01,2.983,3.007,3,-0.002,3.007,0.015,36176,239,759,1962371,22664,10:31:48,-0.07,,,,,,,10:30:45,0.5,20260908104649,2026-09-08 10:46:49,2026-09-08,0.6,464,0.00000,0.00000,2026-09-08,2592
KCX6,RFUD,2.987,2.988,0.001,2.975,2.991,2.963,2.988,14,0.001,2.987,0.011,1064538,1862,36228,93146407,1075771,10:31:44,0.03,,,,,,,10:31:44,0.37,20260908104647,2026-09-08 10:46:47,2026-09-08,0.5,-2324,2.97500,0.00000,2026-09-08,2575
KMU6,RFUD,551,552,1,552,557,549,551,2,-6,551,-4,33718,99,1835,1010560,11671,10:31:45,-1.08,,,,,,,10:30:57,-0.73,20260908104646,2026-09-08 10:46:46,2026-09-08,0,-72,0.00000,0.00000,2026-09-08,551
KMZ6,RFUD,549,553,4,548,555,541,553,1,-2,553,2,9444,12,108,58902,680,10:31:45,-0.36,,,,,,,10:21:38,0.36,20260908104646,2026-09-08 10:46:46,2026-09-08,0.18,-190,0.00000,0.00000,2026-09-08,553
KRU6,RFUD,187.53,188.07,0.54,190.03,193.24,186.66,187.28,1,-0.16,187.53,0.11,7418,50,610,10123311,116917,10:31:46,-0.09,,,,,,,10:23:35,0.06,20260908104647,2026-09-08 10:46:47,2026-09-08,-0.94,-1040,190.03000,0.00000,2026-09-08,16142
KRZ6,RFUD,187.54,189.54,2,191.52,192.75,190,190,1,-1.21,189.54,2.02,226,5,5,82569,954,10:31:43,-0.63,,,,,,,09:10:53,1.07,20260908104644,2026-09-08 10:46:44,2026-09-08,1.33,8,0.00000,0.00000,2026-09-08,16376
KZH7,RFUD,16.998,20.076,3.078,0,0,0,0,0,0,18.684,0.008,0,0,0,0,0,10:31:48,0,,,,,,,10:31:48,0.04,20260908104649,2026-09-08 10:46:49,,,0,0.00000,0.00000,2026-09-08,0
KZU6,RFUD,18.72,19.177,0.457,0,0,0,0,0,0,19.176,0.286,210,0,0,0,0,10:31:48,0,,,,,,,10:31:48,1.49,20260908104649,2026-09-08 10:46:49,,,0,0.00000,0.00000,2026-09-08,0
KZZ6,RFUD,18.578,19.546,0.968,0,0,0,0,0,0,18.994,0.008,12,0,0,0,0,10:31:48,0,,,,,,,10:31:48,0.04,20260908104649,2026-09-08 10:46:49,,,0,0.00000,0.00000,2026-09-08,0
LDH7,RFUD,1460.9,1467.4,6.5,1453.5,1453.5,1452.7,1452.7,2,0,1460.9,3.3,388,4,14,175369,2025,10:31:47,0,,,,,,,09:23:34,0.23,20260908104648,2026-09-08 10:46:48,2026-09-08,-0.5,6,0.00000,0.00000,2026-09-08,12521
LDM7,RFUD,1486.8,1506,19.2,0,0,0,0,0,0,1506,-2.9,260,0,0,0,0,10:31:08,0,,,,,,,10:31:08,-0.19,20260908104609,2026-09-08 10:46:09,,,0,0.00000,0.00000,2026-09-08,0
LDU6,RFUD,1392,1393.4,1.4,1395.9,1403.3,1384.5,1392.8,2,-0.9,1392.8,2.7,8854,111,239,2867415,33117,10:31:48,-0.06,,,,,,,10:26:49,0.19,20260908104649,2026-09-08 10:46:49,2026-09-08,-0.19,-14,0.00000,0.00000,2026-09-08,12005
LDU7,RFUD,1420.1,1742.7,322.6,0,0,0,0,0,0,1571.8,3,0,0,0,0,0,10:29:47,0,,,,,,,10:29:47,0.19,20260908104448,2026-09-08 10:44:48,,,0,0.00000,0.00000,2026-09-08,0
LDZ6,RFUD,1438.7,1441.1,2.4,1447,1449.8,1431.7,1439.9,1,-1.2,1439.9,1.3,3166,47,67,831300,9601,10:31:48,-0.08,,,,,,,10:14:20,0.09,20260908104649,2026-09-08 10:46:49,2026-09-08,-0.15,22,0.00000,0.00000,2026-09-08,12411
LEU6,RFUD,666,670,4,0,0,0,0,0,0,670,-2,3044,0,0,0,0,10:31:19,0,,,,,,,10:31:19,-0.3,20260908104620,2026-09-08 10:46:20,,,0,0.00000,0.00000,2026-09-08,0
LEZ6,RFUD,652,670,18,651,651,651,651,1,0,652,-7,1166,1,1,651,8,10:31:35,0,,,,,,,07:51:42,-1.07,20260908104636,2026-09-08 10:46:36,2026-09-08,-2.54,-2,0.00000,0.00000,2026-09-08,651
LITEF,RFUD,807.5,927.6,120.1,0,0,0,0,0,0,867.5,-13.8,0,0,0,0,0,10:23:07,0,,,,,,,10:23:07,-1.59,20260908103808,2026-09-08 10:38:08,,,0,0.00000,0.00000,2026-09-08,0
LKH7,RFUD,49838,49996,158,50118,50321,49652,50044,1,2,49997,212,996,48,48,2400008,27718,10:31:48,0,,,,,,,09:40:32,0.42,20260908104649,2026-09-08 10:46:49,2026-09-08,-0.61,0,0.00000,0.00000,2026-09-08,50044
LKM7,RFUD,49226,49550,324,50061,50061,48453,49550,1,-50,49549,-261,174,43,59,2917480,33695,10:31:48,-0.1,,,,,,,09:35:34,-0.53,20260908104649,2026-09-08 10:46:49,2026-09-08,-1.52,-32,0.00000,0.00000,2026-09-08,49550
LKU6,RFUD,51600,51617,17,51780,51943,51379,51600,1,-4,51554,654,100884,2250,4964,256267360,2959696,10:31:48,-0.01,,,,,,,10:31:48,1.27,20260908104649,2026-09-08 10:46:49,2026-09-08,-0.14,-234,51780.00000,0.00000,2026-09-08,51600
LKZ6,RFUD,48500,48569,69,48866,48944,48412,48500,1,-1,48500,105,13502,449,663,32233029,372267,10:31:48,0,,,,,,,10:28:07,0.22,20260908104649,2026-09-08 10:46:49,2026-09-08,-0.75,350,0.00000,0.00000,2026-09-08,48500
LNU6,RFUD,1766,1771,5,1773,1806,1766,1766,1,-5,1766,-8,22410,103,1366,2440589,28187,10:31:15,-0.28,,,,,,,10:30:02,-0.45,20260908104637,2026-09-08 10:46:37,2026-09-08,-0.62,398,0.00000,0.00000,2026-09-08,1766
LNZ6,RFUD,1736,1743,7,1705,1782,1705,1744,1,-14,1743,4,3072,39,53,93895,1084,10:31:15,-0.8,,,,,,,10:17:51,0.23,20260908104637,2026-09-08 10:46:37,2026-09-08,-0.06,10,1705.00000,0.00000,2026-09-08,1744
LTH7,RFUD,1915.6,1924.6,9,1932.8,1932.8,1932.8,1932.8,1,0,1924.6,12.4,184,1,1,16659,192,10:31:47,0,,,,,,,07:10:56,0.64,20260908104648,2026-09-08 10:46:48,2026-09-08,0.88,0,0.00000,0.00000,2026-09-08,16659
LTM7,RFUD,1955.7,1967.1,11.4,1958.4,1958.4,1958.4,1958.4,1,0,1958.4,-11.2,112,1,1,16880,195,10:27:14,0,,,,,,,09:05:31,-0.57,20260908104637,2026-09-08 10:46:37,2026-09-08,0,2,0.00000,0.00000,2026-09-08,16880
LTU6,RFUD,1842.8,1843.7,0.9,1848.5,1855.7,1832.1,1843.7,1,-0.3,1842.6,-1.5,4736,322,657,10456154,120761,10:31:47,-0.02,,,,,,,10:24:15,-0.08,20260908104648,2026-09-08 10:46:48,2026-09-08,-0.06,182,0.00000,0.00000,2026-09-08,15891
LTU7,RFUD,1850.1,2243.5,393.4,0,0,0,0,0,0,2057,-1.7,0,0,0,0,0,10:29:44,0,,,,,,,10:29:44,-0.08,20260908104637,2026-09-08 10:46:37,,,0,0.00000,0.00000,2026-09-08,0
LTZ6,RFUD,1878.5,1879.6,1.1,1886.7,1890,1868.5,1878.5,2,2.1,1876.4,-6,1724,81,147,2387749,27577,10:31:48,0.11,,,,,,,10:31:45,-0.32,20260908104649,2026-09-08 10:46:49,2026-09-08,-0.15,174,0.00000,0.00000,2026-09-08,16191
MAH7,RFUD,4489,5145,656,0,0,0,0,0,0,4751,-63,0,0,0,0,0,10:31:48,0,,,,,,,10:31:48,-1.33,20260908104649,2026-09-08 10:46:49,,,0,0.00000,0.00000,2026-09-08,0
MAU6,RFUD,4553,4570,17,4582,4582,4580,4580,26,-2,4570,-60,2766,6,58,265664,3068,10:31:48,-0.04,,,,,,,10:02:24,-1.31,20260908104649,2026-09-08 10:46:49,2026-09-08,-0.02,0,0.00000,0.00000,2026-09-08,4580
MAZ6,RFUD,4773,4870,97,4791,4791,4773,4773,1,-18,4773,-40,310,12,90,430760,4975,10:31:39,-0.38,,,,,,,10:02:15,-0.84,20260908104640,2026-09-08 10:46:40,2026-09-08,-3.22,-166,0.00000,0.00000,2026-09-08,4773
MCU6,RFUD,3947,3950,3,4014,4028,3947,3947,1,-2,3949,-81,94310,420,2339,9307667,107497,10:31:48,-0.05,,,,,,,10:31:41,-2.05,20260908104649,2026-09-08 10:46:49,2026-09-08,-1.03,-402,0.00000,0.00000,2026-09-08,3947
MCZ6,RFUD,3955,3958,3,3999,4000,3941,3955,1,-2,3957,-43,17320,116,224,888872,10266,10:31:47,-0.05,,,,,,,10:31:41,-1.09,20260908104648,2026-09-08 10:46:48,2026-09-08,-0.38,50,0.00000,0.00000,2026-09-08,3955
MDU6,RFUD,13131,13156,25,13266,13282,13140,13183,13,43,13148,-139,2258,19,85,1124476,12987,10:31:47,0.33,,,,,,,10:08:07,-1.06,20260908104648,2026-09-08 10:46:48,2026-09-08,-0.83,-26,0.00000,0.00000,2026-09-08,13183
MDZ6,RFUD,13349,13388,39,13490,13515,13430,13430,1,-11,13380,-109,1034,7,7,94326,1089,10:31:47,-0.08,,,,,,,07:50:52,-0.81,20260908104648,2026-09-08 10:46:48,2026-09-08,-0.82,10,0.00000,0.00000,2026-09-08,13430
MEU6,RFUD,15378,15379,1,15483,15521,15378,15379,5,1,15379,-149,141376,384,1290,19908778,229931,10:31:48,0.01,,,,,,,10:31:44,-0.97,20260908104649,2026-09-08 10:46:49,2026-09-08,-0.7,-160,0.00000,0.00000,2026-09-08,15379
MEZ6,RFUD,15893,15899,6,16000,16046,15900,15900,1,-15,15899,-152,4858,149,456,7264668,83901,10:31:47,-0.09,,,,,,,10:30:05,-0.96,20260908104648,2026-09-08 10:46:48,2026-09-08,-0.82,52,0.00000,0.00000,2026-09-08,15900
MFU6,RFUD,0,0,0,0,0,0,0,0,0,83.63,0,0,0,0,0,0,03:10:56,0,,,,,,,03:10:56,0,20260908070506,2026-09-08 07:05:06,,,0,0.00000,0.00000,2026-09-08,0
MGU6,RFUD,23637,23649,12,23818,23917,23637,23637,1,-10,23657,-128,31094,393,671,15945451,184158,10:31:48,-0.04,,,,,,,10:31:28,-0.54,20260908104649,2026-09-08 10:46:49,2026-09-08,-0.71,-106,23818.00000,0.00000,2026-09-08,23637
MGZ6,RFUD,24427,24439,12,24635,24700,24500,24500,2,-68,24454,-113,4204,78,124,3049486,35219,10:31:48,-0.28,,,,,,,10:28:47,-0.46,20260908104649,2026-09-08 10:46:49,2026-09-08,-0.4,30,0.00000,0.00000,2026-09-08,24500
MMH7,RFUD,2351.85,2353.4,1.55,2366,2372.45,2351.2,2351.2,1,-0.7,2351.2,-9.8,3894,76,97,2288313,26428,10:31:48,-0.03,,,,,,,10:30:19,-0.42,20260908104649,2026-09-08 10:46:49,2026-09-08,-0.76,-38,0.00000,0.00000,2026-09-08,23512
MMH8,RFUD,2582.1,2736.7,154.6,0,0,0,0,0,0,2645.35,-11.25,96,0,0,0,0,10:31:21,0,,,,,,,10:31:21,-0.43,20260908104642,2026-09-08 10:46:42,,,0,0.00000,0.00000,2026-09-08,0
MMM7,RFUD,2419.65,2425.9,6.25,2437.05,2445.25,2437.05,2445.25,2,0,2425.9,-0.2,1760,5,6,146492,1692,10:31:46,0,,,,,,,09:41:00,-0.01,20260908104647,2026-09-08 10:46:47,2026-09-08,0,10,0.00000,0.00000,2026-09-08,24452
MMM8,RFUD,2647.6,2816.8,169.2,0,0,0,0,0,0,2725.4,-11.6,162,0,0,0,0,10:31:17,0,,,,,,,10:31:17,-0.43,20260908104642,2026-09-08 10:46:42,,,0,0.00000,0.00000,2026-09-08,0
MMU6,RFUD,2265.1,2265.3,0.2,2277.95,2283.65,2263,2265.3,2,-0.05,2264,-9.65,328226,21379,96819,2200588556,25415150,10:31:48,0,,,,,,,10:31:48,-0.43,20260908104649,2026-09-08 10:46:49,2026-09-08,-0.58,4240,2277.95000,0.00000,2026-09-08,22653
MMU7,RFUD,2410.7,2475.15,64.45,2436.9,2460,2436.9,2440,1,3.1,2475.15,35.15,898,10,14,342645,3957,10:31:48,0.13,,,,,,,10:02:17,1.42,20260908104649,2026-09-08 10:46:49,2026-09-08,-1.69,22,0.00000,0.00000,2026-09-08,24400
MMU8,RFUD,0,2948.6,0,0,0,0,0,0,0,2817.3,-12.5,0,0,0,0,0,10:12:47,0,,,,,,,10:12:47,-0.44,20260908104642,2026-09-08 10:46:42,,,0,0.00000,0.00000,2026-09-08,0
MMZ6,RFUD,2285.55,2285.95,0.4,2298.75,2305,2283.3,2285.15,1,0.6,2284.3,-8.6,161750,4835,12995,298207357,3444072,10:31:48,0.03,,,,,,,10:31:45,-0.38,20260908104649,2026-09-08 10:46:49,2026-09-08,-0.61,-1716,2298.75000,0.00000,2026-09-08,22852
MMZ7,RFUD,2527.3,2556.5,29.2,0,0,0,0,0,0,2556.5,2.15,1392,0,0,0,0,10:31:47,0,,,,,,,10:31:47,0.08,20260908104648,2026-09-08 10:46:48,,,0,0.00000,0.00000,2026-09-08,0
MNU6,RFUD,1678,1680,2,1697,1706,1678,1679,17,-1,1679,-19,321820,928,13781,23318662,269313,10:31:48,-0.06,,,,,,,10:31:30,-1.13,20260908104649,2026-09-08 10:46:49,2026-09-08,-1.18,5644,0.00000,0.00000,2026-09-08,1679
MNZ6,RFUD,1733,1736,3,1753,1759,1733,1733,58,-2,1734,-20,119292,487,4735,8270428,95517,10:31:48,-0.12,,,,,,,10:30:13,-1.15,20260908104649,2026-09-08 10:46:49,2026-09-08,-1.2,494,0.00000,0.00000,2026-09-08,1733
MTU6,RFUD,18818,18835,17,18965,19051,18811,18816,1,5,18813,-280,14120,235,759,14402227,166335,10:31:48,0.03,,,,,,,10:31:23,-1.49,20260908104649,2026-09-08 10:46:49,2026-09-08,-0.39,1018,0.00000,0.00000,2026-09-08,18816
MTZ6,RFUD,19398,19425,27,19550,19621,19400,19400,1,-53,19400,-250,2002,25,49,954952,11029,10:31:48,-0.27,,,,,,,10:30:50,-1.29,20260908104649,2026-09-08 10:46:49,2026-09-08,-0.51,-18,0.00000,0.00000,2026-09-08,19400
MVU6,RFUD,446,448,2,450,450,447,449,200,2,448,-6,162342,9,347,155719,1798,10:31:40,0.45,,,,,,,10:08:04,-1.34,20260908104641,2026-09-08 10:46:41,2026-09-08,-0.66,-542,0.00000,0.00000,2026-09-08,449
MVZ6,RFUD,439,445,6,446,446,435,435,2,-11,439,-3,20542,3,4,1751,20,10:31:29,-2.47,,,,,,,08:44:54,-0.68,20260908104630,2026-09-08 10:46:30,2026-09-08,-1.58,6,0.00000,0.00000,2026-09-08,435
MXH7,RFUD,235175,235300,125,236925,236925,233975,235250,1,-650,235175,-1050,2016,83,95,22386825,258551,10:31:48,-0.28,,,,,,,10:28:37,-0.45,20260908104649,2026-09-08 10:46:49,2026-09-08,-0.78,-2,0.00000,0.00000,2026-09-08,235250
MXH8,RFUD,257250,266825,9575,0,0,0,0,0,0,266825,-100,36,0,0,0,0,10:31:13,0,,,,,,,10:31:13,-0.04,20260908104647,2026-09-08 10:46:47,,,0,0.00000,0.00000,2026-09-08,0
MXM7,RFUD,240850,242525,1675,242150,242150,240825,240825,1,-1300,240850,-1775,426,6,6,1450175,16748,10:31:18,-0.54,,,,,,,10:23:06,-0.74,20260908104647,2026-09-08 10:46:47,2026-09-08,-0.8,6,0.00000,0.00000,2026-09-08,240825
MXM8,RFUD,265875,272925,7050,0,0,0,0,0,0,272925,2925,20,0,0,0,0,10:30:18,0,,,,,,,10:30:18,1.07,20260908104647,2026-09-08 10:46:47,,,0,0.00000,0.00000,2026-09-08,0
MXU6,RFUD,226500,226550,50,227800,228350,226300,226500,4,-50,226400,-975,382710,20195,55659,12647461575,146068711,10:31:48,-0.02,,,,,,,10:31:48,-0.43,20260908104649,2026-09-08 10:46:49,2026-09-08,-0.55,164,227800.00000,0.00000,2026-09-08,226500
MXU7,RFUD,242425,246700,4275,0,0,0,0,0,0,246700,2575,176,0,0,0,0,10:30:55,0,,,,,,,10:30:55,1.04,20260908104647,2026-09-08 10:46:47,,,0,0.00000,0.00000,2026-09-08,0
MXU8,RFUD,273800,303400,29600,0,0,0,0,0,0,291550,-1325,0,0,0,0,0,10:29:30,0,,,,,,,10:29:30,-0.45,20260908104647,2026-09-08 10:46:47,,,0,0.00000,0.00000,2026-09-08,0
MXZ6,RFUD,228500,228600,100,229625,230500,228325,228525,1,100,228425,-875,68180,2954,4677,1072845075,12390557,10:31:48,0.04,,,,,,,10:31:46,-0.38,20260908104649,2026-09-08 10:46:49,2026-09-08,-0.65,-348,229625.00000,0.00000,2026-09-08,228525
MXZ7,RFUD,252000,255500,3500,0,0,0,0,0,0,255500,1325,74,0,0,0,0,10:30:54,0,,,,,,,10:30:54,0.52,20260908104647,2026-09-08 10:46:47,,,0,0.00000,0.00000,2026-09-08,0
MYU6,RFUD,808.9,809.8,0.9,811.1,812,806.3,809.1,1,1.2,809.1,-3.2,6990,29,1153,12005384,138653,10:31:48,0.15,,,,,,,10:15:21,-0.4,20260908104649,2026-09-08 10:46:49,2026-09-08,-0.39,32,0.00000,0.00000,2026-09-08,10433
MYZ6,RFUD,808.8,815.1,6.3,815.6,817.5,813,813,1,-2,813,-2.2,400,18,26,273693,3161,10:31:48,-0.25,,,,,,,09:45:16,-0.27,20260908104649,2026-09-08 10:46:49,2026-09-08,-0.27,30,0.00000,0.00000,2026-09-08,10483
N2U6,RFUD,67716,67916,200,68334,69050,67375,67946,28,22,67916,-513,26018,64,1363,5180996,59837,10:31:10,0.03,,,,,,,10:30:35,-0.76,20260908104642,2026-09-08 10:46:42,2026-09-08,0.24,2108,0.00000,0.00000,2026-09-08,3756
N2Z6,RFUD,66483,66997,514,67100,67880,66185,66786,1,519,66786,-684,6224,18,39,143483,1657,10:31:41,0.78,,,,,,,09:37:49,-1.02,20260908104642,2026-09-08 10:46:42,2026-09-08,-0.26,44,0.00000,0.00000,2026-09-08,3692
NAH7,RFUD,29657,29675,18,29733,29814,29664,29666,1,2,29666,18,8626,31,57,1462618,16892,10:31:48,0.01,,,,,,,10:27:53,0.06,20260908104649,2026-09-08 10:46:49,2026-09-08,-0.05,6,0.00000,0.00000,2026-09-08,25569
NAM7,RFUD,29757,29795,38,29773,29773,29769,29772,1,3,29772,8,3106,4,5,128302,1482,10:31:37,0.01,,,,,,,09:45:09,0.03,20260908104647,2026-09-08 10:46:47,2026-09-08,-0.07,2,0.00000,0.00000,2026-09-08,25661
NAU6,RFUD,29516,29517,1,29621,29677,29464,29521,1,-4,29520,30,581832,2008,17365,442551082,5111134,10:31:48,-0.01,,,,,,,10:31:15,0.1,20260908104649,2026-09-08 10:46:49,2026-09-08,0.06,-676,29621.00000,0.00000,2026-09-08,25444
NAZ6,RFUD,29584,29586,2,29650,29745,29536,29595,10,-12,29589,28,183050,617,2269,58011945,669995,10:31:48,-0.04,,,,,,,10:30:45,0.09,20260908104649,2026-09-08 10:46:49,2026-09-08,0.06,682,0.00000,0.00000,2026-09-08,25508
NBISF,RFUD,212.1,239.9,27.8,0,0,0,0,0,0,225.9,-0.5,0,0,0,0,0,10:31:32,0,,,,,,,10:31:32,-0.22,20260908104633,2026-09-08 10:46:33,,,0,0.00000,0.00000,2026-09-08,0
NBU6,RFUD,253,254,1,258,258,254,254,127,-1,254,-4,136026,86,6806,1748525,20194,10:31:43,-0.39,,,,,,,10:31:04,-1.57,20260908104644,2026-09-08 10:46:44,2026-09-08,-0.39,-2302,0.00000,0.00000,2026-09-08,254
NBZ6,RFUD,256,257,1,260,262,257,257,1,-2,257,-2,64678,35,1454,374818,4329,10:31:43,-0.77,,,,,,,10:27:37,-0.78,20260908104644,2026-09-08 10:46:44,2026-09-08,-0.39,-1838,0.00000,0.00000,2026-09-08,257
NCH7,RFUD,15460,18015,2555,0,0,0,0,0,0,16685,45,0,0,0,0,0,10:31:17,0,,,,,,,10:31:17,0.27,20260908104618,2026-09-08 10:46:18,,,0,0.00000,0.00000,2026-09-08,0
NCU6,RFUD,16640,16700,60,16650,16685,16650,16685,1,35,16685,45,6264,2,3,43083,498,10:31:45,0.21,,,,,,,09:01:13,0.27,20260908104646,2026-09-08 10:46:46,2026-09-08,0.21,-4,0.00000,0.00000,2026-09-08,14381
NCZ6,RFUD,17015,17225,210,0,0,0,0,0,0,17015,-175,1002,0,0,0,0,10:31:28,0,,,,,,,10:31:28,-1.03,20260908104629,2026-09-08 10:46:29,,,0,0.00000,0.00000,2026-09-08,0
NDU6,RFUD,8.793,8.818,0.025,8.784,8.792,8.784,8.792,3,0.008,8.793,-0.033,612,2,4,30305,350,10:31:18,0.09,,,,,,,09:02:50,-0.38,20260908104647,2026-09-08 10:46:47,2026-09-08,0.81,-8,0.00000,0.00000,2026-09-08,7578
NDZ6,RFUD,9.111,9.211,0.1,0,0,0,0,0,0,9.111,-0.089,86,0,0,0,0,10:31:18,0,,,,,,,10:31:18,-0.98,20260908104647,2026-09-08 10:46:47,,,0,0.00000,0.00000,2026-09-08,0
NEH7,RFUD,2543,2612,69,0,0,0,0,0,0,2612,20,98,0,0,0,0,10:31:17,0,,,,,,,10:31:17,0.77,20260908104642,2026-09-08 10:46:42,,,0,0.00000,0.00000,2026-09-08,0
NEZ6,RFUD,2529,2541,12,2582,2582,2572,2572,25,-10,2541,-40,2420,2,26,66882,772,10:31:09,-0.39,,,,,,,10:02:36,-1.57,20260908104642,2026-09-08 10:46:42,2026-09-08,0.27,52,0.00000,0.00000,2026-09-08,2572
NFLXF,RFUD,76.04,81.4,5.36,84.8,84.8,75.8,75.8,1,-6.4,76.04,-2.21,4,3,3,20927,242,10:30:49,-7.79,,,,,,,10:29:59,-2.91,20260908104623,2026-09-08 10:46:23,2026-09-08,0,0,0.00000,0.00000,2026-09-08,6533
NGF7,RFUD,3.7,3.703,0.003,3.704,3.704,3.7,3.7,1,-0.004,3.7,-0.007,2622,2,2,63781,737,10:30:01,-0.11,,,,,,,10:22:42,-0.19,20260908104517,2026-09-08 10:45:17,2026-09-08,-0.4,2,0.00000,0.00000,2026-09-08,31891
NGG7,RFUD,3.124,3.127,0.003,3.12,3.125,3.12,3.125,1,0.005,3.125,0.02,3414,2,2,53869,622,10:28:06,0.16,,,,,,,10:22:42,0.64,20260908104517,2026-09-08 10:45:17,2026-09-08,-0.16,2,0.00000,0.00000,2026-09-08,26935
NGH7,RFUD,3.005,3.04,0.035,3.036,3.036,3.005,3.005,1,-0.031,3.005,-0.027,1240,3,3,78089,902,10:31:27,-1.02,,,,,,,09:17:23,-0.9,20260908104629,2026-09-08 10:46:29,2026-09-08,-1.15,0,0.00000,0.00000,2026-09-08,25900
NGU6,RFUD,2.978,2.979,0.001,2.963,2.982,2.955,2.979,19,0.001,2.979,0.013,518558,6817,73179,1870949745,21608069,10:31:47,0.03,,,,,,,10:31:45,0.44,20260908104648,2026-09-08 10:46:48,2026-09-08,0.03,508,2.96300,0.00000,2026-09-08,25676
NGV6,RFUD,3.106,3.108,0.002,3.102,3.111,3.093,3.106,6,-0.001,3.107,0.003,53290,752,3853,102989248,1189449,10:31:47,-0.03,,,,,,,10:31:25,0.1,20260908104648,2026-09-08 10:46:48,2026-09-08,-0.22,2446,3.10200,0.00000,2026-09-08,26771
NGX6,RFUD,3.541,3.546,0.005,3.541,3.545,3.531,3.545,1,0.002,3.545,0.001,9612,45,180,5486309,63363,10:31:25,0.06,,,,,,,10:30:46,0.03,20260908104627,2026-09-08 10:46:27,2026-09-08,-0.28,290,3.54100,0.00000,2026-09-08,30555
NGZ6,RFUD,3.939,3.944,0.005,3.933,3.94,3.926,3.936,1,0.003,3.939,-0.001,5830,16,22,745637,8612,10:31:17,0.08,,,,,,,09:50:57,-0.03,20260908104618,2026-09-08 10:46:18,2026-09-08,-0.2,22,0.00000,0.00000,2026-09-08,33925
NMU6,RFUD,7461,7466,5,7535,7558,7464,7464,10,-2,7464,-55,67854,555,3468,25989386,300158,10:31:48,-0.03,,,,,,,10:31:00,-0.74,20260908104649,2026-09-08 10:46:49,2026-09-08,-0.93,-2114,0.00000,0.00000,2026-09-08,7464
NMZ6,RFUD,7722,7728,6,7776,7810,7726,7746,2,3,7728,-52,8576,92,306,2378800,27473,10:31:48,0.04,,,,,,,10:22:37,-0.67,20260908104649,2026-09-08 10:46:49,2026-09-08,-0.71,292,0.00000,0.00000,2026-09-08,7746
NOU6,RFUD,149.25,152.91,3.66,153.25,153.25,150.77,150.77,8,-1.64,150.77,-8.23,168,7,19,247697,2861,10:31:38,-1.08,,,,,,,10:04:30,-5.46,20260908104639,2026-09-08 10:46:39,2026-09-08,-1.94,34,0.00000,0.00000,2026-09-08,12995
NOZ6,RFUD,151,155,4,156.31,156.31,155.07,155.07,1,-1.24,155,-1.31,32,4,4,53783,621,10:31:07,-0.79,,,,,,,09:57:44,-0.85,20260908104608,2026-09-08 10:46:08,2026-09-08,-0.79,4,0.00000,0.00000,2026-09-08,13366
NRF7,RFUD,3.703,3.709,0.006,3.7,3.71,3.691,3.71,2,0.001,3.709,-0.008,45742,21,42,13402,155,10:31:07,0.03,,,,,,,09:54:02,-0.22,20260908104608,2026-09-08 10:46:08,2026-09-08,-0.22,50,0.00000,0.00000,2026-09-08,320
NRG7,RFUD,3.117,3.127,0.01,3.114,3.133,3.114,3.127,2,0.012,3.127,0.014,73708,17,20,5373,62,10:31:07,0.39,,,,,,,10:18:33,0.45,20260908104608,2026-09-08 10:46:08,2026-09-08,-0.32,26,0.00000,0.00000,2026-09-08,270
NRH7,RFUD,3.051,3.067,0.016,3.068,3.068,3.067,3.067,2,-0.001,3.067,-0.007,32530,3,4,1058,12,10:31:07,-0.03,,,,,,,10:18:33,-0.23,20260908104608,2026-09-08 10:46:08,2026-09-08,-0.03,0,0.00000,0.00000,2026-09-08,264
NRU6,RFUD,2.979,2.98,0.001,2.96,2.982,2.954,2.979,2,-0.001,2.979,0.012,1531380,2500,275460,70364945,812662,10:31:44,-0.03,,,,,,,10:31:38,0.4,20260908104644,2026-09-08 10:46:44,2026-09-08,0.13,35276,2.96000,0.00000,2026-09-08,257
NRV6,RFUD,3.109,3.112,0.003,3.118,3.118,3.079,3.109,75,-0.003,3.112,0.006,305016,739,23575,6296560,72721,10:31:25,-0.1,,,,,,,10:31:22,0.19,20260908104627,2026-09-08 10:46:27,2026-09-08,-0.45,14,3.11800,0.00000,2026-09-08,268
NRX6,RFUD,3.542,3.548,0.006,3.545,3.55,3.532,3.548,1,0.001,3.548,-0.004,75606,274,1123,342537,3956,10:30:55,0.03,,,,,,,10:24:52,-0.11,20260908104556,2026-09-08 10:45:56,2026-09-08,-0.22,720,0.00000,0.00000,2026-09-08,306
NRZ6,RFUD,3.938,3.951,0.013,3.943,3.946,3.931,3.945,6,0.001,3.945,-0.013,38034,51,380,129132,1491,10:30:46,0.03,,,,,,,09:57:04,-0.33,20260908104547,2026-09-08 10:45:47,2026-09-08,0.03,606,0.00000,0.00000,2026-09-08,340
NVU6,RFUD,10090,10095,5,10281,10305,10075,10091,1,4,10083,-146,117200,1281,4836,49230743,568578,10:31:48,0.04,,,,,,,10:31:48,-1.45,20260908104649,2026-09-08 10:46:49,2026-09-08,-1.97,-998,0.00000,0.00000,2026-09-08,10091
NVZ6,RFUD,10121,10128,7,10332,10342,10109,10109,1,-3,10111,-133,35580,528,1234,12599219,145512,10:31:48,-0.03,,,,,,,10:31:06,-1.32,20260908104649,2026-09-08 10:46:49,2026-09-08,-2.21,614,0.00000,0.00000,2026-09-08,10109
OGH7,RFUD,5986,6773,787,0,0,0,0,0,0,6406,112,0,0,0,0,0,10:31:47,0,,,,,,,10:31:47,1.75,20260908104648,2026-09-08 10:46:48,,,0,0.00000,0.00000,2026-09-08,0
OGU6,RFUD,6151,6166,15,5921,6192,5921,6171,1,-5,6162,108,1332,29,43,265433,3066,10:31:48,-0.08,,,,,,,10:13:37,1.75,20260908104649,2026-09-08 10:46:49,2026-09-08,-0.64,6,5921.00000,0.00000,2026-09-08,6171
OGZ6,RFUD,6430,6478,48,6463,6521,6437,6482,1,45,6474,221,112,25,32,207327,2394,10:31:48,0.7,,,,,,,10:13:37,3.41,20260908104649,2026-09-08 10:46:49,2026-09-08,2.06,12,0.00000,0.00000,2026-09-08,6482
OJF7,RFUD,1.652,1.657,0.005,1.649,1.653,1.649,1.653,1,0.004,1.653,-0.008,1222,2,2,28443,329,10:31:30,0.24,,,,,,,09:25:40,-0.48,20260908104630,2026-09-08 10:46:30,2026-09-08,0.67,-2,0.00000,0.00000,2026-09-08,14247
OJX6,RFUD,1.586,1.589,0.003,1.578,1.595,1.575,1.59,1,0.007,1.589,0.004,16208,172,424,5795218,66930,10:31:30,0.44,,,,,,,10:19:36,0.25,20260908104630,2026-09-08 10:46:30,2026-09-08,0.76,204,0.00000,0.00000,2026-09-08,13704
ONU6,RFUD,2689,2690,1,2709,2726,2683,2690,4,2,2687,-20,762496,4302,61339,165942995,1916517,10:31:48,0.07,,,,,,,10:31:45,-0.74,20260908104649,2026-09-08 10:46:49,2026-09-08,-0.37,-1932,2709.00000,0.00000,2026-09-08,2690
ONZ6,RFUD,2778,2780,2,2790,2815,2774,2780,4,1,2777,-20,277782,645,6573,18362621,212075,10:31:48,0.04,,,,,,,10:31:45,-0.72,20260908104649,2026-09-08 10:46:49,2026-09-08,-0.39,-1542,2790.00000,0.00000,2026-09-08,2780
PDH7,RFUD,1460,1463.53,3.53,1456.88,1456.88,1456.88,1456.88,1,0,1460,1.81,424,1,1,125570,1450,10:31:46,0,,,,,,,10:01:42,0.12,20260908104647,2026-09-08 10:46:47,2026-09-08,-0.48,0,0.00000,0.00000,2026-09-08,125570
PDM7,RFUD,1486.75,1494.95,8.2,0,0,0,0,0,0,1494.95,8.33,76,0,0,0,0,10:31:46,0,,,,,,,10:31:46,0.56,20260908104647,2026-09-08 10:46:47,,,0,0.00000,0.00000,2026-09-08,0
PDU6,RFUD,1392.44,1393.26,0.82,1398.92,1402.31,1383.25,1392.35,1,-0.23,1392.35,2.35,45328,957,1857,222832169,2573545,10:31:48,-0.02,,,,,,,10:31:43,0.17,20260908104649,2026-09-08 10:46:49,2026-09-08,-0.05,-186,0.00000,0.00000,2026-09-08,120008
PDZ6,RFUD,1438.43,1439.96,1.53,1446.79,1446.95,1431.22,1439.99,1,2.35,1439.04,2.69,19712,94,107,13265378,153205,10:31:48,0.16,,,,,,,10:26:41,0.19,20260908104649,2026-09-08 10:46:49,2026-09-08,-0.14,20,0.00000,0.00000,2026-09-08,124114
PHU6,RFUD,5568,5572,4,5592,5618,5569,5570,1,1,5569,-58,20050,242,1492,8344044,96367,10:31:48,0.02,,,,,,,10:31:38,-1.04,20260908104649,2026-09-08 10:46:49,2026-09-08,-0.59,-394,0.00000,0.00000,2026-09-08,5570
PHZ6,RFUD,5752,5754,2,5764,5798,5747,5752,1,-2,5753,-31,7664,104,371,2137167,24683,10:31:48,-0.03,,,,,,,10:31:38,-0.54,20260908104649,2026-09-08 10:46:49,2026-09-08,-0.36,34,0.00000,0.00000,2026-09-08,5752
PIU6,RFUD,5371,5376,5,5355,5404,5346,5373,1,-3,5373,-14,17304,192,1208,6510293,75189,10:31:48,-0.06,,,,,,,10:30:53,-0.26,20260908104649,2026-09-08 10:46:49,2026-09-08,-0.35,88,0.00000,0.00000,2026-09-08,5373
PSU6,RFUD,1000,1001,1,1016,1018,999,1001,1,2,1000,-11,190372,300,4096,4122857,47616,10:31:47,0.2,,,,,,,10:31:23,-1.1,20260908104648,2026-09-08 10:46:48,2026-09-08,-1.67,-1448,0.00000,0.00000,2026-09-08,1001
PSZ6,RFUD,1028,1030,2,1046,1046,1028,1028,1,-1,1028,-13,25896,153,1057,1095085,12647,10:31:47,-0.1,,,,,,,10:30:49,-1.26,20260908104648,2026-09-08 10:46:48,2026-09-08,-2.1,-1052,0.00000,0.00000,2026-09-08,1028
PTH7,RFUD,1912.7,1919.1,6.4,1916.4,1916.4,1916.4,1916.4,1,0,1916.4,3.5,368,1,1,165176,1908,10:31:48,0,,,,,,,10:15:47,0.18,20260908104649,2026-09-08 10:46:49,2026-09-08,-0.05,0,0.00000,0.00000,2026-09-08,165176
PTM7,RFUD,1946.9,1955.3,8.4,1959.8,1959.8,1959.8,1959.8,1,0,1955.3,11,82,1,1,168917,1951,10:31:48,0,,,,,,,08:08:13,0.56,20260908104649,2026-09-08 10:46:49,2026-09-08,0.33,0,0.00000,0.00000,2026-09-08,168917
PTU6,RFUD,1842.8,1843.2,0.4,1846,1855,1832.6,1841.9,1,0.2,1841.9,-1.7,104742,795,1367,217054431,2506816,10:31:48,0.01,,,,,,,10:29:01,-0.09,20260908104649,2026-09-08 10:46:49,2026-09-08,-0.11,6,1846.00000,0.00000,2026-09-08,158755
PTZ6,RFUD,1878.8,1879.2,0.4,1885.5,1887.4,1865,1878.2,1,1.8,1878.2,-2.3,18080,92,103,16695608,192822,10:31:48,0.1,,,,,,,10:26:21,-0.12,20260908104649,2026-09-08 10:46:49,2026-09-08,0.09,26,0.00000,0.00000,2026-09-08,161884
PXU6,RFUD,9907,9912,5,9960,10032,9900,9911,1,3,9908,-71,208084,1392,5368,53560142,618580,10:31:48,0.03,,,,,,,10:31:39,-0.72,20260908104649,2026-09-08 10:46:49,2026-09-08,-0.54,-1640,0.00000,0.00000,2026-09-08,9911
PXZ6,RFUD,10258,10263,5,10335,10375,10253,10263,1,3,10260,-64,48012,655,1426,14734908,170177,10:31:48,0.03,,,,,,,10:31:39,-0.62,20260908104649,2026-09-08 10:46:49,2026-09-08,-0.49,906,0.00000,0.00000,2026-09-08,10263
QQQF,RFUD,719.4,720.4,1,722.6,723.6,718.4,719.5,1,0.2,719.5,0.5,1334,24,38,2361605,27275,10:31:47,0.03,,,,,,,10:21:00,0.07,20260908104648,2026-09-08 10:46:48,2026-09-08,0.08,34,0.00000,0.00000,2026-09-08,62014
R2U6,RFUD,293.5,294.2,0.7,295,295.3,294.2,294.2,23,-1.1,294.2,-0.3,1384,5,42,1066785,12321,10:31:14,-0.37,,,,,,,09:08:06,-0.1,20260908104615,2026-09-08 10:46:15,2026-09-08,-0.1,-38,0.00000,0.00000,2026-09-08,25357
R2Z6,RFUD,293.5,294.8,1.3,295,295.6,295,295.6,1,0.6,294.8,0.6,102,3,4,101860,1176,10:29:32,0.2,,,,,,,07:45:32,0.2,20260908104433,2026-09-08 10:44:33,2026-09-08,0.51,-8,0.00000,0.00000,2026-09-08,25478
RAU6,RFUD,1353,1355,2,1363,1383,1353,1353,4,-1,1353,-6,34636,61,2904,3963673,45777,10:31:45,-0.07,,,,,,,10:30:56,-0.44,20260908104647,2026-09-08 10:46:47,2026-09-08,-1.02,-2976,0.00000,0.00000,2026-09-08,1353
RAZ6,RFUD,1375,1377,2,1353,1391,1353,1380,14,-3,1377,2,5690,17,35,48272,558,10:31:45,-0.22,,,,,,,10:03:06,0.15,20260908104647,2026-09-08 10:46:47,2026-09-08,-0.29,-8,0.00000,0.00000,2026-09-08,1380
RBH7,RFUD,11537,11539,2,11541,11560,11534,11540,3,-1,11540,-4,67880,73,123,1420109,16401,10:31:48,-0.01,,,,,,,10:19:50,-0.03,20260908104649,2026-09-08 10:46:49,2026-09-08,-0.05,98,0.00000,0.00000,2026-09-08,11540
RBM7,RFUD,11614,11626,12,11628,11642,11618,11618,1,-24,11618,12,8500,15,16,186144,2150,10:31:48,-0.21,,,,,,,07:56:59,0.1,20260908104649,2026-09-08 10:46:49,2026-09-08,0.16,2,0.00000,0.00000,2026-09-08,11618
RBU7,RFUD,11626,11691,65,0,0,0,0,0,0,11691,58,44,0,0,0,0,10:08:30,0,,,,,,,10:08:30,0.5,20260908104647,2026-09-08 10:46:47,,,0,0.00000,0.00000,2026-09-08,0
RBZ6,RFUD,11447,11449,2,11451,11463,11446,11447,1,-2,11449,-6,655418,400,2522,28885156,333602,10:31:48,-0.02,,,,,,,10:31:20,-0.05,20260908104649,2026-09-08 10:46:49,2026-09-08,-0.1,824,0.00000,0.00000,2026-09-08,11447
RDU6,RFUD,7057,7072,15,7130,7131,7048,7071,1,23,7071,-132,7670,13,22,155474,1796,10:31:47,0.33,,,,,,,10:08:17,-1.87,20260908104648,2026-09-08 10:46:48,2026-09-08,-0.9,-22,0.00000,0.00000,2026-09-08,7071
RDZ6,RFUD,7310,7327,17,7388,7388,7304,7325,1,21,7325,-106,1436,8,8,58537,676,10:31:47,0.29,,,,,,,10:08:17,-1.45,20260908104648,2026-09-08 10:46:48,2026-09-08,-1.8,2,0.00000,0.00000,2026-09-08,7325
RFH7,RFUD,4.7722,4.784,0.0118,0,0,0,0,0,0,4.784,0,2,0,0,0,0,06:57:24,0,,,,,,,06:57:24,0,20260908070506,2026-09-08 07:05:06,,,0,0.00000,0.00000,2026-09-08,0
RFM7,RFUD,4.9304,4.9452,0.0148,0,0,0,0,0,0,4.9452,0,2030,0,0,0,0,06:57:24,0,,,,,,,06:57:24,0,20260908070506,2026-09-08 07:05:06,,,0,0.00000,0.00000,2026-09-08,0
RFU7,RFUD,5.0921,5.1099,0.0178,0,0,0,0,0,0,5.1099,0,4,0,0,0,0,10:29:10,0,,,,,,,10:29:10,0,20260908104412,2026-09-08 10:44:12,,,0,0.00000,0.00000,2026-09-08,0
RFZ6,RFUD,4.6214,4.6282,0.0068,0,0,0,0,0,0,4.6278,0,4,0,0,0,0,06:57:12,0,,,,,,,06:57:12,0,20260908070506,2026-09-08 07:05:06,,,0,0.00000,0.00000,2026-09-08,0
RGBIF,RFUD,113.45,113.51,0.06,113.58,113.6,113.45,113.45,4,-0.04,113.48,-0.04,313782,56,174,1975267,22813,10:31:48,-0.04,,,,,,,10:31:19,-0.04,20260908104649,2026-09-08 10:46:49,2026-09-08,-0.13,36,0.00000,0.01906,2026-09-08,11345
RIH7,RFUD,82440,82530,90,82800,82800,82200,82200,1,-10,82440,-560,782,13,16,2275509,26280,10:31:47,-0.01,,,,,,,10:06:37,-0.68,20260908104648,2026-09-08 10:46:48,2026-09-08,-0.81,-4,0.00000,0.00000,2026-09-08,141698
RIM7,RFUD,83110,83430,320,84790,84790,84790,84790,1,0,83430,-240,232,2,2,292325,3376,10:31:35,0,,,,,,,09:41:00,-0.29,20260908104637,2026-09-08 10:46:37,2026-09-08,1.34,2,0.00000,0.00000,2026-09-08,146163
RIU6,RFUD,82450,82470,20,82980,83080,82110,82460,1,20,82420,-340,85446,7471,13535,1923105272,22210426,10:31:48,0.02,,,,,,,10:31:46,-0.41,20260908104649,2026-09-08 10:46:49,2026-09-08,-0.29,-1284,0.00000,0.00000,2026-09-08,142146
RIZ6,RFUD,82100,82140,40,83200,83200,81800,82140,1,-40,82120,-350,16982,537,719,101868663,1176507,10:31:48,-0.05,,,,,,,10:30:19,-0.43,20260908104649,2026-09-08 10:46:49,2026-09-08,-0.34,342,83200.00000,0.00000,2026-09-08,141594
RLU6,RFUD,2722,2723,1,2721,2746,2692,2723,2,2,2723,-11,124422,606,8292,22526896,260169,10:31:48,0.07,,,,,,,10:30:55,-0.4,20260908104649,2026-09-08 10:46:49,2026-09-08,0.41,-1060,0.00000,0.00000,2026-09-08,2723
RLZ6,RFUD,2816,2817,1,2808,2834,2785,2817,2,-9,2817,-9,26406,201,1304,3652962,42189,10:31:46,-0.32,,,,,,,10:05:28,-0.32,20260908104647,2026-09-08 10:46:47,2026-09-08,0.75,426,0.00000,0.00000,2026-09-08,2817
RMU6,RFUD,824,824.5,0.5,826.5,829.5,821,824,20,-0.5,824,-4,23034,385,1905,27074113,312686,10:31:48,-0.06,,,,,,,10:31:37,-0.49,20260908104649,2026-09-08 10:46:49,2026-09-08,-0.48,-462,0.00000,0.00000,2026-09-08,14204
RMZ6,RFUD,821,822,1,825,827.5,818.5,822,1,0.5,822,-3,4888,126,284,4028451,46526,10:31:46,0.06,,,,,,,10:29:34,-0.36,20260908104647,2026-09-08 10:46:47,2026-09-08,-0.48,-32,0.00000,0.00000,2026-09-08,14170
RNH7,RFUD,35103,35150,47,35467,35467,35100,35150,2,-165,35150,-142,1088,53,82,2891407,33394,10:31:48,-0.47,,,,,,,10:31:26,-0.4,20260908104649,2026-09-08 10:46:49,2026-09-08,-0.9,42,0.00000,0.00000,2026-09-08,35150
RNM7,RFUD,36410,36549,139,36658,36658,36499,36550,1,-108,36549,57,366,3,3,109707,1267,10:31:46,-0.29,,,,,,,09:02:42,0.16,20260908104647,2026-09-08 10:46:47,2026-09-08,-1.03,4,0.00000,0.00000,2026-09-08,36550
RNU6,RFUD,33378,33386,8,33605,33675,33350,33383,1,5,33378,-222,58238,1111,2577,86255590,996187,10:31:48,0.01,,,,,,,10:31:46,-0.67,20260908104649,2026-09-08 10:46:49,2026-09-08,-0.5,-680,0.00000,0.00000,2026-09-08,33383
RNZ6,RFUD,34551,34559,8,34810,34846,34540,34558,2,10,34559,-207,10616,500,818,28354778,327476,10:31:48,0.03,,,,,,,10:31:26,-0.6,20260908104649,2026-09-08 10:46:49,2026-09-08,-0.49,20,0.00000,0.00000,2026-09-08,34558
RQU6,RFUD,4287,4297,10,4317,4317,4283,4283,23,-20,4287,-12,2844,5,45,193099,2230,10:31:46,-0.46,,,,,,,10:08:10,-0.28,20260908104647,2026-09-08 10:46:47,2026-09-08,-0.83,-6,0.00000,0.00000,2026-09-08,4283
RQZ6,RFUD,4404,4424,20,0,0,0,0,0,0,4424,8,732,0,0,0,0,10:31:46,0,,,,,,,10:31:46,0.18,20260908104647,2026-09-08 10:46:47,,,0,0.00000,0.00000,2026-09-08,0
RRU6,RFUD,0,0,0,0,0,0,0,0,0,86.28,0,0,0,0,0,0,03:10:56,0,,,,,,,03:10:56,0,20260908070506,2026-09-08 07:05:06,,,0,0.00000,0.00000,2026-09-08,0
RTU6,RFUD,4169,4171,2,4207,4212,4170,4170,5,-3,4170,-25,54090,81,363,1522602,17585,10:31:48,-0.07,,,,,,,10:30:07,-0.6,20260908104649,2026-09-08 10:46:49,2026-09-08,-1.11,-54,0.00000,0.00000,2026-09-08,4170
RTZ6,RFUD,4316,4318,2,4354,4355,4317,4320,1,3,4318,-23,21052,38,133,577900,6674,10:31:48,0.07,,,,,,,10:29:02,-0.53,20260908104649,2026-09-08 10:46:49,2026-09-08,-1.39,-44,0.00000,0.00000,2026-09-08,4320
RUU6,RFUD,839,841,2,841,848,838,839,1,-3,841,-5,119480,167,8006,6737717,77816,10:31:44,-0.36,,,,,,,10:31:22,-0.59,20260908104647,2026-09-08 10:46:47,2026-09-08,-0.71,1324,0.00000,0.00000,2026-09-08,839
RUZ6,RFUD,857,861,4,857,867,853,866,4,8,861,-4,17842,16,200,171896,1985,10:31:44,0.93,,,,,,,09:45:53,-0.46,20260908104647,2026-09-08 10:46:47,2026-09-08,-0.12,14,0.00000,0.00000,2026-09-08,866
RZU6,RFUD,7069,7081,12,7129,7147,7095,7125,1,21,7081,-23,6652,28,135,962307,11114,10:31:42,0.3,,,,,,,09:39:58,-0.32,20260908104647,2026-09-08 10:46:47,2026-09-08,0.35,8,0.00000,0.00000,2026-09-08,7125
RZZ6,RFUD,7335,7348,13,7399,7421,7374,7374,2,-7,7348,-18,2310,16,98,725138,8375,10:31:42,-0.09,,,,,,,09:08:37,-0.24,20260908104647,2026-09-08 10:46:47,2026-09-08,0.05,24,0.00000,0.00000,2026-09-08,7374
S0U6,RFUD,513,514,1,514,515,511,514,1,-1,514,-1,81132,31,1677,862337,9959,10:31:44,-0.19,,,,,,,10:13:21,-0.19,20260908104644,2026-09-08 10:46:44,2026-09-08,0,1116,0.00000,0.00000,2026-09-08,514
S0Z6,RFUD,532,535,3,531,531,531,531,29,0,532,-3,14358,4,50,26550,307,10:31:44,0,,,,,,,08:17:11,-0.56,20260908104644,2026-09-08 10:46:44,2026-09-08,0.19,0,0.00000,0.00000,2026-09-08,531
S1H7,RFUD,69.86,69.93,0.07,70.42,70.57,69.63,69.93,1,-0.07,69.88,0.18,3038,65,113,682142,7878,10:31:46,-0.1,,,,,,,10:31:45,0.26,20260908104647,2026-09-08 10:46:47,2026-09-08,0.24,-2,0.00000,0.00000,2026-09-08,6027
S1M7,RFUD,71.29,71.47,0.18,71.21,71.21,71.21,71.21,1,0,71.29,0.19,1576,1,1,6138,71,10:31:46,0,,,,,,,09:39:08,0.27,20260908104647,2026-09-08 10:46:47,2026-09-08,0.15,0,0.00000,0.00000,2026-09-08,6138
S1U6,RFUD,66.49,66.5,0.01,67.02,67.25,66.14,66.47,1,0.02,66.47,0.04,109210,3297,23228,133305981,1539584,10:31:48,0.03,,,,,,,10:31:44,0.06,20260908104649,2026-09-08 10:46:49,2026-09-08,0.05,298,67.02000,0.00000,2026-09-08,5729
S1Z6,RFUD,68.12,68.15,0.03,68.45,68.81,67.77,68.15,1,0.05,68.1,0.14,28648,1042,3799,22395370,258650,10:31:47,0.07,,,,,,,10:31:45,0.21,20260908104648,2026-09-08 10:46:48,2026-09-08,0.21,-2320,68.45000,0.00000,2026-09-08,5874
S2H7,RFUD,171.48,193.26,21.78,0,0,0,0,0,0,183.8,-0.03,0,0,0,0,0,10:29:32,0,,,,,,,10:29:32,-0.02,20260908104527,2026-09-08 10:45:27,,,0,0.00000,0.00000,2026-09-08,0
S2U6,RFUD,180.36,180.58,0.22,182.16,183.03,180.35,180.35,1,-0.34,180.36,-0.21,23238,83,995,18013205,208039,10:31:47,-0.19,,,,,,,10:27:17,-0.12,20260908104648,2026-09-08 10:46:48,2026-09-08,-0.23,-464,0.00000,0.00000,2026-09-08,18035
S2Z6,RFUD,187.65,188.28,0.63,189,190.67,188.99,188.99,1,-0.01,188.28,0.39,2748,40,47,890306,10282,10:31:43,-0.01,,,,,,,09:05:05,0.21,20260908104648,2026-09-08 10:46:48,2026-09-08,0.07,0,189.00000,0.00000,2026-09-08,18899
S3U6,RFUD,103.13,103.41,0.28,103.69,103.7,103.09,103.27,1,0.18,103.27,-0.48,3708,16,23,205224,2370,10:31:01,0.17,,,,,,,10:19:03,-0.46,20260908104602,2026-09-08 10:46:02,2026-09-08,-0.87,24,0.00000,0.00000,2026-09-08,8901
S3V6,RFUD,105.74,106.37,0.63,103.73,106.35,103.73,106.21,1,-0.14,106.21,-0.54,662,14,17,155417,1795,10:31:01,-0.13,,,,,,,10:19:03,-0.51,20260908104602,2026-09-08 10:46:02,2026-09-08,-2.11,8,0.00000,0.00000,2026-09-08,9154
S3X6,RFUD,106.24,109.04,2.8,104.67,104.67,104.67,104.67,1,0,106.24,-4.55,84,1,1,9022,104,10:31:01,0,,,,,,,07:24:54,-4.28,20260908104602,2026-09-08 10:46:02,2026-09-08,-5.52,0,0.00000,0.00000,2026-09-08,9022
SAH7,RFUD,39.9,40,0.1,0,0,0,0,0,0,39.85,-0.25,4144,0,0,0,0,10:31:48,0,,,,,,,10:31:48,-0.63,20260908104649,2026-09-08 10:46:49,,,0,0.00000,0.00000,2026-09-08,0
SAV6,RFUD,35.29,35.33,0.04,35.25,35.37,35.06,35.32,1,0.02,35.21,0.04,7258,143,229,8196011,94658,10:31:48,0.06,,,,,,,10:31:45,0.11,20260908104649,2026-09-08 10:46:49,2026-09-08,0.2,50,0.00000,0.00000,2026-09-08,35885
SBERF,RFUD,277.67,277.79,0.12,280.39,280.99,277.37,277.61,2,0.23,277.49,-2.12,213738,716,2421,67508741,779675,10:31:48,0.08,,,,,,,10:31:36,-0.76,20260908104649,2026-09-08 10:46:49,2026-09-08,-0.89,-146,0.00000,0.10863,2026-09-08,27761
SCU6,RFUD,1028,1030,2,1041,1045,1028,1030,300,2,1030,-11,1050758,376,20598,21275939,245721,10:31:48,0.19,,,,,,,10:31:04,-1.07,20260908104649,2026-09-08 10:46:49,2026-09-08,-1.44,-10418,0.00000,0.00000,2026-09-08,1030
SCZ6,RFUD,1065,1067,2,1080,1080,1066,1067,100,1,1067,-10,181894,178,9218,9849190,113751,10:31:48,0.09,,,,,,,10:29:20,-0.94,20260908104649,2026-09-08 10:46:49,2026-09-08,-1.3,13026,0.00000,0.00000,2026-09-08,1067
SDU6,RFUD,37.83,39.55,1.72,38.66,38.66,38.3,38.3,1,-0.36,38.75,0,280,3,5,16568,191,10:31:45,-0.93,,,,,,,10:19:23,0,20260908104646,2026-09-08 10:46:46,2026-09-08,0.52,-6,0.00000,0.00000,2026-09-08,3301
SDZ6,RFUD,38.44,39.85,1.41,0,0,0,0,0,0,39.04,0,140,0,0,0,0,10:31:37,0,,,,,,,10:31:37,0,20260908104638,2026-09-08 10:46:38,,,0,0.00000,0.00000,2026-09-08,0
SEU6,RFUD,1414,1417,3,1441,1442,1417,1417,6,-2,1417,-12,60068,121,2308,3288722,37982,10:31:48,-0.14,,,,,,,10:28:29,-0.85,20260908104649,2026-09-08 10:46:49,2026-09-08,-1.94,16,0.00000,0.00000,2026-09-08,1417
SEZ6,RFUD,1465,1469,4,1493,1494,1456,1467,2,-1,1467,-18,25798,122,1123,1660841,19181,10:31:47,-0.07,,,,,,,10:28:28,-1.23,20260908104648,2026-09-08 10:46:48,2026-09-08,-1.74,-86,0.00000,0.00000,2026-09-08,1467
SFH7,RFUD,769.36,769.91,0.55,771.6,771.6,769,770.02,1,0.71,769.9,-0.15,3824,5,9,597041,6895,10:31:48,0.09,,,,,,,09:42:25,-0.02,20260908104649,2026-09-08 10:46:49,2026-09-08,-0.06,-2,0.00000,0.00000,2026-09-08,66369
SFM7,RFUD,770.15,771.27,1.12,772.03,772.03,772.03,772.03,1,0,771.27,0.13,1114,1,1,66542,769,10:31:48,0,,,,,,,09:42:25,0.02,20260908104649,2026-09-08 10:46:49,2026-09-08,0,2,0.00000,0.00000,2026-09-08,66542
SFU6,RFUD,767.43,767.44,0.01,769.03,770.02,766.42,767.45,1,-0.05,767.45,-0.48,393196,1273,4666,308857726,3567075,10:31:48,-0.01,,,,,,,10:31:10,-0.06,20260908104649,2026-09-08 10:46:49,2026-09-08,-0.13,164,769.03000,0.00000,2026-09-08,66147
SFZ6,RFUD,768.95,768.96,0.01,770.76,771.46,767.87,768.98,1,-0.01,768.98,-0.51,72348,597,1068,70826512,817993,10:31:48,0,,,,,,,10:31:10,-0.07,20260908104649,2026-09-08 10:46:49,2026-09-08,-0.16,390,0.00000,0.00000,2026-09-08,66279
SGU6,RFUD,41936,41950,14,42078,42479,41905,41935,1,26,41935,-62,20746,427,865,36504180,421596,10:31:48,0.06,,,,,,,10:31:09,-0.15,20260908104649,2026-09-08 10:46:49,2026-09-08,-0.48,254,0.00000,0.00000,2026-09-08,41935
SGZ6,RFUD,43410,43424,14,43575,43895,43380,43394,1,14,43403,-27,3802,126,155,6767996,78165,10:31:48,0.03,,,,,,,10:30:47,-0.06,20260908104649,2026-09-08 10:46:49,2026-09-08,-0.52,70,0.00000,0.00000,2026-09-08,43394
SHU6,RFUD,599.8,601,1.2,591.2,619.6,583,600.8,45,-0.2,600.8,12.2,144952,1386,41688,25289003,292069,10:31:47,-0.03,,,,,,,10:31:33,2.03,20260908104648,2026-09-08 10:46:48,2026-09-08,1.62,6312,591.20000,0.00000,2026-09-08,601
SHZ6,RFUD,583.2,587.4,4.2,581.4,597.2,556.8,583.2,42,-4.2,583.2,9.6,37080,240,3862,2236416,25829,10:31:47,-0.72,,,,,,,10:28:33,1.65,20260908104648,2026-09-08 10:46:48,2026-09-08,1.6,-1090,0.00000,0.00000,2026-09-08,583
SiH7,RFUD,89420,89435,15,89655,90022,89313,89406,2,49,89407,-93,29586,258,428,38370932,443156,10:31:48,0.05,,,,,,,10:31:23,-0.1,20260908104649,2026-09-08 10:46:49,2026-09-08,-0.28,278,0.00000,0.00000,2026-09-08,89406
SiM7,RFUD,91221,91378,157,91551,91811,91163,91220,1,57,91220,-190,4430,15,15,1374676,15876,10:31:48,0.06,,,,,,,10:29:43,-0.21,20260908104649,2026-09-08 10:46:49,2026-09-08,-0.21,6,0.00000,0.00000,2026-09-08,91220
SiU6,RFUD,86642,86647,5,86830,87196,86518,86643,1,-2,86630,-40,7887628,49486,219360,19057967042,220105249,10:31:48,0,,,,,,,10:31:48,-0.05,20260908104649,2026-09-08 10:46:49,2026-09-08,-0.26,-18432,86830.00000,0.00000,2026-09-08,86643
SiU7,RFUD,93350,93944,594,94144,94144,93350,93350,1,-794,93350,-61,788,4,4,375782,4340,10:31:29,-0.84,,,,,,,10:27:23,-0.07,20260908104630,2026-09-08 10:46:30,2026-09-08,-0.06,2,0.00000,0.00000,2026-09-08,93350
SiZ6,RFUD,87792,87797,5,88014,88350,87670,87792,2,-2,87779,-48,4271608,9127,34551,3040413589,35114500,10:31:48,0,,,,,,,10:31:47,-0.05,20260908104649,2026-09-08 10:46:49,2026-09-08,-0.26,33672,0.00000,0.00000,2026-09-08,87792
SiZ7,RFUD,95126,96073,947,95501,96157,95501,96157,2,422,96073,822,678,4,6,575020,6641,10:31:47,0.44,,,,,,,09:36:20,0.86,20260908104648,2026-09-08 10:46:48,2026-09-08,0.92,6,0.00000,0.00000,2026-09-08,96157
SKU6,RFUD,201.5,201.95,0.45,205.05,209.99,200.04,201.85,1,0.93,201.85,0.93,568,110,647,11508649,132916,10:31:43,0.46,,,,,,,10:08:53,0.46,20260908104644,2026-09-08 10:46:44,2026-09-08,-0.42,-748,205.05000,0.00000,2026-09-08,17398
SKZ6,RFUD,201.83,203,1.17,202.99,207,201.01,202.77,1,1.76,202.77,2.77,142,10,11,192835,2227,10:31:43,0.88,,,,,,,09:29:15,1.37,20260908104644,2026-09-08 10:46:44,2026-09-08,0.88,8,0.00000,0.00000,2026-09-08,17477
SLVRUBF,RFUD,179.7,179.74,0.04,181.67,181.92,179.31,179.7,1,0.12,179.54,0.24,66798,465,1513,27412465,316593,10:31:48,0.07,,,,,,,10:31:42,0.13,20260908104649,2026-09-08 10:46:49,2026-09-08,0.02,-184,181.67000,0.11472,2026-09-08,17970
SNDKF,RFUD,1775,1820,45,0,0,0,0,0,0,1797.5,57.5,0,0,0,0,0,10:30:38,0,,,,,,,10:30:38,3.2,20260908104612,2026-09-08 10:46:12,,,0,0.00000,0.00000,2026-09-08,0
SNU6,RFUD,15970,15985,15,15997,16060,15946,15979,1,4,15979,22,32742,150,394,6305974,72829,10:31:47,0.03,,,,,,,10:29:07,0.14,20260908104648,2026-09-08 10:46:48,2026-09-08,0.22,-42,0.00000,0.00000,2026-09-08,15979
SNZ6,RFUD,16505,16525,20,16534,16572,16491,16532,1,12,16525,26,7710,40,67,1107808,12794,10:31:48,0.07,,,,,,,10:18:45,0.16,20260908104649,2026-09-08 10:46:49,2026-09-08,0.19,56,0.00000,0.00000,2026-09-08,16532
SOU6,RFUD,5444,5450,6,5485,5547,5425,5443,40,-6,5444,-46,36002,452,3842,21093748,243617,10:31:48,-0.11,,,,,,,10:29:40,-0.84,20260908104649,2026-09-08 10:46:49,2026-09-08,-0.71,-294,0.00000,0.00000,2026-09-08,5443
SOZ6,RFUD,5215,5225,10,5264,5315,5200,5208,1,8,5214,-60,20440,102,208,1098406,12686,10:31:46,0.15,,,,,,,10:21:12,-1.15,20260908104647,2026-09-08 10:46:47,2026-09-08,-0.89,48,0.00000,0.00000,2026-09-08,5208
SP500F,RFUD,767.8,768.6,0.8,770.8,771,767.8,767.8,1,-0.1,768,-2.2,2078,24,26,1722594,19895,10:31:46,-0.01,,,,,,,09:57:11,-0.29,20260908104648,2026-09-08 10:46:48,2026-09-08,-0.23,26,0.00000,0.00000,2026-09-08,66177
SPH7,RFUD,29717,29841,124,0,0,0,0,0,0,29816,-137,226,0,0,0,0,10:31:48,0,,,,,,,10:31:48,-0.46,20260908104649,2026-09-08 10:46:49,,,0,0.00000,0.00000,2026-09-08,0
SPM7,RFUD,30364,30791,427,0,0,0,0,0,0,30821,109,106,0,0,0,0,10:31:47,0,,,,,,,10:31:47,0.35,20260908104648,2026-09-08 10:46:48,,,0,0.00000,0.00000,2026-09-08,0
SPU6,RFUD,27893,27905,12,28159,28168,27859,27868,4,3,27879,-306,88804,488,891,24928079,287901,10:31:48,0.01,,,,,,,10:31:13,-1.1,20260908104649,2026-09-08 10:46:49,2026-09-08,-0.98,100,0.00000,0.00000,2026-09-08,27868
SPZ6,RFUD,28899,28911,12,29156,29156,28861,28861,1,-29,28885,-260,1836,86,160,4643011,53623,10:31:48,-0.1,,,,,,,10:30:09,-0.9,20260908104649,2026-09-08 10:46:49,2026-09-08,-0.99,248,0.00000,0.00000,2026-09-08,28861
SQU6,RFUD,93.86,93.97,0.11,93.8,94.89,93.55,93.86,21,-0.02,93.86,0.22,31898,199,4205,34189136,394859,10:31:32,-0.02,,,,,,,10:27:04,0.23,20260908104633,2026-09-08 10:46:33,2026-09-08,0.1,-4250,0.00000,0.00000,2026-09-08,8090
SQZ6,RFUD,95.29,95.45,0.16,95.35,96.34,95.02,95.29,6,-0.01,95.29,0.12,11450,92,201,1657860,19147,10:31:33,-0.01,,,,,,,10:26:35,0.13,20260908104634,2026-09-08 10:46:34,2026-09-08,0.21,30,0.00000,0.00000,2026-09-08,8213
SRH7,RFUD,29826,29843,17,30000,30000,29973,29973,1,-27,29832,-283,4238,6,10,299865,3463,10:31:48,-0.09,,,,,,,09:32:03,-0.95,20260908104649,2026-09-08 10:46:49,2026-09-08,-0.55,20,0.00000,0.00000,2026-09-08,29973
SRM7,RFUD,30520,30847,327,0,0,0,0,0,0,30777,-79,1776,0,0,0,0,10:31:48,0,,,,,,,10:31:48,-0.26,20260908104649,2026-09-08 10:46:49,,,0,0.00000,0.00000,2026-09-08,0
SRU6,RFUD,27873,27874,1,28145,28166,27833,27874,5,3,27849,-306,988054,7316,23413,654724043,7561572,10:31:48,0.01,,,,,,,10:31:48,-1.1,20260908104649,2026-09-08 10:46:49,2026-09-08,-0.96,-7458,28145.00000,0.00000,2026-09-08,27874
SRZ6,RFUD,28857,28858,1,29103,29137,28820,28855,1,7,28834,-296,52584,1033,2011,58221503,672415,10:31:48,0.02,,,,,,,10:31:47,-1.03,20260908104649,2026-09-08 10:46:49,2026-09-08,-0.92,1530,0.00000,0.00000,2026-09-08,28855
SSU6,RFUD,363,364,1,370,370,361,363,1,-1,363,-8,2929814,2001,212441,77461636,894624,10:31:48,-0.27,,,,,,,10:31:23,-2.2,20260908104649,2026-09-08 10:46:49,2026-09-08,-2.16,-20528,0.00000,0.00000,2026-09-08,363
SSZ6,RFUD,375,376,1,380,382,371,375,1,-2,375,-8,539378,660,29047,10927423,126204,10:31:46,-0.53,,,,,,,10:31:45,-2.13,20260908104648,2026-09-08 10:46:48,2026-09-08,-2.09,-4150,0.00000,0.00000,2026-09-08,375
SuU6,RFUD,51600,52230,630,0,0,0,0,0,0,51920,320,2788,0,0,0,0,10:31:08,0,,,,,,,10:31:08,0.62,20260908104609,2026-09-08 10:46:09,,,0,0.00000,0.00000,2026-09-08,0
SuV6,RFUD,56820,58720,1900,0,0,0,0,0,0,57770,-230,2010,0,0,0,0,10:31:08,0,,,,,,,10:31:08,-0.4,20260908104609,2026-09-08 10:46:09,,,0,0.00000,0.00000,2026-09-08,0
SuX6,RFUD,50660,0,0,0,0,0,0,0,0,50660,-440,0,0,0,0,0,10:31:46,0,,,,,,,10:31:46,-0.87,20260908104647,2026-09-08 10:46:47,,,0,0.00000,0.00000,2026-09-08,0
SVH7,RFUD,69.8,69.92,0.12,70.47,70.55,69.74,70.03,1,0.29,69.9,0.19,1984,32,35,2117710,24458,10:31:46,0.42,,,,,,,10:06:26,0.27,20260908104647,2026-09-08 10:46:47,2026-09-08,0.66,10,0.00000,0.00000,2026-09-08,60359
SVM7,RFUD,71.25,71.55,0.3,0,0,0,0,0,0,71.33,0.16,806,0,0,0,0,10:31:46,0,,,,,,,10:31:46,0.22,20260908104647,2026-09-08 10:46:47,,,0,0.00000,0.00000,2026-09-08,0
SVU6,RFUD,66.47,66.48,0.01,67.19,67.25,66.12,66.45,1,0.01,66.44,0.01,405274,8015,42179,2422744706,27980887,10:31:48,0.02,,,,,,,10:31:31,0.02,20260908104649,2026-09-08 10:46:49,2026-09-08,0.03,-2500,67.19000,0.00000,2026-09-08,57274
SVU7,RFUD,71,75,4,0,0,0,0,0,0,73.03,-0.18,0,0,0,0,0,10:30:02,0,,,,,,,10:30:02,-0.25,20260908104628,2026-09-08 10:46:28,,,0,0.00000,0.00000,2026-09-08,0
SVZ6,RFUD,68.09,68.11,0.02,68.48,68.84,67.75,68.07,2,0.04,68.07,0.09,94228,2238,6652,391711533,4523975,10:31:48,0.06,,,,,,,10:31:05,0.13,20260908104649,2026-09-08 10:46:49,2026-09-08,0.27,3464,68.48000,0.00000,2026-09-08,58670
SXU6,RFUD,6468,6500,32,0,0,0,0,0,0,6472.8,0,11952,0,0,0,0,10:30:56,0,,,,,,,10:30:56,0,20260908104557,2026-09-08 10:45:57,,,0,0.00000,0.00000,2026-09-08,0
SXZ6,RFUD,6423.6,6480,56.4,0,0,0,0,0,0,6480,10.9,1012,0,0,0,0,10:29:24,0,,,,,,,10:29:24,0.17,20260908104425,2026-09-08 10:44:25,,,0,0.00000,0.00000,2026-09-08,0
SYU6,RFUD,23.06,25,1.94,0,0,0,0,0,0,24.03,0.37,44,0,0,0,0,10:31:34,0,,,,,,,10:31:34,1.54,20260908104635,2026-09-08 10:46:35,,,0,0.00000,0.00000,2026-09-08,0
SYZ6,RFUD,22.83,25.59,2.76,0,0,0,0,0,0,24.21,-0.31,42,0,0,0,0,10:31:34,0,,,,,,,10:31:34,-1.28,20260908104635,2026-09-08 10:46:35,,,0,0.00000,0.00000,2026-09-08,0
SZU6,RFUD,714,715,1,702,738,702,715,100,1,714,20,658126,7956,130022,94001268,1085644,10:31:48,0.14,,,,,,,10:31:43,2.8,20260908104649,2026-09-08 10:46:49,2026-09-08,2.14,58864,702.00000,0.00000,2026-09-08,715
SZZ6,RFUD,675,677,2,675,697,671,677,25,-1,677,10,164516,1754,15528,10646124,122955,10:31:46,-0.15,,,,,,,10:29:05,1.48,20260908104648,2026-09-08 10:46:48,2026-09-08,0.45,6668,0.00000,0.00000,2026-09-08,677
TBU6,RFUD,2629,2631,2,2649,2659,2627,2630,24,3,2629,-26,702982,885,16736,44267650,511258,10:31:48,0.11,,,,,,,10:31:18,-0.99,20260908104649,2026-09-08 10:46:49,2026-09-08,-0.75,-4802,0.00000,0.00000,2026-09-08,2630
TBZ6,RFUD,2679,2682,3,2704,2709,2678,2681,5,3,2678,-28,149828,322,3878,10441501,120592,10:31:48,0.11,,,,,,,10:31:47,-1.05,20260908104649,2026-09-08 10:46:49,2026-09-08,-0.81,-272,0.00000,0.00000,2026-09-08,2681
TCU6,RFUD,435.9,438,2.1,0,0,0,0,0,0,438,-2.4,210,0,0,0,0,10:30:16,0,,,,,,,10:30:16,-0.55,20260908104552,2026-09-08 10:45:52,,,0,0.00000,0.00000,2026-09-08,0
TCZ6,RFUD,447.1,453,5.9,0,0,0,0,0,0,447.1,-2.6,42,0,0,0,0,10:30:16,0,,,,,,,10:30:16,-0.58,20260908104552,2026-09-08 10:45:52,,,0,0.00000,0.00000,2026-09-08,0
TLU6,RFUD,81.97,82.18,0.21,82.34,82.34,82.08,82.17,1,0.09,82.17,0.2,2902,4,4,283508,3274,10:31:45,0.11,,,,,,,10:15:10,0.24,20260908104646,2026-09-08 10:46:46,2026-09-08,0.23,-4,0.00000,0.00000,2026-09-08,70823
TLZ6,RFUD,82.11,82.29,0.18,82.37,82.37,82.33,82.33,5,-0.04,82.29,-0.58,886,2,6,425800,4918,10:31:45,-0.05,,,,,,,10:00:41,-0.7,20260908104646,2026-09-08 10:46:46,2026-09-08,0.21,12,0.00000,0.00000,2026-09-08,70961
TNU6,RFUD,1061,1062,1,1065,1069,1061,1061,12,-1,1061,-10,282452,146,2778,2959328,34178,10:31:48,-0.09,,,,,,,10:30:56,-0.94,20260908104649,2026-09-08 10:46:49,2026-09-08,-0.38,-4544,0.00000,0.00000,2026-09-08,1061
TNZ6,RFUD,1099,1100,1,1103,1108,1099,1099,12,-1,1099,-11,129962,170,1775,1959414,22630,10:31:48,-0.09,,,,,,,10:30:56,-1,20260908104649,2026-09-08 10:46:49,2026-09-08,-0.45,596,0.00000,0.00000,2026-09-08,1099
TOU6,RFUD,192.01,197.9,5.89,0,0,0,0,0,0,194.95,-0.45,14,0,0,0,0,10:31:45,0,,,,,,,10:31:45,-0.23,20260908104646,2026-09-08 10:46:46,,,0,0.00000,0.00000,2026-09-08,0
TOZ6,RFUD,193.6,206.83,13.23,0,0,0,0,0,0,200.22,-2.38,12,0,0,0,0,10:31:47,0,,,,,,,10:31:47,-1.19,20260908104648,2026-09-08 10:46:48,,,0,0.00000,0.00000,2026-09-08,0
TPU6,RFUD,5749,5756,7,5757,5768,5737,5741,1,2,5745,-37,47166,32,82,471567,5446,10:31:48,0.03,,,,,,,10:25:33,-0.64,20260908104649,2026-09-08 10:46:49,2026-09-08,-0.21,-76,0.00000,0.00000,2026-09-08,5741
TPZ6,RFUD,5620,5650,30,0,0,0,0,0,0,5616,-44,10182,0,0,0,0,10:31:46,0,,,,,,,10:31:46,-0.78,20260908104648,2026-09-08 10:46:48,,,0,0.00000,0.00000,2026-09-08,0
TRH7,RFUD,0,0,0,0,0,0,0,0,0,50.5357,0,0,0,0,0,0,03:10:56,0,,,,,,,03:10:56,0,20260908070506,2026-09-08 07:05:06,,,0,0.00000,0.00000,2026-09-08,0
TRU6,RFUD,0,0,0,0,0,0,0,0,0,48.2473,0,0,0,0,0,0,00:07:21,0,,,,,,,00:07:21,0,20260908070506,2026-09-08 07:05:06,,,0,0.00000,0.00000,2026-09-08,0
TRZ6,RFUD,49.43,0,0,0,0,0,0,0,0,49.43,-0.01,0,0,0,0,0,07:12:14,0,,,,,,,07:12:14,-0.02,20260908072750,2026-09-08 07:27:50,,,0,0.00000,0.00000,2026-09-08,0
TSLAF,RFUD,343.6,356,12.4,0,0,0,0,0,0,349.8,-4.3,0,0,0,0,0,10:25:00,0,,,,,,,10:25:00,-1.23,20260908104001,2026-09-08 10:40:01,,,0,0.00000,0.00000,2026-09-08,0
TSU6,RFUD,433.8,434.9,1.1,436,436,433.6,433.6,1,-1.1,434,13.6,1008,6,18,675530,7802,10:31:43,-0.25,,,,,,,10:02:25,3.13,20260908104644,2026-09-08 10:46:44,2026-09-08,-0.41,8,0.00000,0.00000,2026-09-08,37372
TSZ6,RFUD,440.4,476,35.6,0,0,0,0,0,0,458.2,22.6,82,0,0,0,0,10:31:12,0,,,,,,,10:31:12,4.93,20260908104618,2026-09-08 10:46:18,,,0,0.00000,0.00000,2026-09-08,0
TTU6,RFUD,59341,59377,36,59302,59500,59150,59281,1,-80,59296,-281,9406,76,100,5931957,68510,10:31:48,-0.13,,,,,,,10:28:59,-0.47,20260908104649,2026-09-08 10:46:49,2026-09-08,-0.26,8,0.00000,0.00000,2026-09-08,59281
TTZ6,RFUD,58133,58327,194,58180,58312,58125,58300,1,175,58300,-208,5744,10,13,757023,8743,10:31:48,0.3,,,,,,,09:25:45,-0.36,20260908104649,2026-09-08 10:46:49,2026-09-08,0.15,-2,0.00000,0.00000,2026-09-08,58300
TXU6,RFUD,0.338,0.3389,0.0009,0.3365,0.3389,0.3365,0.3389,1,0.0024,0.3389,0.004,2474,3,7,20341,235,10:30:53,0.71,,,,,,,10:30:23,1.18,20260908104557,2026-09-08 10:45:57,2026-09-08,0.92,-12,0.00000,0.00000,2026-09-08,2921
TXV6,RFUD,0.3388,0.3418,0.003,0.3412,0.3417,0.3412,0.3417,1,0,0.3417,0.0057,382,2,2,5861,68,10:30:53,0,,,,,,,10:30:23,1.67,20260908104557,2026-09-08 10:45:57,2026-09-08,1.79,-4,0.00000,0.00000,2026-09-08,2945
TXX6,RFUD,0.3194,0.3653,0.0459,0,0,0,0,0,0,0.341,0.004,184,0,0,0,0,10:30:53,0,,,,,,,10:30:53,1.17,20260908104557,2026-09-08 10:45:57,,,0,0.00000,0.00000,2026-09-08,0
TYH7,RFUD,1.301,1.626,0.325,1.641,1.641,1.641,1.641,1,0,1.626,-0.015,2,1,1,1640,19,10:31:38,0,,,,,,,08:49:36,-0.92,20260908104639,2026-09-08 10:46:39,2026-09-08,0,2,0.00000,0.00000,2026-09-08,1641
TYU6,RFUD,1.718,1.783,0.065,1.739,1.829,1.711,1.718,1,-0.065,1.718,0.018,1962,21,87,152320,1759,10:31:15,-3.65,,,,,,,10:30:47,1.05,20260908104624,2026-09-08 10:46:24,2026-09-08,1.42,4,0.00000,0.00000,2026-09-08,1718
TYZ6,RFUD,1.603,1.646,0.043,0,0,0,0,0,0,1.646,0.005,646,0,0,0,0,10:31:07,0,,,,,,,10:31:07,0.3,20260908104608,2026-09-08 10:46:08,,,0,0.00000,0.00000,2026-09-08,0
UCH7,RFUD,6.655,6.676,0.021,0,0,0,0,0,0,6.655,-0.022,38,0,0,0,0,10:31:33,0,,,,,,,10:31:33,-0.33,20260908104634,2026-09-08 10:46:34,,,0,0.00000,0.00000,2026-09-08,0
UCM7,RFUD,6.647,6.698,0.051,0,0,0,0,0,0,6.646,-0.005,38,0,0,0,0,10:31:34,0,,,,,,,10:31:34,-0.08,20260908104635,2026-09-08 10:46:35,,,0,0.00000,0.00000,2026-09-08,0
UCU6,RFUD,6.701,6.702,0.001,6.697,6.703,6.697,6.703,2,0.001,6.702,0.002,111188,322,2712,234329508,2706330,10:31:48,0.01,,,,,,,10:28:17,0.03,20260908104649,2026-09-08 10:46:49,2026-09-08,0.09,-766,0.00000,0.00000,2026-09-08,86429
UCU7,RFUD,6.077,0,0,0,0,0,0,0,0,6.077,0,0,0,0,0,0,10:30:39,0,,,,,,,10:30:39,0,20260908104558,2026-09-08 10:45:58,,,0,0.00000,0.00000,2026-09-08,0
UCZ6,RFUD,6.67,6.673,0.003,6.672,6.676,6.668,6.674,3,0.001,6.672,0.002,129612,63,152,13078615,151048,10:31:37,0.01,,,,,,,10:29:22,0.03,20260908104638,2026-09-08 10:46:38,2026-09-08,0.07,-54,0.00000,0.00000,2026-09-08,86055
UMU6,RFUD,86.62,86.65,0.03,86.78,87.18,86.55,86.65,1,0.03,86.63,-0.06,12156,265,1466,12737660,147110,10:31:48,0.03,,,,,,,10:31:40,-0.07,20260908104649,2026-09-08 10:46:49,2026-09-08,-0.2,208,0.00000,0.00000,2026-09-08,8665
UMZ6,RFUD,87.77,87.84,0.07,87.97,88.25,87.8,87.84,1,0.04,87.8,0,4100,73,343,3022559,34908,10:31:48,0.05,,,,,,,10:31:40,0,20260908104649,2026-09-08 10:46:49,2026-09-08,-0.15,160,0.00000,0.00000,2026-09-08,8784
UNU6,RFUD,10243,10258,15,10431,10452,10186,10251,3,28,10251,-171,9162,88,218,2248164,25965,10:31:44,0.27,,,,,,,10:08:18,-1.67,20260908104648,2026-09-08 10:46:48,2026-09-08,-1.62,-164,0.00000,0.00000,2026-09-08,10251
UNZ6,RFUD,10618,10634,16,10810,10810,10553,10603,1,-33,10615,-175,2696,61,119,1268060,14645,10:31:45,-0.31,,,,,,,10:08:08,-1.65,20260908104648,2026-09-08 10:46:48,2026-09-08,-1.77,8,0.00000,0.00000,2026-09-08,10603
USDRUBF,RFUD,86.54,86.55,0.01,86.68,87.09,86.42,86.55,10,0.01,86.53,0.34,1033034,7700,76119,6608763370,76326268,10:31:48,0.01,,,,,,,10:31:33,0.39,20260908104649,2026-09-08 10:46:49,2026-09-08,-0.22,18406,86.68000,0.00000,2026-09-08,86550
UTH7,RFUD,0,0,0,0,0,0,0,0,0,521.5,0,0,0,0,0,0,03:10:56,0,,,,,,,03:10:56,0,20260908070506,2026-09-08 07:05:06,,,0,0.00000,0.00000,2026-09-08,0
UTU6,RFUD,0,0,0,0,0,0,0,0,0,499.3,0,0,0,0,0,0,03:10:56,0,,,,,,,03:10:56,0,20260908070506,2026-09-08 07:05:06,,,0,0.00000,0.00000,2026-09-08,0
UTZ6,RFUD,0,0,0,0,0,0,0,0,0,510.4,0,0,0,0,0,0,03:10:56,0,,,,,,,03:10:56,0,20260908070506,2026-09-08 07:05:06,,,0,0.00000,0.00000,2026-09-08,0
VBU6,RFUD,5242,5244,2,5295,5297,5232,5243,5,2,5240,-47,832984,3642,39648,208526038,2408320,10:31:48,0.04,,,,,,,10:31:45,-0.9,20260908104649,2026-09-08 10:46:49,2026-09-08,-0.98,-19520,0.00000,0.00000,2026-09-08,5243
VBZ6,RFUD,5428,5431,3,5472,5480,5420,5426,4,2,5425,-47,364716,600,4375,23833716,275262,10:31:48,0.04,,,,,,,10:31:20,-0.87,20260908104649,2026-09-08 10:46:49,2026-09-08,-0.91,1142,0.00000,0.00000,2026-09-08,5426
VIU6,RFUD,39.05,39.4,0.35,39.8,39.8,38.75,39.5,1,0.15,39.4,-0.55,2852,20,49,332326,3838,10:31:45,0.38,,,,,,,10:14:44,-1.4,20260908104646,2026-09-08 10:46:46,2026-09-08,-0.13,-38,0.00000,0.00000,2026-09-08,6809
VIV6,RFUD,38.75,39.45,0.7,39.8,39.85,39.25,39.25,1,-0.05,39.25,-0.3,294,9,9,61428,709,10:31:36,-0.13,,,,,,,10:14:44,-0.76,20260908104637,2026-09-08 10:46:37,2026-09-08,-1.63,2,0.00000,0.00000,2026-09-08,6766
VIX6,RFUD,36.95,41,4.05,0,0,0,0,0,0,39.4,-0.55,0,0,0,0,0,10:30:45,0,,,,,,,10:30:45,-1.4,20260908104546,2026-09-08 10:45:46,,,0,0.00000,0.00000,2026-09-08,0
VKU6,RFUD,1203,1205,2,1216,1217,1193,1202,60,-1,1203,-15,390552,1263,31525,38036063,439288,10:31:48,-0.08,,,,,,,10:31:27,-1.25,20260908104649,2026-09-08 10:46:49,2026-09-08,-0.74,56,0.00000,0.00000,2026-09-08,1202
VKZ6,RFUD,1243,1245,2,1254,1257,1235,1242,60,-3,1245,-17,103946,245,3464,4310207,49780,10:31:48,-0.24,,,,,,,10:31:27,-1.37,20260908104649,2026-09-08 10:46:49,2026-09-08,-0.64,1956,0.00000,0.00000,2026-09-08,1242
W4F7,RFUD,17100,17230,130,17190,17190,17190,17190,1,0,17190,20,5852,2,2,34380,397,10:31:48,0,,,,,,,07:13:19,0.12,20260908104649,2026-09-08 10:46:49,2026-09-08,0,-2,0.00000,0.00000,2026-09-08,17190
W4G7,RFUD,18020,18250,230,18030,18030,18030,18030,1,0,18030,-30,5148,1,1,18030,208,10:31:45,0,,,,,,,09:27:28,-0.17,20260908104646,2026-09-08 10:46:46,2026-09-08,-0.06,2,0.00000,0.00000,2026-09-08,18030
W4H7,RFUD,19120,19210,90,19200,19200,19200,19200,1,0,19200,90,664,1,1,19200,222,10:31:25,0,,,,,,,10:26:01,0.47,20260908104627,2026-09-08 10:46:27,2026-09-08,0.37,2,0.00000,0.00000,2026-09-08,19200
W4J7,RFUD,19550,19870,320,0,0,0,0,0,0,19710,-190,430,0,0,0,0,10:31:25,0,,,,,,,10:31:25,-0.96,20260908104627,2026-09-08 10:46:27,,,0,0.00000,0.00000,2026-09-08,0
W4K7,RFUD,20080,20400,320,0,0,0,0,0,0,20240,-260,832,0,0,0,0,10:31:25,0,,,,,,,10:31:25,-1.28,20260908104627,2026-09-08 10:46:27,,,0,0.00000,0.00000,2026-09-08,0
W4M7,RFUD,20250,20680,430,20250,20250,20250,20250,1,0,20250,-430,980,1,1,20250,234,10:31:29,0,,,,,,,08:13:02,-2.12,20260908104630,2026-09-08 10:46:30,2026-09-08,0,2,0.00000,0.00000,2026-09-08,20250
W4N7,RFUD,20070,20500,430,0,0,0,0,0,0,20290,-200,464,0,0,0,0,10:31:29,0,,,,,,,10:31:29,-0.99,20260908104630,2026-09-08 10:46:30,,,0,0.00000,0.00000,2026-09-08,0
W4Q7,RFUD,19970,20840,870,20580,20580,20580,20580,1,0,20580,550,18,1,1,20580,238,10:31:45,0,,,,,,,09:12:47,2.67,20260908104646,2026-09-08 10:46:46,2026-09-08,2.75,0,0.00000,0.00000,2026-09-08,20580
W4U6,RFUD,12580,12590,10,12620,12650,12580,12580,1,-10,12580,-10,51618,162,388,4892730,56507,10:31:46,-0.08,,,,,,,10:25:52,-0.08,20260908104647,2026-09-08 10:46:47,2026-09-08,-0.32,112,0.00000,0.00000,2026-09-08,12580
W4V6,RFUD,13970,13990,20,13970,14030,13950,13970,1,-10,13970,30,19856,160,369,5161030,59606,10:31:46,-0.07,,,,,,,10:28:20,0.21,20260908104647,2026-09-08 10:46:47,2026-09-08,-0.14,-198,0.00000,0.00000,2026-09-08,13970
W4X6,RFUD,15050,15090,40,15100,15100,15090,15100,1,10,15090,30,7530,5,5,75420,871,10:31:03,0.07,,,,,,,10:05:35,0.2,20260908104604,2026-09-08 10:46:04,2026-09-08,-0.07,6,0.00000,0.00000,2026-09-08,15100
W4Z6,RFUD,16040,16120,80,16090,16120,16080,16120,1,40,16120,60,5924,4,4,64410,744,10:31:41,0.25,,,,,,,07:39:22,0.37,20260908104642,2026-09-08 10:46:42,2026-09-08,0.06,8,0.00000,0.00000,2026-09-08,16120
WTF7,RFUD,81.68,88.96,7.28,0,0,0,0,0,0,85.32,-1.13,20,0,0,0,0,10:30:58,0,,,,,,,10:30:58,-1.32,20260908104638,2026-09-08 10:46:38,,,0,0.00000,0.00000,2026-09-08,0
WTG7,RFUD,80.08,87.49,7.41,0,0,0,0,0,0,83.79,-1.11,16,0,0,0,0,10:30:58,0,,,,,,,10:30:58,-1.32,20260908104638,2026-09-08 10:46:38,,,0,0.00000,0.00000,2026-09-08,0
WTU6,RFUD,94.21,94.37,0.16,92.94,94.01,92.94,93.96,1,-0.02,94.22,1.2,944,15,20,1616260,18667,10:31:42,-0.02,,,,,,,10:09:59,1.27,20260908104643,2026-09-08 10:46:43,2026-09-08,1.41,24,0.00000,0.00000,2026-09-08,80985
WTV6,RFUD,90.61,93.88,3.27,92.47,92.47,92.47,92.47,1,0,92.47,2.62,14,1,1,79701,920,10:31:36,0,,,,,,,09:34:24,2.83,20260908104638,2026-09-08 10:46:38,2026-09-08,2.92,0,0.00000,0.00000,2026-09-08,79701
WTX6,RFUD,87.4,92.59,5.19,0,0,0,0,0,0,90,3,36,0,0,0,0,10:30:57,0,,,,,,,10:30:57,3.33,20260908104638,2026-09-08 10:46:38,,,0,0.00000,0.00000,2026-09-08,0
WTZ6,RFUD,84.9,90.73,5.83,0,0,0,0,0,0,87.82,0.97,0,0,0,0,0,10:30:58,0,,,,,,,10:30:58,1.1,20260908104638,2026-09-08 10:46:38,,,0,0.00000,0.00000,2026-09-08,0
WUU6,RFUD,418,419,1,426,429,419,419,1,-1,419,-4,589850,229,8477,3574926,41288,10:31:48,-0.24,,,,,,,10:31:34,-0.95,20260908104649,2026-09-08 10:46:49,2026-09-08,-1.87,-708,0.00000,0.00000,2026-09-08,419
WUZ6,RFUD,432,433,1,444,444,433,433,137,-3,433,-5,72026,53,3156,1373031,15857,10:31:46,-0.69,,,,,,,10:06:01,-1.15,20260908104648,2026-09-08 10:46:48,2026-09-08,-2.04,-4666,0.00000,0.00000,2026-09-08,433
X5U6,RFUD,1809,1810,1,1821,1825,1809,1809,10,-1,1809,-14,935318,494,9429,17137489,197925,10:31:48,-0.06,,,,,,,10:31:30,-0.77,20260908104649,2026-09-08 10:46:49,2026-09-08,-0.71,-8242,0.00000,0.00000,2026-09-08,1809
X5Z6,RFUD,1873,1875,2,1885,1889,1874,1876,1,2,1875,-14,136900,314,3310,6231483,71969,10:31:48,0.11,,,,,,,10:29:55,-0.75,20260908104649,2026-09-08 10:46:49,2026-09-08,-0.58,2334,0.00000,0.00000,2026-09-08,1876
XIU6,RFUD,27.18,27.3,0.12,27.36,27.6,26.71,27.21,17,0.24,27.21,-0.42,986,10,37,1104649,12758,10:30:29,0.89,,,,,,,10:23:10,-1.54,20260908104530,2026-09-08 10:45:30,2026-09-08,-2.05,-22,0.00000,0.00000,2026-09-08,29910
XIZ6,RFUD,27.94,28.5,0.56,0,0,0,0,0,0,27.94,-0.64,86,0,0,0,0,10:31:35,0,,,,,,,10:31:35,-2.29,20260908104636,2026-09-08 10:46:36,,,0,0.00000,0.00000,2026-09-08,0
XRU6,RFUD,1.4038,1.4076,0.0038,1.4164,1.4164,1.4035,1.4035,1,-0.0017,1.4041,0.0035,12250,16,21,255039,2946,10:31:19,-0.12,,,,,,,10:25:26,0.25,20260908104648,2026-09-08 10:46:48,2026-09-08,-0.83,38,0.00000,0.00000,2026-09-08,12097
XRV6,RFUD,1.4159,1.4268,0.0109,1.426,1.4267,1.4226,1.4226,1,-0.001,1.4226,0.0067,330,5,5,61368,709,10:31:19,-0.07,,,,,,,09:21:47,0.47,20260908104648,2026-09-08 10:46:48,2026-09-08,-0.52,0,0.00000,0.00000,2026-09-08,12262
XRX6,RFUD,1.4401,1.5087,0.0686,1.4401,1.4401,1.4401,1.4401,1,0,1.4401,-0.0256,70,1,1,12412,143,10:30:51,0,,,,,,,07:24:28,-1.78,20260908104648,2026-09-08 10:46:48,2026-09-08,-1.75,0,0.00000,0.00000,2026-09-08,12412
YDU6,RFUD,3837,3839,2,3882,3896,3837,3838,13,1,3838,-49,533046,1439,15138,58451261,675068,10:31:48,0.03,,,,,,,10:31:45,-1.28,20260908104649,2026-09-08 10:46:49,2026-09-08,-1.13,-6360,0.00000,0.00000,2026-09-08,3838
YDZ6,RFUD,3872,3876,4,3901,3922,3873,3873,9,-4,3876,-37,80084,547,4105,15966467,184401,10:31:48,-0.1,,,,,,,10:31:45,-0.95,20260908104649,2026-09-08 10:46:49,2026-09-08,-0.92,2678,0.00000,0.00000,2026-09-08,3873
ZCH7,RFUD,3925.5,4044.5,119,0,0,0,0,0,0,4044.5,0,2,0,0,0,0,10:31:14,0,,,,,,,10:31:14,0,20260908104615,2026-09-08 10:46:15,,,0,0.00000,0.00000,2026-09-08,0
ZCU6,RFUD,4123.5,4142,18.5,4140,4157.5,4129.5,4129.5,1,-10.5,4129.5,18.5,1892,6,6,214172,2474,10:31:45,-0.25,,,,,,,09:37:47,0.45,20260908104646,2026-09-08 10:46:46,2026-09-08,-0.24,2,0.00000,0.00000,2026-09-08,35593
ZCZ6,RFUD,4031.5,4083.5,52,4061,4061,4061,4061,1,0,4061,-16,538,2,2,70004,808,10:31:45,0,,,,,,,09:30:56,-0.39,20260908104646,2026-09-08 10:46:46,2026-09-08,0.27,2,0.00000,0.00000,2026-09-08,35002
