SECID,BOARDID,SHORTNAME,SECNAME,PREVSETTLEPRICE,DECIMALS,MINSTEP,LASTTRADEDATE,LASTDELDATE,SECTYPE,LATNAME,ASSETCODE,PREVOPENPOSITION,LOTVOLUME,INITIALMARGIN,HIGHLIMIT,LOWLIMIT,STEPPRICE,LASTSETTLEPRICE,PREVPRICE,IMTIME,BUYSELLFEE,SCALPERFEE,NEGOTIATEDFEE,EXERCISEFEE,SETTLEPRICE_CLR
92Q6,RFUD,AI92-8.26,Фьючерсный контракт AI92-8.26,74310,0,10.00000,2026-08-28,2026-08-28,92,AI92-8.26,AI92,102,1,7767.62,78170.00000,70450.00000,10.00000,74310,73800,2026-08-13 07:00:03,9.81,4.91,3.27,3.27,74310.00000
92U6,RFUD,AI92-9.26,Фьючерсный контракт AI92-9.26,75520,0,10.00000,2026-09-29,2026-09-29,92,AI92-9.26,AI92,124,1,8506.05,79720.00000,71320.00000,10.00000,75520,75520,2026-08-13 07:00:03,9.97,4.99,3.32,3.32,75520.00000
92V6,RFUD,AI92-10.26,Фьючерсный контракт AI92-10.26,75290,0,10.00000,2026-10-29,2026-10-29,92,AI92-10.26,AI92,0,1,8892.17,79660.00000,70920.00000,10.00000,75290,0,2026-08-13 07:00:03,9.93,4.97,3.31,3.31,75290.00000
95Q6,RFUD,AI95-8.26,Фьючерсный контракт AI95-8.26,77280,0,10.00000,2026-08-28,2026-08-28,95,AI95-8.26,AI95,368,1,8854.05,81680.00000,72880.00000,10.00000,77280,77470,2026-08-13 07:00:03,10.21,5.11,3.41,3.40,77280.00000
95U6,RFUD,AI95-9.26,Фьючерсный контракт AI95-9.26,78740,0,10.00000,2026-09-29,2026-09-29,95,AI95-9.26,AI95,186,1,9631.44,83490.00000,73990.00000,10.00000,78740,78740,2026-08-13 07:00:03,10.40,5.20,3.46,3.46,78740.00000
95V6,RFUD,AI95-10.26,Фьючерсный контракт AI95-10.26,78750,0,10.00000,2026-10-29,2026-10-29,95,AI95-10.26,AI95,0,1,10041.98,83690.00000,73810.00000,10.00000,78750,0,2026-08-13 07:00:03,10.40,5.20,3.46,3.47,78750.00000
A2U6,RFUD,ASML-9.26,Фьючерсный контракт ASML-9.26,1823.4,1,0.10000,2026-09-18,2026-09-18,A2,ASML-9.26,ASML,470,1,3954.89,2029.30000,1617.50000,0.82998,1823.4,1833.4,2026-08-13 07:00:03,2.99,1.50,0.99,1.00,1823.40000
A2Z6,RFUD,ASML-12.26,Фьючерсный контракт ASML-12.26,1839.4,1,0.10000,2026-12-18,2026-12-18,A2,ASML-12.26,ASML,134,1,4037.82,2048.90000,1629.90000,0.82998,1839.4,0,2026-08-13 07:00:03,3.02,1.51,1.01,1.01,1839.40000
AAU6,RFUD,AFRICA-9.26,Фьючерсный контракт AFRICA-9.26,68.1,2,0.01000,2026-09-18,2026-09-18,AA,AFRICA-9.26,AFRICA,128,1,757.83,72.04000,64.16000,0.82998,68.1,68.1,2026-08-13 07:00:03,1.12,0.56,0.37,0.37,68.10000
AAZ6,RFUD,AFRICA-12.26,Фьючерсный контракт AFRICA-12.26,68.61,2,0.01000,2026-12-18,2026-12-18,AA,AFRICA-12.26,AFRICA,48,1,762.41,72.57000,64.65000,0.82998,68.61,68.03,2026-08-13 07:00:03,1.13,0.57,0.38,0.38,68.61000
AEU6,RFUD,AED-9.26,Фьючерсный контракт AED-9.26,22.782,3,0.00100,2026-09-17,2026-09-17,AE,AED-9.26,AED,98,1000,3568.48,24.73300,20.83100,1.00000,22.782,22.782,2026-08-13 07:00:03,1.05,0.53,0.35,0.35,22.78200
AEZ6,RFUD,AED-12.26,Фьючерсный контракт AED-12.26,23.05,3,0.00100,2026-12-17,2026-12-17,AE,AED-12.26,AED,34,1000,3674.37,25.05200,21.04800,1.00000,23.05,0,2026-08-13 07:00:03,1.06,0.53,0.35,0.35,23.05000
AFU6,RFUD,AFLT-9.26,Фьючерсный контракт AFLT-9.26,3571,0,1.00000,2026-09-17,2026-09-18,AF,AFLT-9.26,AFLT,135018,100,924.12,4028.00000,3114.00000,1.00000,3571,3547,2026-08-13 07:00:03,0.71,0.36,0.24,0.00,3571.00000
AFZ6,RFUD,AFLT-12.26,Фьючерсный контракт AFLT-12.26,3673,0,1.00000,2026-12-17,2026-12-18,AF,AFLT-12.26,AFLT,7694,100,985.59,4155.00000,3191.00000,1.00000,3673,3650,2026-08-13 07:00:03,0.73,0.37,0.24,0.00,3673.00000
AGU6,RFUD,ARGT-9.26,Фьючерсный контракт ARGT-9.26,93.54,2,0.01000,2026-09-18,2026-09-18,AG,ARGT-9.26,ARGT,716,1,1130.74,99.42000,87.66000,0.82998,93.54,94.3,2026-08-13 07:00:03,1.53,0.77,0.51,0.51,93.54000
AGZ6,RFUD,ARGT-12.26,Фьючерсный контракт ARGT-12.26,94.73,2,0.01000,2026-12-18,2026-12-18,AG,ARGT-12.26,ARGT,40,1,1137.39,100.65000,88.81000,0.82998,94.73,96.06,2026-08-13 07:00:03,1.56,0.78,0.52,0.52,94.73000
AKU6,RFUD,AFKS-9.26,Фьючерсный контракт AFKS-9.26,9305,0,1.00000,2026-09-17,2026-09-18,AK,AFKS-9.26,AFKS,74024,1000,2406.70,10496.00000,8114.00000,1.00000,9305,9250,2026-08-13 07:00:03,1.84,0.92,0.61,0.00,9305.00000
AKZ6,RFUD,AFKS-12.26,Фьючерсный контракт AFKS-12.26,9559,0,1.00000,2026-12-17,2026-12-18,AK,AFKS-12.26,AFKS,3986,1000,2566.58,10814.00000,8304.00000,1.00000,9559,9500,2026-08-13 07:00:03,1.89,0.95,0.63,0.00,9559.00000
ALU6,RFUD,ALRS-9.26,Фьючерсный контракт ALRS-9.26,2165,0,1.00000,2026-09-17,2026-09-18,AL,ALRS-9.26,ALRS,286928,100,559.75,2442.00000,1888.00000,1.00000,2165,2161,2026-08-13 07:00:03,0.43,0.22,0.14,0.00,2165.00000
ALZ6,RFUD,ALRS-12.26,Фьючерсный контракт ALRS-12.26,2242,0,1.00000,2026-12-17,2026-12-18,AL,ALRS-12.26,ALRS,30136,100,597.36,2534.00000,1950.00000,1.00000,2242,2231,2026-08-13 07:00:03,0.45,0.23,0.15,0.00,2242.00000
ANU6,RFUD,ALUM-9.26,Фьючерсный контракт ALUM-9.26,3317,1,0.50000,2026-09-15,2026-09-15,AN,ALUM-9.26,ALUM,73424,100,3355.43,3491.50000,3142.50000,4.14989,3317,3325,2026-08-13 07:00:03,3.63,1.82,1.21,1.21,3317.00000
ANZ6,RFUD,ALUM-12.26,Фьючерсный контракт ALUM-12.26,3309,1,0.50000,2026-12-15,2026-12-15,AN,ALUM-12.26,ALUM,3650,100,3790.67,3504.00000,3114.00000,4.14989,3309,3319,2026-08-13 07:00:03,3.62,1.81,1.20,1.21,3309.00000
APU6,RFUD,SAP-9.26,Фьючерсный контракт SAP-9.26,204.36,2,0.01000,2026-09-18,2026-09-18,AP,SAP-9.26,SAP,6,1,4628.72,228.46000,180.26000,0.82998,204.36,203.39,2026-08-13 07:00:03,3.36,1.68,1.12,1.12,204.36000
APZ6,RFUD,SAP-12.26,Фьючерсный контракт SAP-12.26,206.33,2,0.01000,2026-12-18,2026-12-18,AP,SAP-12.26,SAP,2,1,4974.88,230.83000,181.83000,0.82998,206.33,0,2026-08-13 07:00:03,3.39,1.70,1.13,1.13,206.33000
ARU6,RFUD,AMD-9.26,Фьючерсный контракт AMD-9.26,22.482,3,0.00100,2026-09-17,2026-09-17,AR,AMD-9.26,AMD,54,100000,6913.24,26.26200,18.70200,1.00000,22.482,22,2026-08-13 07:00:03,1.04,0.52,0.35,0.35,22.48200
ARZ6,RFUD,AMD-12.26,Фьючерсный контракт AMD-12.26,23.897,3,0.00100,2026-12-17,2026-12-17,AR,AMD-12.26,AMD,38,100000,7208.99,27.73300,20.06100,1.00000,23.897,23.926,2026-08-13 07:00:03,1.10,0.55,0.37,0.37,23.89700
ASU6,RFUD,ASTR-9.26,Фьючерсный контракт ASTR-9.26,222,0,1.00000,2026-09-17,2026-09-18,AS,ASTR-9.26,ASTR,276478,1,58.08,250.00000,194.00000,1.00000,222,222,2026-08-13 07:00:03,0.05,0.03,0.02,0.00,222.00000
ASZ6,RFUD,ASTR-12.26,Фьючерсный контракт ASTR-12.26,227,0,1.00000,2026-12-17,2026-12-18,AS,ASTR-12.26,ASTR,63078,1,61.88,257.00000,197.00000,1.00000,227,225,2026-08-13 07:00:03,0.05,0.03,0.02,0.00,227.00000
AUU6,RFUD,AUDU-9.26,Фьючерсный контракт AUDU-9.26,0.7057,4,0.00010,2026-09-17,2026-09-17,AU,AUDU-9.26,AUDU,226,1000,7696.62,0.74580,0.66560,8.29977,0.7057,0.705,2026-08-13 07:00:03,2.71,1.36,0.90,0.90,0.70570
AUZ6,RFUD,AUDU-12.26,Фьючерсный контракт AUDU-12.26,0.7069,4,0.00010,2026-12-17,2026-12-17,AU,AUDU-12.26,AUDU,0,1000,8136.59,0.74910,0.66470,8.29977,0.7069,0,2026-08-13 07:00:03,2.71,1.36,0.90,0.90,0.70690
BBU6,RFUD,ALIBABA-9.26,Фьючерсный контракт ALIBABA-9.26,125.11,2,0.01000,2026-09-18,2026-09-18,BB,ALIBABA-9.26,ALIBABA,17784,1,1752.61,134.23000,115.99000,0.82998,125.11,126.19,2026-08-13 07:00:03,2.05,1.03,0.68,0.69,125.11000
BBZ6,RFUD,ALIBABA-12.26,Фьючерсный контракт ALIBABA-12.26,128.29,2,0.01000,2026-12-18,2026-12-18,BB,ALIBABA-12.26,ALIBABA,880,1,1807.78,137.67000,118.91000,0.82998,128.29,128.6,2026-08-13 07:00:03,2.11,1.06,0.70,0.70,128.29000
BDU6,RFUD,BAIDU-9.26,Фьючерсный контракт BAIDU-9.26,104.99,2,0.01000,2026-09-18,2026-09-18,BD,BAIDU-9.26,BAIDU,16136,1,1571.56,113.17000,96.81000,0.82998,104.99,106.24,2026-08-13 07:00:03,1.72,0.86,0.57,0.58,104.99000
BDZ6,RFUD,BAIDU-12.26,Фьючерсный контракт BAIDU-12.26,108.64,2,0.01000,2026-12-18,2026-12-18,BD,BAIDU-12.26,BAIDU,484,1,1619.16,117.04000,100.24000,0.82998,108.64,109.8,2026-08-13 07:00:03,1.79,0.90,0.59,0.60,108.64000
BMF7,RFUD,BRM-1.27,Фьючерсный контракт BRM-1.27,81.96,2,0.01000,2027-01-04,2027-01-04,BM,BRM-1.27,BRM,2416,1,1766.80,93.89000,70.03000,0.82998,81.96,81.58,2026-08-13 07:00:03,0.90,0.45,0.30,0.30,81.96000
BMG7,RFUD,BRM-2.27,Фьючерсный контракт BRM-2.27,81.31,2,0.01000,2027-02-01,2027-02-01,BM,BRM-2.27,BRM,1052,1,1798.08,93.41000,69.21000,0.82998,81.31,81.45,2026-08-13 07:00:03,0.89,0.45,0.30,0.30,81.31000
BMH7,RFUD,BRM-3.27,Фьючерсный контракт BRM-3.27,81.75,2,0.01000,2027-03-01,2027-03-01,BM,BRM-3.27,BRM,342,1,1816.11,93.96000,69.54000,0.82998,81.75,81.75,2026-08-13 07:00:03,0.89,0.45,0.30,0.30,81.75000
BMU6,RFUD,BRM-9.26,Фьючерсный контракт BRM-9.26,88.92,2,0.01000,2026-08-31,2026-08-31,BM,BRM-9.26,BRM,108416,1,1577.21,99.77000,78.07000,0.82998,88.92,88.46,2026-08-13 07:00:03,0.97,0.49,0.33,0.32,88.92000
BMV6,RFUD,BRM-10.26,Фьючерсный контракт BRM-10.26,86.62,2,0.01000,2026-10-01,2026-10-01,BM,BRM-10.26,BRM,19584,1,1753.45,97.95000,75.29000,0.82998,86.62,86.55,2026-08-13 07:00:03,0.95,0.48,0.31,0.32,86.62000
BMX6,RFUD,BRM-11.26,Фьючерсный контракт BRM-11.26,84.86,2,0.01000,2026-11-02,2026-11-02,BM,BRM-11.26,BRM,15346,1,1697.97,96.40000,73.32000,0.82998,84.86,84.62,2026-08-13 07:00:03,0.93,0.47,0.31,0.31,84.86000
BMZ6,RFUD,BRM-12.26,Фьючерсный контракт BRM-12.26,83.5,2,0.01000,2026-12-01,2026-12-01,BM,BRM-12.26,BRM,5830,1,1723.70,95.19000,71.81000,0.82998,83.5,83.18,2026-08-13 07:00:03,0.92,0.46,0.31,0.30,83.50000
BNU6,RFUD,BANE-9.26,Фьючерсный контракт BANE-9.26,1290,0,1.00000,2026-09-17,2026-09-18,BN,BANE-9.26,BANE,44036,1,435.71,1505.00000,1075.00000,1.00000,1290,1275,2026-08-13 07:00:03,0.26,0.13,0.09,0.00,1290.00000
BNZ6,RFUD,BANE-12.26,Фьючерсный контракт BANE-12.26,1310,0,1.00000,2026-12-17,2026-12-18,BN,BANE-12.26,BANE,3992,1,458.87,1534.00000,1086.00000,1.00000,1310,1306,2026-08-13 07:00:03,0.26,0.13,0.09,0.00,1310.00000
BRF7,RFUD,BR-1.27,Фьючерсный контракт BR-1.27,81.85,2,0.01000,2027-01-04,2027-01-04,BR,BR-1.27,BR,2550,10,17667.91,93.78000,69.92000,8.29977,81.85,82,2026-08-13 07:00:03,8.97,4.49,2.99,2.99,81.85000
BRG7,RFUD,BR-2.27,Фьючерсный контракт BR-2.27,81.37,2,0.01000,2027-02-01,2027-02-01,BR,BR-2.27,BR,878,10,17985.00,93.48000,69.26000,8.29977,81.37,81.58,2026-08-13 07:00:03,8.92,4.46,2.97,2.97,81.37000
BRH7,RFUD,BR-3.27,Фьючерсный контракт BR-3.27,81.15,2,0.01000,2027-03-01,2027-03-01,BR,BR-3.27,BR,246,10,18145.91,93.35000,68.95000,8.29977,81.15,81.71,2026-08-13 07:00:03,8.89,4.45,2.96,2.96,81.15000
BRU6,RFUD,BR-9.26,Фьючерсный контракт BR-9.26,88.94,2,0.01000,2026-08-31,2026-08-31,BR,BR-9.26,BR,484958,10,15774.71,99.79000,78.09000,8.29977,88.94,88.51,2026-08-13 07:00:03,9.74,4.87,3.25,3.25,88.94000
BRV6,RFUD,BR-10.26,Фьючерсный контракт BR-10.26,86.64,2,0.01000,2026-10-01,2026-10-01,BR,BR-10.26,BR,73298,10,17537.41,97.97000,75.31000,8.29977,86.64,86.5,2026-08-13 07:00:03,9.49,4.75,3.16,3.16,86.64000
BRX6,RFUD,BR-11.26,Фьючерсный контракт BR-11.26,84.78,2,0.01000,2026-11-02,2026-11-02,BR,BR-11.26,BR,9326,10,16980.91,96.32000,73.24000,8.29977,84.78,84.74,2026-08-13 07:00:03,9.29,4.65,3.10,3.10,84.78000
BRZ6,RFUD,BR-12.26,Фьючерсный контракт BR-12.26,83.16,2,0.01000,2026-12-01,2026-12-01,BR,BR-12.26,BR,5852,10,17232.79,94.84000,71.48000,8.29977,83.16,83.45,2026-08-13 07:00:03,9.11,4.56,3.04,3.04,83.16000
BSU6,RFUD,BSPB-9.26,Фьючерсный контракт BSPB-9.26,2706,0,1.00000,2026-09-17,2026-09-18,BS,BSPB-9.26,BSPB,28344,10,700.16,3052.00000,2360.00000,1.00000,2706,2681,2026-08-13 07:00:03,0.54,0.27,0.18,0.00,2706.00000
BSZ6,RFUD,BSPB-12.26,Фьючерсный контракт BSPB-12.26,2615,0,1.00000,2026-12-17,2026-12-18,BS,BSPB-12.26,BSPB,3990,10,742.83,2978.00000,2252.00000,1.00000,2615,2599,2026-08-13 07:00:03,0.52,0.26,0.17,0.00,2615.00000
BTQ6,RFUD,BTC-8.26,Фьючерсный контракт BTC-8.26,63713,0,1.00000,2026-08-28,2026-08-28,BT,BTC-8.26,BTC,357986,1,1355.66,70797.00000,56629.00000,0.08300,63713,63848,2026-08-13 07:00:03,2.12,1.06,1.06,0.35,63713.00000
BTU6,RFUD,BTC-9.26,Фьючерсный контракт BTC-9.26,64165,0,1.00000,2026-09-25,2026-09-25,BT,BTC-9.26,BTC,87360,1,1362.42,71278.00000,57052.00000,0.08300,64165,64252,2026-08-13 07:00:03,2.13,1.07,1.06,0.35,64165.00000
BTV6,RFUD,BTC-10.26,Фьючерсный контракт BTC-10.26,64653,0,1.00000,2026-10-30,2026-10-30,BT,BTC-10.26,BTC,21280,1,1378.14,71834.00000,57472.00000,0.08300,64653,64768,2026-08-13 07:00:03,2.14,1.07,1.08,0.35,64653.00000
BYU6,RFUD,BYN-9.26,Фьючерсный контракт BYN-9.26,28.29,2,0.01000,2026-09-17,2026-09-17,BY,BYN-9.26,BYN,10,1000,4363.71,30.67000,25.91000,10.00000,28.29,0,2026-08-13 07:00:03,1.31,0.66,0.44,0.44,28.29000
BYZ6,RFUD,BYN-12.26,Фьючерсный контракт BYN-12.26,29.06,2,0.01000,2026-12-17,2026-12-17,BY,BYN-12.26,BYN,10,1000,4499.19,31.51000,26.61000,10.00000,29.06,0,2026-08-13 07:00:03,1.34,0.67,0.45,0.45,29.06000
BZU6,RFUD,BRAZIL-9.26,Фьючерсный контракт BRAZIL-9.26,34.27,2,0.01000,2026-09-18,2026-09-18,BZ,BRAZIL-9.26,BRAZIL,490,1,447.17,36.59000,31.95000,0.82998,34.27,34.29,2026-08-13 07:00:03,0.56,0.28,0.19,0.19,34.27000
BZZ6,RFUD,BRAZIL-12.26,Фьючерсный контракт BRAZIL-12.26,34.53,2,0.01000,2026-12-18,2026-12-18,BZ,BRAZIL-12.26,BRAZIL,106,1,449.52,36.86000,32.20000,0.82998,34.53,0,2026-08-13 07:00:03,0.57,0.29,0.19,0.19,34.53000
CAU6,RFUD,UCAD-9.26,Фьючерсный контракт UCAD-9.26,1.3914,4,0.00010,2026-09-17,2026-09-17,CA,UCAD-9.26,UCAD,2,1000,10379.63,1.45800,1.32480,5.95948,1.3914,0,2026-08-13 07:00:03,3.83,1.92,1.27,1.28,1.39140
CAZ6,RFUD,UCAD-12.26,Фьючерсный контракт UCAD-12.26,1.3917,4,0.00010,2026-12-17,2026-12-17,CA,UCAD-12.26,UCAD,0,1000,10843.11,1.46100,1.32240,5.95948,1.3917,0,2026-08-13 07:00:03,3.83,1.92,1.27,1.28,1.39170
CCQ6,RFUD,COCOA-8.26,Фьючерсный контракт COCOA-8.26,468.1,1,0.10000,2026-08-25,2026-08-25,CC,COCOA-8.26,COCOA,898244,10,813.90,508.60000,427.60000,1.00000,468.1,466.8,2026-08-13 07:00:03,0.62,0.31,0.21,0.21,468.10000
CCX6,RFUD,COCOA-11.26,Фьючерсный контракт COCOA-11.26,481.6,1,0.10000,2026-11-23,2026-11-23,CC,COCOA-11.26,COCOA,151448,10,904.59,526.00000,437.20000,1.00000,481.6,480.4,2026-08-13 07:00:03,0.64,0.32,0.21,0.21,481.60000
CEU6,RFUD,COPPER-9.26,Фьючерсный контракт COPPER-9.26,14207,0,1.00000,2026-09-15,2026-09-15,CE,COPPER-9.26,COPPER,111118,10,1437.17,14955.00000,13459.00000,0.82998,14207,14164,2026-08-13 07:00:03,1.55,0.78,0.52,0.52,14207.00000
CEZ6,RFUD,COPPER-12.26,Фьючерсный контракт COPPER-12.26,14241,0,1.00000,2026-12-15,2026-12-15,CE,COPPER-12.26,COPPER,27832,10,1624.75,15078.00000,13404.00000,0.82998,14241,14229,2026-08-13 07:00:03,1.56,0.78,0.52,0.52,14241.00000
CFU6,RFUD,UCHF-9.26,Фьючерсный контракт UCHF-9.26,0.809,4,0.00010,2026-09-17,2026-09-17,CF,UCHF-9.26,UCHF,378,1000,8591.85,0.84770,0.77030,10.21259,0.809,0.8115,2026-08-13 07:00:03,3.81,1.91,1.27,1.27,0.80900
CFZ6,RFUD,UCHF-12.26,Фьючерсный контракт UCHF-12.26,0.8057,4,0.00010,2026-12-17,2026-12-17,CF,UCHF-12.26,UCHF,12,1000,8971.77,0.84600,0.76540,10.21259,0.8057,0,2026-08-13 07:00:03,3.80,1.90,1.27,1.27,0.80570
CIU6,RFUD,CHINA-9.26,Фьючерсный контракт CHINA-9.26,55.27,2,0.01000,2026-09-18,2026-09-18,CI,CHINA-9.26,CHINA,2060,1,615.05,58.47000,52.07000,0.82998,55.27,55.28,2026-08-13 07:00:03,0.91,0.46,0.30,0.30,55.27000
CIZ6,RFUD,CHINA-12.26,Фьючерсный контракт CHINA-12.26,55.68,2,0.01000,2026-12-18,2026-12-18,CI,CHINA-12.26,CHINA,170,1,618.77,58.90000,52.46000,0.82998,55.68,0,2026-08-13 07:00:03,0.92,0.46,0.31,0.31,55.68000
CKU6,RFUD,CHMFM-9.26,Фьючерсный контракт CHMFM-9.26,6858,0,1.00000,2026-09-17,2026-09-18,CK,CHMFM-9.26,CHMFM,33436,10,1453.18,7577.00000,6139.00000,1.00000,6858,6772,2026-08-13 07:00:03,1.36,0.68,0.45,0.00,6858.00000
CKZ6,RFUD,CHMFM-12.26,Фьючерсный контракт CHMFM-12.26,7061,0,1.00000,2026-12-17,2026-12-18,CK,CHMFM-12.26,CHMFM,2064,10,1567.16,7827.00000,6295.00000,1.00000,7061,7015,2026-08-13 07:00:03,1.39,0.70,0.47,0.00,7061.00000
CMU6,RFUD,CBOM-9.26,Фьючерсный контракт CBOM-9.26,10298,0,1.00000,2026-09-17,2026-09-18,CM,CBOM-9.26,CBOM,49960,1000,3607.09,12084.00000,8512.00000,1.00000,10298,10274,2026-08-13 07:00:03,2.04,1.02,0.68,0.00,10298.00000
CMZ6,RFUD,CBOM-12.26,Фьючерсный контракт CBOM-12.26,9552,0,1.00000,2026-12-17,2026-12-18,CM,CBOM-12.26,CBOM,1948,1000,3772.62,11397.00000,7707.00000,1.00000,9552,9500,2026-08-13 07:00:03,1.89,0.95,0.63,0.00,9552.00000
CNYRUBF,RFUD,CNYRUBF,CNYRUBF,12.293,3,0.00100,2100-01-01,2100-01-01,CN,CNYRUBF,CNYRUBTOM,19230352,1000,987.08,12.83500,11.75100,1.00000,12.293,12.313,2026-08-13 07:00:03,0.57,0.29,0.19,12.29,12.29300
CRH7,RFUD,CNY-3.27,Фьючерсный контракт CNY-3.27,12.834,3,0.00100,2027-03-18,2027-03-18,CR,CNY-3.27,CNY,131986,1000,1315.97,13.54200,12.12600,1.00000,12.834,12.843,2026-08-13 07:00:03,0.59,0.30,0.19,0.20,12.83400
CRM7,RFUD,CNY-6.27,Фьючерсный контракт CNY-6.27,13.033,3,0.00100,2027-06-17,2027-06-17,CR,CNY-6.27,CNY,60044,1000,1464.62,13.81600,12.25000,1.00000,13.033,13.033,2026-08-13 07:00:03,0.61,0.31,0.21,0.20,13.03300
CRU6,RFUD,CNY-9.26,Фьючерсный контракт CNY-9.26,12.413,3,0.00100,2026-09-17,2026-09-17,CR,CNY-9.26,CNY,49671242,1000,1112.52,13.01900,11.80700,1.00000,12.413,12.416,2026-08-13 07:00:03,0.57,0.29,0.19,0.19,12.41300
CRU7,RFUD,CNY-9.27,Фьючерсный контракт CNY-9.27,13.325,3,0.00100,2027-09-16,2027-09-16,CR,CNY-9.27,CNY,4006,1000,1622.98,14.10800,12.54200,1.00000,13.325,13.326,2026-08-13 07:00:03,0.61,0.31,0.21,0.21,13.32500
CRZ6,RFUD,CNY-12.26,Фьючерсный контракт CNY-12.26,12.622,3,0.00100,2026-12-17,2026-12-17,CR,CNY-12.26,CNY,6144580,1000,1287.39,13.31600,11.92800,1.00000,12.622,12.627,2026-08-13 07:00:03,0.59,0.30,0.19,0.19,12.62200
CRZ7,RFUD,CNY-12.27,Фьючерсный контракт CNY-12.27,13.59,3,0.00100,2027-12-16,2027-12-16,CR,CNY-12.27,CNY,976,1000,1787.41,14.44700,12.73300,1.00000,13.59,13.6,2026-08-13 07:00:03,0.63,0.32,0.21,0.21,13.59000
CSU6,RFUD,CNI-9.26,Фьючерсный контракт CNI-9.26,5680,0,1.00000,2026-09-17,2026-09-17,CS,CNI-9.26,CNI,580,1,685.55,6019.00000,5341.00000,1.00000,5680,5763,2026-08-13 07:00:03,0.38,0.19,0.12,0.12,5680.00000
CSZ6,RFUD,CNI-12.26,Фьючерсный контракт CNI-12.26,5790,0,1.00000,2026-12-17,2026-12-17,CS,CNI-12.26,CNI,94,1,772.63,6168.00000,5412.00000,1.00000,5790,0,2026-08-13 07:00:03,0.38,0.19,0.12,0.13,5790.00000
DDU6,RFUD,PDD-9.26,Фьючерсный контракт PDD-9.26,88.6,2,0.01000,2026-09-18,2026-09-18,DD,PDD-9.26,PDD,78,1,4303.40,111.01000,66.19000,0.82998,88.6,0,2026-08-13 07:00:03,1.46,0.73,0.49,0.49,88.60000
DDZ6,RFUD,PDD-12.26,Фьючерсный контракт PDD-12.26,92.48,2,0.01000,2026-12-18,2026-12-18,DD,PDD-12.26,PDD,26,1,4355.66,115.07000,69.89000,0.82998,92.48,0,2026-08-13 07:00:03,1.52,0.76,0.51,0.51,92.48000
DJU6,RFUD,DJ30-9.26,Фьючерсный контракт DJ30-9.26,537.1,1,0.10000,2026-09-18,2026-09-18,DJ,DJ30-9.26,DJ30,850,1,5461.18,565.50000,508.70000,8.29977,537.1,536.8,2026-08-13 07:00:03,8.83,4.42,2.94,2.94,537.10000
DJZ6,RFUD,DJ30-12.26,Фьючерсный контракт DJ30-12.26,537.5,1,0.10000,2026-12-18,2026-12-18,DJ,DJ30-12.26,DJ30,76,1,5677.83,566.90000,508.10000,8.29977,537.5,0,2026-08-13 07:00:03,8.83,4.42,2.94,2.94,537.50000
DLQ6,RFUD,DTL-8.26,Фьючерсный контракт DTL-8.26,74250,0,10.00000,2026-08-28,2026-08-28,DL,DTL-8.26,DTL,814,1,7761.35,78110.00000,70390.00000,10.00000,74250,74250,2026-08-13 07:00:03,9.81,4.91,3.27,3.27,74250.00000
DLU6,RFUD,DTL-9.26,Фьючерсный контракт DTL-9.26,74040,0,10.00000,2026-09-29,2026-09-29,DL,DTL-9.26,DTL,134,1,8480.80,78220.00000,69860.00000,10.00000,74040,74070,2026-08-13 07:00:03,9.77,4.89,3.25,3.26,74040.00000
DLV6,RFUD,DTL-10.26,Фьючерсный контракт DTL-10.26,73390,0,10.00000,2026-10-29,2026-10-29,DL,DTL-10.26,DTL,6,1,8852.50,77740.00000,69040.00000,10.00000,73390,0,2026-08-13 07:00:03,9.69,4.85,3.23,3.23,73390.00000
DRU6,RFUD,DOMRF-9.26,Фьючерсный контракт DOMRF-9.26,2272,0,1.00000,2026-09-17,2026-09-18,DR,DOMRF-9.26,DOMRF,64722,1,587.36,2562.00000,1982.00000,1.00000,2272,2267,2026-08-13 07:00:03,0.45,0.23,0.15,0.00,2272.00000
DRZ6,RFUD,DOMRF-12.26,Фьючерсный контракт DOMRF-12.26,2336,0,1.00000,2026-12-17,2026-12-18,DR,DOMRF-12.26,DOMRF,11202,1,626.45,2642.00000,2030.00000,1.00000,2336,2342,2026-08-13 07:00:03,0.47,0.24,0.16,0.00,2336.00000
DXU6,RFUD,DAX-9.26,Фьючерсный контракт DAX-9.26,21663,0,1.00000,2026-09-18,2026-09-18,DX,DAX-9.26,DAX,8202,100,2061.83,22593.00000,20733.00000,0.95779,21663,21619,2026-08-13 07:00:03,4.11,2.06,1.37,1.37,21663.00000
DXZ6,RFUD,DAX-12.26,Фьючерсный контракт DAX-12.26,21538,0,1.00000,2026-12-18,2026-12-18,DX,DAX-12.26,DAX,1102,100,2159.33,22509.00000,20567.00000,0.95779,21538,21588,2026-08-13 07:00:03,4.09,2.05,1.36,1.36,21538.00000
EAU6,RFUD,ENPG-9.26,Фьючерсный контракт ENPG-9.26,3225,0,1.00000,2026-09-17,2026-09-18,EA,ENPG-9.26,ENPG,24170,10,833.46,3637.00000,2813.00000,1.00000,3225,3202,2026-08-13 07:00:03,0.64,0.32,0.21,0.00,3225.00000
EAZ6,RFUD,ENPG-12.26,Фьючерсный контракт ENPG-12.26,3331,0,1.00000,2026-12-17,2026-12-18,EA,ENPG-12.26,ENPG,4804,10,889.28,3766.00000,2896.00000,1.00000,3331,3321,2026-08-13 07:00:03,0.66,0.33,0.22,0.00,3331.00000
ECU6,RFUD,ECAD-9.26,Фьючерсный контракт ECAD-9.26,1.6218,4,0.00010,2026-09-17,2026-09-17,EC,ECAD-9.26,ECAD,0,1000,13362.09,1.70750,1.53610,5.95948,1.6218,0,2026-08-13 07:00:03,4.47,2.24,1.49,1.49,1.62180
ECZ6,RFUD,ECAD-12.26,Фьючерсный контракт ECAD-12.26,1.6255,4,0.00010,2026-12-17,2026-12-17,EC,ECAD-12.26,ECAD,0,1000,13909.79,1.71440,1.53660,5.95948,1.6255,0,2026-08-13 07:00:03,4.47,2.24,1.49,1.49,1.62550
EDH7,RFUD,ED-3.27,Фьючерсный контракт ED-3.27,1.1521,4,0.00010,2027-03-18,2027-03-18,ED,ED-3.27,ED,40,1000,7226.71,1.20810,1.09610,8.29977,1.1521,0,2026-08-13 07:00:03,4.42,2.21,1.48,1.47,1.15210
EDM7,RFUD,ED-6.27,Фьючерсный контракт ED-6.27,1.1534,4,0.00010,2027-06-17,2027-06-17,ED,ED-6.27,ED,12,1000,7962.08,1.21480,1.09200,8.29977,1.1534,0,2026-08-13 07:00:03,4.42,2.21,1.48,1.47,1.15340
EDU6,RFUD,ED-9.26,Фьючерсный контракт ED-9.26,1.152,4,0.00010,2026-09-17,2026-09-17,ED,ED-9.26,ED,753442,1000,5941.46,1.19850,1.10550,8.29977,1.152,1.1509,2026-08-13 07:00:03,4.42,2.21,1.48,1.47,1.15200
EDZ6,RFUD,ED-12.26,Фьючерсный контракт ED-12.26,1.1519,4,0.00010,2026-12-17,2026-12-17,ED,ED-12.26,ED,3764,1000,6619.03,1.20340,1.10040,8.29977,1.1519,1.1506,2026-08-13 07:00:03,4.42,2.21,1.48,1.47,1.15190
EGU6,RFUD,EGBP-9.26,Фьючерсный контракт EGBP-9.26,0.9078,4,0.00010,2026-09-17,2026-09-17,EG,EGBP-9.26,EGBP,0,1000,11906.87,0.95580,0.85980,11.21216,0.9078,0,2026-08-13 07:00:03,4.70,2.35,1.57,1.57,0.90780
EGZ6,RFUD,EGBP-12.26,Фьючерсный контракт EGBP-12.26,0.91,4,0.00010,2026-12-17,2026-12-17,EG,EGBP-12.26,EGBP,0,1000,12395.07,0.95970,0.86030,11.21216,0.91,0,2026-08-13 07:00:03,4.71,2.36,1.57,1.57,0.91000
EHQ6,RFUD,ETH-8.26,Фьючерсный контракт ETH-8.26,1903.3,1,0.10000,2026-08-28,2026-08-28,EH,ETH-8.26,ETH,87228,1,641.72,2238.60000,1568.00000,0.08300,1903.3,1897.3,2026-08-13 07:00:03,0.63,0.32,0.31,0.10,1903.30000
EHU6,RFUD,ETH-9.26,Фьючерсный контракт ETH-9.26,1911.9,1,0.10000,2026-09-25,2026-09-25,EH,ETH-9.26,ETH,52804,1,643.93,2248.10000,1575.70000,0.08300,1911.9,1905.3,2026-08-13 07:00:03,0.63,0.32,0.31,0.10,1911.90000
EHV6,RFUD,ETH-10.26,Фьючерсный контракт ETH-10.26,1929.7,1,0.10000,2026-10-30,2026-10-30,EH,ETH-10.26,ETH,18706,1,649.12,2267.90000,1591.50000,0.08300,1929.7,1922.7,2026-08-13 07:00:03,0.64,0.32,0.32,0.11,1929.70000
EJU6,RFUD,EJPY-9.26,Фьючерсный контракт EJPY-9.26,180.92,2,0.01000,2026-09-17,2026-09-17,EJ,EJPY-9.26,EJPY,0,1000,10823.02,190.48000,171.36000,5.20850,180.92,0,2026-08-13 07:00:03,4.35,2.18,1.45,1.45,180.92000
EJZ6,RFUD,EJPY-12.26,Фьючерсный контракт EJPY-12.26,181.13,2,0.01000,2026-12-17,2026-12-17,EJ,EJPY-12.26,EJPY,0,1000,11265.53,191.05000,171.21000,5.20850,181.13,0,2026-08-13 07:00:03,4.35,2.18,1.45,1.45,181.13000
EMU6,RFUD,EM-9.26,Фьючерсный контракт EM-9.26,66.75,2,0.01000,2026-09-18,2026-09-18,EM,EM-9.26,EM,974,1,678.71,70.28000,63.22000,0.82998,66.75,66.8,2026-08-13 07:00:03,1.10,0.55,0.37,0.37,66.75000
EMZ6,RFUD,EM-12.26,Фьючерсный контракт EM-12.26,67.76,2,0.01000,2026-12-18,2026-12-18,EM,EM-12.26,EM,104,1,706.53,71.42000,64.10000,0.82998,67.76,0,2026-08-13 07:00:03,1.11,0.56,0.37,0.37,67.76000
ERU6,RFUD,EURM-9.26,Фьючерсный контракт EURM-9.26,96.36,2,0.01000,2026-09-17,2026-09-17,ER,EURM-9.26,EURM,1686,100,1509.34,104.61000,88.11000,1.00000,96.36,96.22,2026-08-13 07:00:03,0.45,0.23,0.15,0.15,96.36000
ERZ6,RFUD,EURM-12.26,Фьючерсный контракт EURM-12.26,97.87,2,0.01000,2026-12-17,2026-12-17,ER,EURM-12.26,EURM,262,100,1554.50,106.34000,89.40000,1.00000,97.87,98,2026-08-13 07:00:03,0.45,0.23,0.15,0.15,97.87000
ETU6,RFUD,ETHA-9.26,Фьючерсный контракт ETHA-9.26,14.48,2,0.01000,2026-09-18,2026-09-18,ET,ETHA-9.26,ETHA,383322,1,494.81,17.05000,11.91000,0.82998,14.48,14.41,2026-08-13 07:00:03,0.48,0.24,0.24,0.08,14.48000
ETZ6,RFUD,ETHA-12.26,Фьючерсный контракт ETHA-12.26,14.99,2,0.01000,2026-12-18,2026-12-18,ET,ETHA-12.26,ETHA,46810,1,502.44,17.59000,12.39000,0.82998,14.99,14.89,2026-08-13 07:00:03,0.50,0.25,0.25,0.08,14.99000
EuH7,RFUD,Eu-3.27,Фьючерсный контракт Eu-3.27,100234,0,1.00000,2027-03-18,2027-03-18,Eu,Eu-3.27,Eu,406,1000,16274.49,108956.00000,91512.00000,1.00000,100234,100234,2026-08-13 07:00:03,4.63,2.32,1.55,1.54,100234.00000
EuM7,RFUD,Eu-6.27,Фьючерсный контракт Eu-6.27,102667,0,1.00000,2027-06-17,2027-06-17,Eu,Eu-6.27,Eu,30,1000,17053.62,111761.00000,93573.00000,1.00000,102667,0,2026-08-13 07:00:03,4.75,2.38,1.58,1.58,102667.00000
EURRUBF,RFUD,EURRUBF,EURRUBF,95.78,2,0.01000,2100-01-01,2100-01-01,EU,EURRUBF,EURRUBTOM,140244,1000,14385.01,103.69000,87.87000,10.00000,95.78,95.77,2026-08-13 07:00:03,4.42,2.21,1.48,95.78,95.78000
EuU6,RFUD,Eu-9.26,Фьючерсный контракт Eu-9.26,96349,0,1.00000,2026-09-17,2026-09-17,Eu,Eu-9.26,Eu,1507936,1000,15005.73,104555.00000,88143.00000,1.00000,96349,96312,2026-08-13 07:00:03,4.45,2.23,1.48,1.48,96349.00000
EuZ6,RFUD,Eu-12.26,Фьючерсный контракт Eu-12.26,97926,0,1.00000,2026-12-17,2026-12-17,Eu,Eu-12.26,Eu,253956,1000,15649.12,106348.00000,89504.00000,1.00000,97926,97903,2026-08-13 07:00:03,4.52,2.26,1.51,1.51,97926.00000
FEU6,RFUD,FESH-9.26,Фьючерсный контракт FESH-9.26,6168,0,1.00000,2026-09-17,2026-09-18,FE,FESH-9.26,FESH,19230,100,1597.47,6959.00000,5377.00000,1.00000,6168,6033,2026-08-13 07:00:03,1.22,0.61,0.40,0.00,6168.00000
FEZ6,RFUD,FESH-12.26,Фьючерсный контракт FESH-12.26,6292,0,1.00000,2026-12-17,2026-12-18,FE,FESH-12.26,FESH,640,100,1702.45,7124.00000,5460.00000,1.00000,6292,6176,2026-08-13 07:00:03,1.25,0.63,0.42,0.00,6292.00000
FFQ6,RFUD,TTF-8.26,Фьючерсный контракт TTF-8.26,60.825,3,0.00500,2026-08-28,2026-08-28,FF,TTF-8.26,TTF,124860,1,2936.55,74.07500,47.57500,0.47890,60.825,60.535,2026-08-13 07:00:03,0.77,0.39,0.26,0.26,60.82500
FFU6,RFUD,TTF-9.26,Фьючерсный контракт TTF-9.26,60.805,3,0.00500,2026-09-30,2026-09-30,FF,TTF-9.26,TTF,27712,1,3060.14,74.44500,47.16500,0.47890,60.805,60.65,2026-08-13 07:00:03,0.77,0.39,0.26,0.26,60.80500
FLU6,RFUD,FLOT-9.26,Фьючерсный контракт FLOT-9.26,8047,0,1.00000,2026-09-17,2026-09-18,FL,FLOT-9.26,FLOT,9238,100,1679.47,8878.00000,7216.00000,1.00000,8047,7911,2026-08-13 07:00:03,1.60,0.80,0.54,0.00,8047.00000
FLZ6,RFUD,FLOT-12.26,Фьючерсный контракт FLOT-12.26,8197,0,1.00000,2026-12-17,2026-12-18,FL,FLOT-12.26,FLOT,492,100,1810.83,9083.00000,7311.00000,1.00000,8197,8144,2026-08-13 07:00:03,1.62,0.81,0.54,0.00,8197.00000
FNU6,RFUD,FNI-9.26,Фьючерсный контракт FNI-9.26,9062,0,1.00000,2026-09-17,2026-09-17,FN,FNI-9.26,FNI,12068,1,1368.25,9739.00000,8385.00000,1.00000,9062,8934,2026-08-13 07:00:03,0.59,0.30,0.19,0.20,9062.00000
FNZ6,RFUD,FNI-12.26,Фьючерсный контракт FNI-12.26,9417,0,1.00000,2026-12-17,2026-12-17,FN,FNI-12.26,FNI,240,1,1514.97,10158.00000,8676.00000,1.00000,9417,9349,2026-08-13 07:00:03,0.62,0.31,0.21,0.21,9417.00000
FSU6,RFUD,FEES-9.26,Фьючерсный контракт FEES-9.26,5219,0,1.00000,2026-09-17,2026-09-18,FS,FEES-9.26,FEES,22078,100000,1091.54,5759.00000,4679.00000,1.00000,5219,5218,2026-08-13 07:00:03,1.03,0.52,0.35,0.00,5219.00000
FSZ6,RFUD,FEES-12.26,Фьючерсный контракт FEES-12.26,5402,0,1.00000,2026-12-17,2026-12-18,FS,FEES-12.26,FEES,2950,100000,1178.76,5978.00000,4826.00000,1.00000,5402,5436,2026-08-13 07:00:03,1.07,0.54,0.36,0.00,5402.00000
GAZPF,RFUD,GAZPF,GAZPF,92.17,2,0.01000,2100-01-01,2100-01-01,GA,GAZPF,GAZPF,653162,100,1569.85,100.01000,84.33000,1.00000,92.17,91.84,2026-08-13 07:00:03,2.77,1.39,1.38,9.22,92.17000
GDH7,RFUD,GOLD-3.27,Фьючерсный контракт GOLD-3.27,4525.5,1,0.10000,2027-03-19,2027-03-19,GD,GOLD-3.27,GOLD,938,1,36540.49,4774.70000,4276.30000,8.29977,4525.5,4516,2026-08-13 07:00:03,49.58,24.79,16.52,16.53,4525.50000
GDM7,RFUD,GOLD-6.27,Фьючерсный контракт GOLD-6.27,4599.7,1,0.10000,2027-06-18,2027-06-18,GD,GOLD-6.27,GOLD,476,1,39621.13,4868.60000,4330.80000,8.29977,4599.7,4590,2026-08-13 07:00:03,50.40,25.20,16.80,16.80,4599.70000
GDU6,RFUD,GOLD-9.26,Фьючерсный контракт GOLD-9.26,4429.9,1,0.10000,2026-09-18,2026-09-18,GD,GOLD-9.26,GOLD,330212,1,32282.50,4651.80000,4208.00000,8.29977,4429.9,4420.4,2026-08-13 07:00:03,48.54,24.27,16.18,16.18,4429.90000
GDZ6,RFUD,GOLD-12.26,Фьючерсный контракт GOLD-12.26,4472.5,1,0.10000,2026-12-18,2026-12-18,GD,GOLD-12.26,GOLD,15888,1,34057.35,4705.80000,4239.20000,8.29977,4472.5,4461.6,2026-08-13 07:00:03,48.99,24.50,16.33,16.33,4472.50000
GKU6,RFUD,GMKN-9.26,Фьючерсный контракт GMKN-9.26,1244,0,1.00000,2026-09-17,2026-09-18,GK,GMKN-9.26,GMKN,695996,10,222.75,1354.00000,1134.00000,1.00000,1244,1243,2026-08-13 07:00:03,0.24,0.12,0.08,0.00,1244.00000
GKZ6,RFUD,GMKN-12.26,Фьючерсный контракт GMKN-12.26,1279,0,1.00000,2026-12-17,2026-12-18,GK,GMKN-12.26,GMKN,57242,10,242.85,1397.00000,1161.00000,1.00000,1279,1281,2026-08-13 07:00:03,0.26,0.13,0.09,0.00,1279.00000
GLDRUBF,RFUD,GLDRUBF,GLDRUBF,11703,1,0.10000,2100-01-01,2100-01-01,GL,GLDRUBF,GLDRUBTOM,1538254,1,1292.67,12413.60000,10992.40000,0.10000,11703,11702.6,2026-08-13 07:00:03,1.55,0.78,0.52,11.70,11703.00000
GLH7,RFUD,GL-3.27,Фьючерсный контракт GL-3.27,12521.7,1,0.10000,2027-03-18,2027-03-18,GL,GL-3.27,GL,7492,1,1535.84,13352.60000,11690.80000,0.10000,12521.7,12497.7,2026-08-13 07:00:03,1.65,0.83,0.55,0.55,12521.70000
GLM7,RFUD,GL-6.27,Фьючерсный контракт GL-6.27,12834.6,1,0.10000,2027-06-17,2027-06-17,GL,GL-6.27,GL,72816,1,1649.40,13721.50000,11947.70000,0.10000,12834.6,12796.6,2026-08-13 07:00:03,1.69,0.85,0.56,0.56,12834.60000
GLU6,RFUD,GL-9.26,Фьючерсный контракт GL-9.26,11858.4,1,0.10000,2026-09-17,2026-09-17,GL,GL-9.26,GL,1111250,1,1414.00,12629.00000,11087.80000,0.10000,11858.4,11834.7,2026-08-13 07:00:03,1.57,0.79,0.52,0.52,11858.40000
GLZ6,RFUD,GL-12.26,Фьючерсный контракт GL-12.26,12185,1,0.10000,2026-12-17,2026-12-17,GL,GL-12.26,GL,94478,1,1540.83,13018.00000,11352.00000,0.10000,12185,12157.9,2026-08-13 07:00:03,1.60,0.80,0.54,0.54,12185.00000
GNH7,RFUD,GOLDM-3.27,Фьючерсный контракт GOLDM-3.27,4535,1,0.10000,2027-03-19,2027-03-19,GN,GOLDM-3.27,GOLDM,374,2,3655.46,4784.30000,4285.70000,0.82998,4535,4533.5,2026-08-13 07:00:03,4.97,2.49,1.65,1.66,4535.00000
GNM7,RFUD,GOLDM-6.27,Фьючерсный контракт GOLDM-6.27,4604,1,0.10000,2027-06-18,2027-06-18,GN,GOLDM-6.27,GOLDM,162,2,3963.04,4873.00000,4335.00000,0.82998,4604,4595.2,2026-08-13 07:00:03,5.04,2.52,1.68,1.68,4604.00000
GNU6,RFUD,GOLDM-9.26,Фьючерсный контракт GOLDM-9.26,4429.9,1,0.10000,2026-09-18,2026-09-18,GN,GOLDM-9.26,GOLDM,31546,2,3228.30,4651.80000,4208.00000,0.82998,4429.9,4418,2026-08-13 07:00:03,4.85,2.43,1.62,1.62,4429.90000
GNZ6,RFUD,GOLDM-12.26,Фьючерсный контракт GOLDM-12.26,4474.5,1,0.10000,2026-12-18,2026-12-18,GN,GOLDM-12.26,GOLDM,3678,2,3405.97,4707.80000,4241.20000,0.82998,4474.5,4461.6,2026-08-13 07:00:03,4.90,2.45,1.63,1.63,4474.50000
GUU6,RFUD,GBPU-9.26,Фьючерсный контракт GBPU-9.26,1.3478,4,0.00010,2026-09-17,2026-09-17,GU,GBPU-9.26,GBPU,5852,1000,13408.21,1.41770,1.27790,8.29977,1.3478,1.3498,2026-08-13 07:00:03,5.17,2.59,1.72,1.72,1.34780
GUZ6,RFUD,GBPU-12.26,Фьючерсный контракт GBPU-12.26,1.3429,4,0.00010,2026-12-17,2026-12-17,GU,GBPU-12.26,GBPU,4,1000,14234.27,1.41670,1.26910,8.29977,1.3429,1.3429,2026-08-13 07:00:03,5.15,2.58,1.72,1.72,1.34290
GZH7,RFUD,GAZR-3.27,Фьючерсный контракт GAZR-3.27,10010,0,1.00000,2027-03-18,2027-03-19,GZ,GAZR-3.27,GAZR,13500,100,1928.65,10947.00000,9073.00000,1.00000,10010,9975,2026-08-13 07:00:03,1.98,0.99,0.66,0.00,10010.00000
GZM7,RFUD,GAZR-6.27,Фьючерсный контракт GAZR-6.27,10351,0,1.00000,2027-06-17,2027-06-18,GZ,GAZR-6.27,GAZR,2692,100,1934.35,11291.00000,9411.00000,1.00000,10351,10330,2026-08-13 07:00:03,2.05,1.03,0.68,0.00,10351.00000
GZU6,RFUD,GAZR-9.26,Фьючерсный контракт GAZR-9.26,9349,0,1.00000,2026-09-17,2026-09-18,GZ,GAZR-9.26,GAZR,1160842,100,1674.83,10178.00000,8520.00000,1.00000,9349,9300,2026-08-13 07:00:03,1.85,0.93,0.61,0.00,9349.00000
GZZ6,RFUD,GAZR-12.26,Фьючерсный контракт GAZR-12.26,9680,0,1.00000,2026-12-17,2026-12-18,GZ,GAZR-12.26,GAZR,111930,100,1965.69,10574.00000,8786.00000,1.00000,9680,9626,2026-08-13 07:00:03,1.91,0.96,0.64,0.00,9680.00000
HDU6,RFUD,HEAD-9.26,Фьючерсный контракт HEAD-9.26,2926,0,1.00000,2026-09-17,2026-09-18,HD,HEAD-9.26,HEAD,28890,1,757.66,3301.00000,2551.00000,1.00000,2926,2930,2026-08-13 07:00:03,0.58,0.29,0.19,0.00,2926.00000
HDZ6,RFUD,HEAD-12.26,Фьючерсный контракт HEAD-12.26,2841,0,1.00000,2026-12-17,2026-12-18,HD,HEAD-12.26,HEAD,6432,1,804.12,3234.00000,2448.00000,1.00000,2841,2842,2026-08-13 07:00:03,0.56,0.28,0.19,0.00,2841.00000
HKU6,RFUD,HKD-9.26,Фьючерсный контракт HKD-9.26,10.684,3,0.00100,2026-09-17,2026-09-17,HK,HKD-9.26,HKD,76,1000,1657.14,11.91900,9.44900,1.00000,10.684,0,2026-08-13 07:00:03,0.49,0.25,0.16,0.16,10.68400
HKZ6,RFUD,HKD-12.26,Фьючерсный контракт HKD-12.26,11.083,3,0.00100,2026-12-17,2026-12-17,HK,HKD-12.26,HKD,70,1000,1823.90,12.35300,9.81300,1.00000,11.083,0,2026-08-13 07:00:03,0.51,0.26,0.17,0.17,11.08300
HOU6,RFUD,HOME-9.26,Фьючерсный контракт HOME-9.26,39170,0,10.00000,2026-09-23,2026-09-23,HO,HOME-9.26,HOME,860,1,2819.23,40560.00000,37780.00000,10.00000,39170,39230,2026-08-13 07:00:03,2.59,1.30,0.87,0.86,39170.00000
HOZ6,RFUD,HOME-12.26,Фьючерсный контракт HOME-12.26,40310,0,10.00000,2026-12-23,2026-12-23,HO,HOME-12.26,HOME,22,1,3370.16,41960.00000,38660.00000,10.00000,40310,40890,2026-08-13 07:00:03,2.66,1.33,0.89,0.89,40310.00000
HSU6,RFUD,HANG-9.26,Фьючерсный контракт HANG-9.26,26108,0,1.00000,2026-09-18,2026-09-18,HS,HANG-9.26,HANG,105610,1000,274.39,27229.00000,24987.00000,0.10576,26108,26070,2026-08-13 07:00:03,0.54,0.27,0.18,0.18,26108.00000
HSZ6,RFUD,HANG-12.26,Фьючерсный контракт HANG-12.26,26372,0,1.00000,2026-12-18,2026-12-18,HS,HANG-12.26,HANG,6690,1000,287.86,27544.00000,25200.00000,0.10576,26372,26490,2026-08-13 07:00:03,0.55,0.28,0.19,0.18,26372.00000
HXU6,RFUD,HYNIX-9.26,Фьючерсный контракт HYNIX-9.26,1132.5,1,0.10000,2026-09-18,2026-09-18,HX,HYNIX-9.26,HYNIX,46736,1,2238.88,1249.10000,1015.90000,0.82998,1132.5,1156,2026-08-13 07:00:03,1.86,0.93,0.62,0.62,1132.50000
HXZ6,RFUD,HYNIX-12.26,Фьючерсный контракт HYNIX-12.26,1171,1,0.10000,2026-12-18,2026-12-18,HX,HYNIX-12.26,HYNIX,60,1,2404.52,1289.90000,1052.10000,0.82998,1171,1137.4,2026-08-13 07:00:03,1.93,0.97,0.64,0.64,1171.00000
HYU6,RFUD,HYDR-9.26,Фьючерсный контракт HYDR-9.26,3510,0,1.00000,2026-09-17,2026-09-18,HY,HYDR-9.26,HYDR,29622,10000,733.65,3873.00000,3147.00000,1.00000,3510,3471,2026-08-13 07:00:03,0.70,0.35,0.23,0.00,3510.00000
HYZ6,RFUD,HYDR-12.26,Фьючерсный контракт HYDR-12.26,3583,0,1.00000,2026-12-17,2026-12-18,HY,HYDR-12.26,HYDR,1792,10000,791.14,3970.00000,3196.00000,1.00000,3583,3570,2026-08-13 07:00:03,0.71,0.36,0.24,0.00,3583.00000
I2U6,RFUD,INR-9.26,Фьючерсный контракт INR-9.26,0.872,4,0.00010,2026-09-17,2026-09-17,I2,INR-9.26,INR,264,10000,1804.38,0.97060,0.77340,1.00000,0.872,0.8718,2026-08-13 07:00:03,0.40,0.20,0.14,0.13,0.87200
I2Z6,RFUD,INR-12.26,Фьючерсный контракт INR-12.26,0.8868,4,0.00010,2026-12-17,2026-12-17,I2,INR-12.26,INR,18,10000,1847.08,0.98740,0.78620,1.00000,0.8868,0,2026-08-13 07:00:03,0.41,0.21,0.14,0.14,0.88680
IBU6,RFUD,IBIT-9.26,Фьючерсный контракт IBIT-9.26,36.07,2,0.01000,2026-09-18,2026-09-18,IB,IBIT-9.26,IBIT,1229474,1,782.35,40.14000,32.00000,0.82998,36.07,36.09,2026-08-13 07:00:03,1.20,0.60,0.59,0.20,36.07000
IBZ6,RFUD,IBIT-12.26,Фьючерсный контракт IBIT-12.26,37.33,2,0.01000,2026-12-18,2026-12-18,IB,IBIT-12.26,IBIT,52482,1,799.63,41.47000,33.19000,0.82998,37.33,37.29,2026-08-13 07:00:03,1.24,0.62,0.62,0.20,37.33000
IMOEXF,RFUD,IMOEXF,IMOEXF,2301.5,1,0.50000,2100-01-01,2100-01-01,IM,IMOEXF,IMOEX,1901302,10,2308.37,2416.50000,2186.50000,5.00000,2301.5,2293.5,2026-08-13 07:00:03,1.52,0.76,0.51,23.02,2301.50000
INU6,RFUD,UINR-9.26,Фьючерсный контракт UINR-9.26,95.7975,4,0.00250,2026-09-17,2026-09-17,IN,UINR-9.26,UINR,0,1000,5402.71,98.37500,93.22000,2.17440,95.7975,0,2026-08-13 07:00:03,3.85,1.93,1.29,1.28,95.79750
INZ6,RFUD,UINR-12.26,Фьючерсный контракт UINR-12.26,96.655,4,0.00250,2026-12-17,2026-12-17,IN,UINR-12.26,UINR,0,1000,6027.62,99.51500,93.79500,2.17440,96.655,0,2026-08-13 07:00:03,3.88,1.94,1.29,1.29,96.65500
IPU6,RFUD,IPO-9.26,Фьючерсный контракт IPO-9.26,499.5,1,0.50000,2026-09-17,2026-09-17,IP,IPO-9.26,IPO,2104,1,95.59,546.50000,452.50000,0.50000,499.5,509.5,2026-08-13 07:00:03,0.03,0.02,0.02,0.01,499.50000
IPZ6,RFUD,IPO-12.26,Фьючерсный контракт IPO-12.26,522,1,0.50000,2026-12-17,2026-12-17,IP,IPO-12.26,IPO,868,1,104.02,572.50000,471.50000,0.50000,522,516,2026-08-13 07:00:03,0.03,0.02,0.02,0.01,522.00000
IRU6,RFUD,IRAO-9.26,Фьючерсный контракт IRAO-9.26,26696,0,1.00000,2026-09-17,2026-09-18,IR,IRAO-9.26,IRAO,8850,10000,6899.73,30112.00000,23280.00000,1.00000,26696,26451,2026-08-13 07:00:03,5.29,2.65,1.76,0.00,26696.00000
IRZ6,RFUD,IRAO-12.26,Фьючерсный контракт IRAO-12.26,27544,0,1.00000,2026-12-17,2026-12-18,IR,IRAO-12.26,IRAO,690,10000,7361.13,31145.00000,23943.00000,1.00000,27544,27472,2026-08-13 07:00:03,5.46,2.73,1.82,0.00,27544.00000
ISU6,RFUD,ISKJ-9.26,Фьючерсный контракт ISKJ-9.26,468,0,1.00000,2026-09-17,2026-09-18,IS,ISKJ-9.26,ISKJ,14550,10,165.95,550.00000,386.00000,1.00000,468,466,2026-08-13 07:00:03,0.09,0.05,0.03,0.00,468.00000
ISZ6,RFUD,ISKJ-12.26,Фьючерсный контракт ISKJ-12.26,475,0,1.00000,2026-12-17,2026-12-18,IS,ISKJ-12.26,ISKJ,3086,10,174.44,560.00000,390.00000,1.00000,475,473,2026-08-13 07:00:03,0.09,0.05,0.03,0.00,475.00000
IVU6,RFUD,IVAT-9.26,Фьючерсный контракт IVAT-9.26,6802,0,1.00000,2026-09-17,2026-09-18,IV,IVAT-9.26,IVAT,6288,100,1882.74,7734.00000,5870.00000,1.00000,6802,6863,2026-08-13 07:00:03,1.34,0.67,0.45,0.00,6802.00000
IVZ6,RFUD,IVAT-12.26,Фьючерсный контракт IVAT-12.26,6814,0,1.00000,2026-12-17,2026-12-18,IV,IVAT-12.26,IVAT,1142,100,1997.21,7791.00000,5837.00000,1.00000,6814,6814,2026-08-13 07:00:03,1.35,0.68,0.45,0.00,6814.00000
JDU6,RFUD,JDCOM-9.26,Фьючерсный контракт JDCOM-9.26,31.34,2,0.01000,2026-09-18,2026-09-18,JD,JDCOM-9.26,JDCOM,20,10,7399.33,35.19000,27.49000,8.29977,31.34,31.62,2026-08-13 07:00:03,5.15,2.58,1.72,1.72,31.34000
JDZ6,RFUD,JDCOM-12.26,Фьючерсный контракт JDCOM-12.26,31.86,2,0.01000,2026-12-18,2026-12-18,JD,JDCOM-12.26,JDCOM,4,10,7546.44,35.77000,27.95000,8.29977,31.86,31.86,2026-08-13 07:00:03,5.24,2.62,1.74,1.75,31.86000
JPU6,RFUD,UJPY-9.26,Фьючерсный контракт UJPY-9.26,159.53,2,0.01000,2026-09-17,2026-09-17,JP,UJPY-9.26,UJPY,3524,1000,9543.43,167.96000,151.10000,5.20850,159.53,159.7,2026-08-13 07:00:03,3.84,1.92,1.28,1.28,159.53000
JPZ6,RFUD,UJPY-12.26,Фьючерсный контракт UJPY-12.26,159.42,2,0.01000,2026-12-17,2026-12-17,JP,UJPY-12.26,UJPY,116,1000,9932.01,168.16000,150.68000,5.20850,159.42,159.05,2026-08-13 07:00:03,3.83,1.92,1.27,1.28,159.42000
KCG7,RFUD,COFFEE-2.27,Фьючерсный контракт COFFEE-2.27,3.467,3,0.00100,2027-02-18,2027-02-18,KC,COFFEE-2.27,COFFEE,,10,434.13,3.68800,3.24600,0.82998,3.467,,2026-08-13 07:00:03,0.38,0.19,0.12,0.13,3.46700
KCQ6,RFUD,COFFEE-8.26,Фьючерсный контракт COFFEE-8.26,3.388,3,0.00100,2026-08-21,2026-08-21,KC,COFFEE-8.26,COFFEE,440070,10,331.19,3.56100,3.21500,0.82998,3.388,3.398,2026-08-13 07:00:03,0.37,0.19,0.12,0.12,3.38800
KCX6,RFUD,COFFEE-11.26,Фьючерсный контракт COFFEE-11.26,3.287,3,0.00100,2026-11-19,2026-11-19,KC,COFFEE-11.26,COFFEE,153478,10,388.20,3.48600,3.08800,0.82998,3.287,3.321,2026-08-13 07:00:03,0.36,0.18,0.12,0.12,3.28700
KMU6,RFUD,KMAZ-9.26,Фьючерсный контракт KMAZ-9.26,546,0,1.00000,2026-09-17,2026-09-18,KM,KMAZ-9.26,KMAZ,25030,10,189.72,639.00000,453.00000,1.00000,546,540,2026-08-13 07:00:03,0.11,0.06,0.04,0.00,546.00000
KMZ6,RFUD,KMAZ-12.26,Фьючерсный контракт KMAZ-12.26,558,0,1.00000,2026-12-17,2026-12-18,KM,KMAZ-12.26,KMAZ,10096,10,199.67,655.00000,461.00000,1.00000,558,547,2026-08-13 07:00:03,0.11,0.06,0.04,0.00,558.00000
KRU6,RFUD,KOREA-9.26,Фьючерсный контракт KOREA-9.26,171.08,2,0.01000,2026-09-18,2026-09-18,KR,KOREA-9.26,KOREA,2314,1,1903.80,180.99000,161.17000,0.82998,171.08,171.12,2026-08-13 07:00:03,2.81,1.41,0.94,0.94,171.08000
KRZ6,RFUD,KOREA-12.26,Фьючерсный контракт KOREA-12.26,175.8,2,0.01000,2026-12-18,2026-12-18,KR,KOREA-12.26,KOREA,74,1,2029.63,186.30000,165.30000,0.82998,175.8,175.8,2026-08-13 07:00:03,2.89,1.45,0.96,0.96,175.80000
KZU6,RFUD,KZT-9.26,Фьючерсный контракт KZT-9.26,17.775,3,0.00100,2026-09-17,2026-09-17,KZ,KZT-9.26,KZT,194,100000,2806.08,19.30900,16.24100,1.00000,17.775,17.078,2026-08-13 07:00:03,0.82,0.41,0.28,0.27,17.77500
KZZ6,RFUD,KZT-12.26,Фьючерсный контракт KZT-12.26,17.465,3,0.00100,2026-12-17,2026-12-17,KZ,KZT-12.26,KZT,6,100000,2883.74,19.03600,15.89400,1.00000,17.465,17.115,2026-08-13 07:00:03,0.80,0.40,0.26,0.27,17.46500
LDH7,RFUD,PLDM-3.27,Фьючерсный контракт PLDM-3.27,1427.9,1,0.10000,2027-03-19,2027-03-19,LD,PLDM-3.27,PLDM,112,2,2878.35,1622.70000,1233.10000,0.82998,1427.9,1445.1,2026-08-13 07:00:03,1.56,0.78,0.52,0.52,1427.90000
LDM7,RFUD,PLDM-6.27,Фьючерсный контракт PLDM-6.27,1446.6,1,0.10000,2027-06-18,2027-06-18,LD,PLDM-6.27,PLDM,74,2,2941.37,1645.10000,1248.10000,0.82998,1446.6,1477.8,2026-08-13 07:00:03,1.58,0.79,0.52,0.53,1446.60000
LDU6,RFUD,PLDM-9.26,Фьючерсный контракт PLDM-9.26,1383.5,1,0.10000,2026-09-18,2026-09-18,LD,PLDM-9.26,PLDM,9044,2,2602.27,1562.30000,1204.70000,0.82998,1383.5,1376.1,2026-08-13 07:00:03,1.51,0.76,0.50,0.51,1383.50000
LDZ6,RFUD,PLDM-12.26,Фьючерсный контракт PLDM-12.26,1417.5,1,0.10000,2026-12-18,2026-12-18,LD,PLDM-12.26,PLDM,944,2,2800.56,1607.80000,1227.20000,0.82998,1417.5,1408.7,2026-08-13 07:00:03,1.55,0.78,0.52,0.52,1417.50000
LEU6,RFUD,LEAS-9.26,Фьючерсный контракт LEAS-9.26,673,0,1.00000,2026-09-17,2026-09-18,LE,LEAS-9.26,LEAS,2430,1,141.68,743.00000,603.00000,1.00000,673,673,2026-08-13 07:00:03,0.14,0.07,0.05,0.00,673.00000
LKH7,RFUD,LKOH-3.27,Фьючерсный контракт LKOH-3.27,47070,0,1.00000,2027-03-18,2027-03-19,LK,LKOH-3.27,LKOH,256,10,9621.94,51748.00000,42392.00000,1.00000,47070,47008,2026-08-13 07:00:03,9.32,4.66,3.11,0.00,47070.00000
LKM7,RFUD,LKOH-6.27,Фьючерсный контракт LKOH-6.27,47368,0,1.00000,2027-06-17,2027-06-18,LK,LKOH-6.27,LKOH,122,10,9608.21,52041.00000,42695.00000,1.00000,47368,47368,2026-08-13 07:00:03,9.38,4.69,3.13,0.00,47368.00000
LKU6,RFUD,LKOH-9.26,Фьючерсный контракт LKOH-9.26,47160,0,1.00000,2026-09-17,2026-09-18,LK,LKOH-9.26,LKOH,84782,10,8448.65,51344.00000,42976.00000,1.00000,47160,47322,2026-08-13 07:00:03,9.34,4.67,3.11,0.00,47160.00000
LKZ6,RFUD,LKOH-12.26,Фьючерсный контракт LKOH-12.26,47252,0,1.00000,2026-12-17,2026-12-18,LK,LKOH-12.26,LKOH,2866,10,9972.24,51746.00000,42758.00000,1.00000,47252,47223,2026-08-13 07:00:03,9.36,4.68,3.12,0.00,47252.00000
LNU6,RFUD,LENT-9.26,Фьючерсный контракт LENT-9.26,2013,0,1.00000,2026-09-17,2026-09-18,LN,LENT-9.26,LENT,39964,1,535.64,2278.00000,1748.00000,1.00000,2013,1998,2026-08-13 07:00:03,0.40,0.20,0.14,0.00,2013.00000
LNZ6,RFUD,LENT-12.26,Фьючерсный контракт LENT-12.26,1975,0,1.00000,2026-12-17,2026-12-18,LN,LENT-12.26,LENT,1452,1,568.27,2253.00000,1697.00000,1.00000,1975,1970,2026-08-13 07:00:03,0.39,0.20,0.13,0.00,1975.00000
LTH7,RFUD,PLTM-3.27,Фьючерсный контракт PLTM-3.27,1895.4,1,0.10000,2027-03-19,2027-03-19,LT,PLTM-3.27,PLTM,210,2,3374.45,2122.50000,1668.30000,0.82998,1895.4,1915.8,2026-08-13 07:00:03,2.07,1.04,0.69,0.69,1895.40000
LTM7,RFUD,PLTM-6.27,Фьючерсный контракт PLTM-6.27,1923,1,0.10000,2027-06-18,2027-06-18,LT,PLTM-6.27,PLTM,20,2,3309.08,2146.40000,1699.60000,0.82998,1923,0,2026-08-13 07:00:03,2.11,1.06,0.70,0.70,1923.00000
LTU6,RFUD,PLTM-9.26,Фьючерсный контракт PLTM-9.26,1800.6,1,0.10000,2026-09-18,2026-09-18,LT,PLTM-9.26,PLTM,16098,2,2868.14,1997.70000,1603.50000,0.82998,1800.6,1783.7,2026-08-13 07:00:03,1.97,0.99,0.66,0.66,1800.60000
LTZ6,RFUD,PLTM-12.26,Фьючерсный контракт PLTM-12.26,1841.2,1,0.10000,2026-12-18,2026-12-18,LT,PLTM-12.26,PLTM,1276,2,3178.57,2056.70000,1625.70000,0.82998,1841.2,1834.9,2026-08-13 07:00:03,2.02,1.01,0.68,0.67,1841.20000
MAU6,RFUD,MMI-9.26,Фьючерсный контракт MMI-9.26,4687,0,1.00000,2026-09-17,2026-09-17,MA,MMI-9.26,MMI,2198,1,613.02,4990.00000,4384.00000,1.00000,4687,4687,2026-08-13 07:00:03,0.31,0.16,0.10,0.10,4687.00000
MAZ6,RFUD,MMI-12.26,Фьючерсный контракт MMI-12.26,4775,0,1.00000,2026-12-17,2026-12-17,MA,MMI-12.26,MMI,48,1,685.45,5110.00000,4440.00000,1.00000,4775,0,2026-08-13 07:00:03,0.31,0.16,0.10,0.11,4775.00000
MCU6,RFUD,MTLR-9.26,Фьючерсный контракт MTLR-9.26,3910,0,1.00000,2026-09-17,2026-09-18,MC,MTLR-9.26,MTLR,127488,100,2048.48,4924.00000,2896.00000,1.00000,3910,3859,2026-08-13 07:00:03,0.78,0.39,0.26,0.00,3910.00000
MCZ6,RFUD,MTLR-12.26,Фьючерсный контракт MTLR-12.26,3937,0,1.00000,2026-12-17,2026-12-18,MC,MTLR-12.26,MTLR,9744,100,2127.46,4977.00000,2897.00000,1.00000,3937,3891,2026-08-13 07:00:03,0.78,0.39,0.26,0.00,3937.00000
MDU6,RFUD,MDMG-9.26,Фьючерсный контракт MDMG-9.26,13678,0,1.00000,2026-09-17,2026-09-18,MD,MDMG-9.26,MDMG,4568,10,3543.27,15432.00000,11924.00000,1.00000,13678,13592,2026-08-13 07:00:03,2.71,1.36,0.90,0.00,13678.00000
MDZ6,RFUD,MDMG-12.26,Фьючерсный контракт MDMG-12.26,13936,0,1.00000,2026-12-17,2026-12-18,MD,MDMG-12.26,MDMG,570,10,3775.69,15783.00000,12089.00000,1.00000,13936,13837,2026-08-13 07:00:03,2.76,1.38,0.92,0.00,13936.00000
MEU6,RFUD,MOEX-9.26,Фьючерсный контракт MOEX-9.26,16051,0,1.00000,2026-09-17,2026-09-18,ME,MOEX-9.26,MOEX,141280,100,2874.30,17474.00000,14628.00000,1.00000,16051,16010,2026-08-13 07:00:03,3.18,1.59,1.06,0.00,16051.00000
MEZ6,RFUD,MOEX-12.26,Фьючерсный контракт MOEX-12.26,16594,0,1.00000,2026-12-17,2026-12-18,ME,MOEX-12.26,MOEX,1800,100,3135.73,18128.00000,15060.00000,1.00000,16594,16560,2026-08-13 07:00:03,3.29,1.65,1.10,0.00,16594.00000
MFQ6,RFUD,1MFR-8.26,Фьючерсный контракт 1MFR-8.26,83.58,2,0.01000,2026-08-31,2026-08-31,MF,1MFR-8.26,1MFR,0,1000000,944.76,84.13000,83.03000,8.49315,83.58,0,2026-08-13 07:00:03,11.71,5.86,3.90,3.90,83.58000
MFU6,RFUD,1MFR-9.26,Фьючерсный контракт 1MFR-9.26,83.58,2,0.01000,2026-09-30,2026-09-30,MF,1MFR-9.26,1MFR,0,1000000,1643.84,84.58000,82.58000,8.21918,83.58,0,2026-08-04 07:00:01,11.34,5.67,3.78,3.78,83.58000
MGU6,RFUD,MAGN-9.26,Фьючерсный контракт MAGN-9.26,22383,0,1.00000,2026-09-17,2026-09-18,MG,MAGN-9.26,MAGN,34776,1000,4010.09,24368.00000,20398.00000,1.00000,22383,22100,2026-08-13 07:00:03,4.43,2.22,1.48,0.00,22383.00000
MGZ6,RFUD,MAGN-12.26,Фьючерсный контракт MAGN-12.26,23068,0,1.00000,2026-12-17,2026-12-18,MG,MAGN-12.26,MAGN,1904,1000,4373.00,25208.00000,20928.00000,1.00000,23068,22832,2026-08-13 07:00:03,4.57,2.29,1.53,0.00,23068.00000
MMH7,RFUD,MXI-3.27,Фьючерсный контракт MXI-3.27,2435.2,2,0.05000,2027-03-18,2027-03-18,MM,MXI-3.27,MXI,2886,1,3163.10,2589.15000,2281.25000,0.50000,2435.2,2434,2026-08-13 07:00:03,1.60,0.80,0.54,0.54,2435.20000
MMH8,RFUD,MXI-3.28,Фьючерсный контракт MXI-3.28,2678.65,2,0.05000,2028-03-16,2028-03-16,MM,MXI-3.28,MXI,68,1,3753.10,2859.20000,2498.10000,0.50000,2678.65,2694,2026-08-13 07:00:03,1.77,0.89,0.59,0.59,2678.65000
MMM7,RFUD,MXI-6.27,Фьючерсный контракт MXI-6.27,2498.5,2,0.05000,2027-06-17,2027-06-17,MM,MXI-6.27,MXI,1552,1,3171.48,2652.95000,2344.05000,0.50000,2498.5,2494.1,2026-08-13 07:00:03,1.65,0.83,0.55,0.55,2498.50000
MMM8,RFUD,MXI-6.28,Фьючерсный контракт MXI-6.28,2744,2,0.05000,2028-06-15,2028-06-15,MM,MXI-6.28,MXI,76,1,4019.49,2936.40000,2551.60000,0.50000,2744,2744,2026-08-13 07:00:03,1.81,0.91,0.61,0.60,2744.00000
MMU6,RFUD,MXI-9.26,Фьючерсный контракт MXI-9.26,2329,2,0.05000,2026-09-17,2026-09-17,MM,MXI-9.26,MXI,302194,1,2575.85,2456.60000,2201.40000,0.50000,2329,2323.7,2026-08-13 07:00:03,1.53,0.77,0.51,0.51,2329.00000
MMU7,RFUD,MXI-9.27,Фьючерсный контракт MXI-9.27,2559.4,2,0.05000,2027-09-16,2027-09-16,MM,MXI-9.27,MXI,674,1,3259.91,2717.85000,2400.95000,0.50000,2559.4,2563,2026-08-13 07:00:03,1.69,0.85,0.56,0.56,2559.40000
MMZ6,RFUD,MXI-12.26,Фьючерсный контракт MXI-12.26,2378,2,0.05000,2026-12-17,2026-12-17,MM,MXI-12.26,MXI,23494,1,2930.69,2521.55000,2234.45000,0.50000,2378,2374.75,2026-08-13 07:00:03,1.57,0.79,0.52,0.52,2378.00000
MMZ7,RFUD,MXI-12.27,Фьючерсный контракт MXI-12.27,2641,2,0.05000,2027-12-16,2027-12-16,MM,MXI-12.27,MXI,1078,1,3510.06,2810.70000,2471.30000,0.50000,2641,2637,2026-08-13 07:00:03,1.74,0.87,0.58,0.58,2641.00000
MNU6,RFUD,MGNT-9.26,Фьючерсный контракт MGNT-9.26,1833,0,1.00000,2026-09-17,2026-09-18,MN,MGNT-9.26,MGNT,303960,1,419.76,2040.00000,1626.00000,1.00000,1833,1813,2026-08-13 07:00:03,0.36,0.18,0.12,0.00,1833.00000
MNZ6,RFUD,MGNT-12.26,Фьючерсный контракт MGNT-12.26,1900,0,1.00000,2026-12-17,2026-12-18,MN,MGNT-12.26,MGNT,48394,1,450.94,2120.00000,1680.00000,1.00000,1900,1880,2026-08-13 07:00:03,0.38,0.19,0.12,0.00,1900.00000
MTU6,RFUD,MTSI-9.26,Фьючерсный контракт MTSI-9.26,19770,0,1.00000,2026-09-17,2026-09-18,MT,MTSI-9.26,MTSI,18922,100,3542.10,21524.00000,18016.00000,1.00000,19770,19770,2026-08-13 07:00:03,3.91,1.96,1.30,0.00,19770.00000
MTZ6,RFUD,MTSI-12.26,Фьючерсный контракт MTSI-12.26,20273,0,1.00000,2026-12-17,2026-12-18,MT,MTSI-12.26,MTSI,1172,100,3860.28,22162.00000,18384.00000,1.00000,20273,20237,2026-08-13 07:00:03,4.02,2.01,1.34,0.00,20273.00000
MVU6,RFUD,MVID-9.26,Фьючерсный контракт MVID-9.26,460,0,1.00000,2026-09-17,2026-09-18,MV,MVID-9.26,MVID,147398,10,337.89,627.00000,293.00000,1.00000,460,455,2026-08-13 07:00:03,0.09,0.05,0.03,0.00,460.00000
MVZ6,RFUD,MVID-12.26,Фьючерсный контракт MVID-12.26,442,0,1.00000,2026-12-17,2026-12-18,MV,MVID-12.26,MVID,12342,10,347.96,612.00000,272.00000,1.00000,442,443,2026-08-13 07:00:03,0.09,0.05,0.03,0.00,442.00000
MXH7,RFUD,MIX-3.27,Фьючерсный контракт MIX-3.27,243425,0,25.00000,2027-03-18,2027-03-18,MX,MIX-3.27,MIX,664,1,31630.53,258800.00000,228050.00000,25.00000,243425,243375,2026-08-13 07:00:03,16.07,8.04,5.36,5.36,243425.00000
MXH8,RFUD,MIX-3.28,Фьючерсный контракт MIX-3.28,276000,0,25.00000,2028-03-16,2028-03-16,MX,MIX-3.28,MIX,20,1,37931.50,294250.00000,257750.00000,25.00000,276000,0,2026-08-13 07:00:03,18.21,9.11,6.07,6.07,276000.00000
MXM7,RFUD,MIX-6.27,Фьючерсный контракт MIX-6.27,250400,0,25.00000,2027-06-17,2027-06-17,MX,MIX-6.27,MIX,330,1,31734.33,265850.00000,234950.00000,25.00000,250400,250400,2026-08-13 07:00:03,16.52,8.26,5.51,5.51,250400.00000
MXM8,RFUD,MIX-6.28,Фьючерсный контракт MIX-6.28,282675,0,25.00000,2028-06-15,2028-06-15,MX,MIX-6.28,MIX,6,1,40667.39,302125.00000,263225.00000,25.00000,282675,0,2026-08-13 07:00:03,18.66,9.33,6.22,6.22,282675.00000
MXU6,RFUD,MIX-9.26,Фьючерсный контракт MIX-9.26,232925,0,25.00000,2026-09-17,2026-09-17,MX,MIX-9.26,MIX,303084,1,25761.20,245675.00000,220175.00000,25.00000,232925,232600,2026-08-13 07:00:03,15.37,7.69,5.13,5.12,232925.00000
MXU7,RFUD,MIX-9.27,Фьючерсный контракт MIX-9.27,255625,0,25.00000,2027-09-16,2027-09-16,MX,MIX-9.27,MIX,118,1,32591.11,271450.00000,239800.00000,25.00000,255625,255700,2026-08-13 07:00:03,16.87,8.44,5.62,5.62,255625.00000
MXZ6,RFUD,MIX-12.26,Фьючерсный контракт MIX-12.26,237675,0,25.00000,2026-12-17,2026-12-17,MX,MIX-12.26,MIX,10554,1,29306.52,252025.00000,223325.00000,25.00000,237675,237375,2026-08-13 07:00:03,15.69,7.85,5.23,5.23,237675.00000
MXZ7,RFUD,MIX-12.27,Фьючерсный контракт MIX-12.27,265825,0,25.00000,2027-12-16,2027-12-16,MX,MIX-12.27,MIX,54,1,35174.07,282825.00000,248825.00000,25.00000,265825,0,2026-08-13 07:00:03,17.55,8.78,5.85,5.85,265825.00000
MYU6,RFUD,MOEXCNY-9.26,Фьючерсный контракт MOEXCNY-9.26,866.9,1,0.10000,2026-09-17,2026-09-17,MY,MOEXCNY-9.26,MOEXCNY,6580,1,1550.56,921.40000,812.40000,1.22987,866.9,863.7,2026-08-13 07:00:03,0.70,0.35,0.23,0.23,866.90000
MYZ6,RFUD,MOEXCNY-12.26,Фьючерсный контракт MOEXCNY-12.26,875.2,1,0.10000,2026-12-17,2026-12-17,MY,MOEXCNY-12.26,MOEXCNY,268,1,1605.84,931.40000,819.00000,1.22987,875.2,0,2026-08-13 07:00:03,0.71,0.36,0.24,0.24,875.20000
N2U6,RFUD,NIKK-9.26,Фьючерсный контракт NIKK-9.26,70609,0,1.00000,2026-09-18,2026-09-18,N2,NIKK-9.26,NIKK,23282,1,583.00,75760.00000,65458.00000,0.05209,70609,70560,2026-08-13 07:00:03,0.73,0.37,0.24,0.24,70609.00000
N2Z6,RFUD,NIKK-12.26,Фьючерсный контракт NIKK-12.26,69973,0,1.00000,2026-12-18,2026-12-18,N2,NIKK-12.26,NIKK,4560,1,600.02,75256.00000,64690.00000,0.05209,69973,69876,2026-08-13 07:00:03,0.72,0.36,0.24,0.24,69973.00000
NAH7,RFUD,NASD-3.27,Фьючерсный контракт NASD-3.27,29738,0,1.00000,2027-03-19,2027-03-19,NA,NASD-3.27,NASD,6372,41,3300.28,31443.00000,28033.00000,0.82998,29738,29796,2026-08-13 07:00:03,4.89,2.45,1.63,1.63,29738.00000
NAM7,RFUD,NASD-6.27,Фьючерсный контракт NASD-6.27,29953,0,1.00000,2027-06-18,2027-06-18,NA,NASD-6.27,NASD,2396,41,3502.77,31753.00000,28153.00000,0.82998,29953,29885,2026-08-13 07:00:03,4.92,2.46,1.64,1.64,29953.00000
NAU6,RFUD,NASD-9.26,Фьючерсный контракт NASD-9.26,29657,0,1.00000,2026-09-18,2026-09-18,NA,NASD-9.26,NASD,785792,41,3015.51,31227.00000,28087.00000,0.82998,29657,29631,2026-08-13 07:00:03,4.87,2.44,1.62,1.62,29657.00000
NAZ6,RFUD,NASD-12.26,Фьючерсный контракт NASD-12.26,29752,0,1.00000,2026-12-18,2026-12-18,NA,NASD-12.26,NASD,106948,41,3135.82,31379.00000,28125.00000,0.82998,29752,29748,2026-08-13 07:00:03,4.89,2.45,1.63,1.63,29752.00000
NBU6,RFUD,BELUGA-9.26,Фьючерсный контракт BELUGA-9.26,292,0,1.00000,2026-09-17,2026-09-18,NB,BELUGA-9.26,BELUGA,135372,1,113.65,348.00000,236.00000,1.00000,292,289,2026-08-13 07:00:03,0.05,0.03,0.02,0.00,292.00000
NBZ6,RFUD,BELUGA-12.26,Фьючерсный контракт BELUGA-12.26,285,0,1.00000,2026-12-17,2026-12-18,NB,BELUGA-12.26,BELUGA,38342,1,118.83,343.00000,227.00000,1.00000,285,281,2026-08-13 07:00:03,0.05,0.03,0.02,0.00,285.00000
NCU6,RFUD,NICKEL-9.26,Фьючерсный контракт NICKEL-9.26,16800,0,5.00000,2026-09-15,2026-09-15,NC,NICKEL-9.26,NICKEL,3646,10,2505.59,18105.00000,15495.00000,4.14989,16800,16800,2026-08-13 07:00:03,1.84,0.92,0.61,0.61,16800.00000
NCZ6,RFUD,NICKEL-12.26,Фьючерсный контракт NICKEL-12.26,17150,0,5.00000,2026-12-15,2026-12-15,NC,NICKEL-12.26,NICKEL,88,10,2742.78,18560.00000,15740.00000,4.14989,17150,17150,2026-08-13 07:00:03,1.88,0.94,0.63,0.63,17150.00000
NDU6,RFUD,INDIA-9.26,Фьючерсный контракт INDIA-9.26,9.023,3,0.00100,2026-09-18,2026-09-18,ND,INDIA-9.26,INDIA,596,10,917.46,9.50000,8.54600,0.82998,9.023,9.041,2026-08-13 07:00:03,1.48,0.74,0.49,0.49,9.02300
NDZ6,RFUD,INDIA-12.26,Фьючерсный контракт INDIA-12.26,9.3,3,0.00100,2026-12-18,2026-12-18,ND,INDIA-12.26,INDIA,40,10,956.37,9.79600,8.80400,0.82998,9.3,9.39,2026-08-13 07:00:03,1.53,0.77,0.51,0.51,9.30000
NGF7,RFUD,NG-1.27,Фьючерсный контракт NG-1.27,3.972,3,0.00100,2027-01-27,2027-01-27,NG,NG-1.27,NG,806,100,7576.28,4.35900,3.58500,8.29977,3.972,3.973,2026-08-13 07:00:03,4.35,2.18,1.45,1.45,3.97200
NGG7,RFUD,NG-2.27,Фьючерсный контракт NG-2.27,3.27,3,0.00100,2027-02-24,2027-02-24,NG,NG-2.27,NG,746,100,7407.85,3.64800,2.89200,8.29977,3.27,3.27,2026-08-13 07:00:03,3.58,1.79,1.20,1.19,3.27000
NGQ6,RFUD,NG-8.26,Фьючерсный контракт NG-8.26,2.807,3,0.00100,2026-08-27,2026-08-27,NG,NG-8.26,NG,554400,100,6610.26,3.15100,2.46300,8.29977,2.807,2.8,2026-08-13 07:00:03,3.08,1.54,1.03,1.03,2.80700
NGU6,RFUD,NG-9.26,Фьючерсный контракт NG-9.26,2.865,3,0.00100,2026-09-28,2026-09-28,NG,NG-9.26,NG,94908,100,7035.66,3.22700,2.50300,8.29977,2.865,2.856,2026-08-13 07:00:03,3.13,1.57,1.04,1.05,2.86500
NGV6,RFUD,NG-10.26,Фьючерсный контракт NG-10.26,3.127,3,0.00100,2026-10-28,2026-10-28,NG,NG-10.26,NG,14108,100,7299.95,3.50000,2.75400,8.29977,3.127,3.113,2026-08-13 07:00:03,3.43,1.72,1.15,1.14,3.12700
NGX6,RFUD,NG-11.26,Фьючерсный контракт NG-11.26,3.741,3,0.00100,2026-11-25,2026-11-25,NG,NG-11.26,NG,3022,100,7448.05,4.12200,3.36000,8.29977,3.741,3.752,2026-08-13 07:00:03,4.10,2.05,1.37,1.37,3.74100
NGZ6,RFUD,NG-12.26,Фьючерсный контракт NG-12.26,4.18,3,0.00100,2026-12-29,2026-12-29,NG,NG-12.26,NG,3728,100,7648.58,4.57100,3.78900,8.29977,4.18,4.18,2026-08-13 07:00:03,4.58,2.29,1.53,1.53,4.18000
NMU6,RFUD,NLMK-9.26,Фьючерсный контракт NLMK-9.26,7610,0,1.00000,2026-09-17,2026-09-18,NM,NLMK-9.26,NLMK,62154,100,1363.76,8285.00000,6935.00000,1.00000,7610,7470,2026-08-13 07:00:03,1.51,0.76,0.50,0.00,7610.00000
NMZ6,RFUD,NLMK-12.26,Фьючерсный контракт NLMK-12.26,7858,0,1.00000,2026-12-17,2026-12-18,NM,NLMK-12.26,NLMK,3384,100,1487.50,8586.00000,7130.00000,1.00000,7858,7721,2026-08-13 07:00:03,1.55,0.78,0.52,0.00,7858.00000
NOU6,RFUD,NOVARTIS-9.26,Фьючерсный контракт NOVARTIS-9.26,153.58,2,0.01000,2026-09-18,2026-09-18,NO,NOVARTIS-9.26,NOVARTIS,154,1,2004.04,164.01000,143.15000,0.82998,153.58,153.11,2026-08-13 07:00:03,2.52,1.26,0.84,0.84,153.58000
NOZ6,RFUD,NOVARTIS-12.26,Фьючерсный контракт NOVARTIS-12.26,156.74,2,0.01000,2026-12-18,2026-12-18,NO,NOVARTIS-12.26,NOVARTIS,12,1,2070.52,167.48000,146.00000,0.82998,156.74,0,2026-08-13 07:00:03,2.57,1.29,0.85,0.86,156.74000
NRF7,RFUD,NGM-1.27,Фьючерсный контракт NGM-1.27,3.979,3,0.00100,2027-01-27,2027-01-27,NR,NGM-1.27,NGM,9390,1,75.80,4.36600,3.59200,0.08300,3.979,3.971,2026-08-13 07:00:03,0.05,0.03,0.02,0.01,3.97900
NRG7,RFUD,NGM-2.27,Фьючерсный контракт NGM-2.27,3.331,3,0.00100,2027-02-24,2027-02-24,NR,NGM-2.27,NGM,17888,1,74.25,3.71000,2.95200,0.08300,3.331,3.339,2026-08-13 07:00:03,0.04,0.02,0.02,0.01,3.33100
NRQ6,RFUD,NGM-8.26,Фьючерсный контракт NGM-8.26,2.808,3,0.00100,2026-08-27,2026-08-27,NR,NGM-8.26,NGM,1936962,1,66.12,3.15200,2.46400,0.08300,2.808,2.803,2026-08-13 07:00:03,0.03,0.02,0.02,0.01,2.80800
NRU6,RFUD,NGM-9.26,Фьючерсный контракт NGM-9.26,2.869,3,0.00100,2026-09-28,2026-09-28,NR,NGM-9.26,NGM,599322,1,70.38,3.23100,2.50700,0.08300,2.869,2.864,2026-08-13 07:00:03,0.03,0.02,0.02,0.01,2.86900
NRV6,RFUD,NGM-10.26,Фьючерсный контракт NGM-10.26,3.131,3,0.00100,2026-10-28,2026-10-28,NR,NGM-10.26,NGM,117072,1,73.03,3.50500,2.75700,0.08300,3.131,3.131,2026-08-13 07:00:03,0.03,0.02,0.02,0.01,3.13100
NRX6,RFUD,NGM-11.26,Фьючерсный контракт NGM-11.26,3.77,3,0.00100,2026-11-25,2026-11-25,NR,NGM-11.26,NGM,30054,1,74.57,4.15100,3.38900,0.08300,3.77,3.764,2026-08-13 07:00:03,0.04,0.02,0.02,0.01,3.77000
NRZ6,RFUD,NGM-12.26,Фьючерсный контракт NGM-12.26,4.201,3,0.00100,2026-12-29,2026-12-29,NR,NGM-12.26,NGM,11934,1,76.56,4.59200,3.81000,0.08300,4.201,4.197,2026-08-13 07:00:03,0.05,0.03,0.02,0.02,4.20100
NVU6,RFUD,NOTKM-9.26,Фьючерсный контракт NOTKM-9.26,10391,0,1.00000,2026-09-17,2026-09-18,NV,NOTKM-9.26,NOTKM,127926,10,1886.89,11325.00000,9457.00000,1.00000,10391,10376,2026-08-13 07:00:03,2.05,1.03,0.68,0.00,10391.00000
NVZ6,RFUD,NOTKM-12.26,Фьючерсный контракт NOTKM-12.26,10477,0,1.00000,2026-12-17,2026-12-18,NV,NOTKM-12.26,NOTKM,9228,10,2050.33,11480.00000,9474.00000,1.00000,10477,10453,2026-08-13 07:00:03,2.07,1.04,0.69,0.00,10477.00000
OGU6,RFUD,OGI-9.26,Фьючерсный контракт OGI-9.26,6207,0,1.00000,2026-09-17,2026-09-17,OG,OGI-9.26,OGI,1052,1,937.16,6671.00000,5743.00000,1.00000,6207,6162,2026-08-13 07:00:03,0.41,0.21,0.14,0.14,6207.00000
OGZ6,RFUD,OGI-12.26,Фьючерсный контракт OGI-12.26,6323,0,1.00000,2026-12-17,2026-12-17,OG,OGI-12.26,OGI,94,1,1034.72,6829.00000,5817.00000,1.00000,6323,6500,2026-08-13 07:00:03,0.42,0.21,0.14,0.14,6323.00000
OJU6,RFUD,ORANGE-9.26,Фьючерсный контракт ORANGE-9.26,1.445,3,0.00100,2026-09-01,2026-09-01,OJ,ORANGE-9.26,ORANGE,41896,100,2290.25,1.56400,1.32600,8.29977,1.445,1.462,2026-08-13 07:00:03,1.58,0.79,0.52,0.53,1.44500
OJX6,RFUD,ORANGE-11.26,Фьючерсный контракт ORANGE-11.26,1.536,3,0.00100,2026-11-02,2026-11-02,OJ,ORANGE-11.26,ORANGE,3834,100,2505.08,1.66500,1.40700,8.29977,1.536,1.551,2026-08-13 07:00:03,1.69,0.85,0.56,0.56,1.53600
ONU6,RFUD,OZON-9.26,Фьючерсный контракт OZON-9.26,3321,0,1.00000,2026-09-17,2026-09-18,ON,OZON-9.26,OZON,504398,1,859.91,3746.00000,2896.00000,1.00000,3321,3301,2026-08-13 07:00:03,0.66,0.33,0.22,0.00,3321.00000
ONZ6,RFUD,OZON-12.26,Фьючерсный контракт OZON-12.26,3422,0,1.00000,2026-12-17,2026-12-18,ON,OZON-12.26,OZON,50524,1,917.23,3870.00000,2974.00000,1.00000,3422,3408,2026-08-13 07:00:03,0.68,0.34,0.23,0.00,3422.00000
PDH7,RFUD,PLD-3.27,Фьючерсный контракт PLD-3.27,1434.61,2,0.01000,2027-03-19,2027-03-19,PD,PLD-3.27,PLD,168,1,28816.10,1629.69000,1239.53000,0.82998,1434.61,1428.07,2026-08-13 07:00:03,15.72,7.86,5.24,5.24,1434.61000
PDM7,RFUD,PLD-6.27,Фьючерсный контракт PLD-6.27,1454.16,2,0.01000,2027-06-18,2027-06-18,PD,PLD-6.27,PLD,100,1,29450.86,1652.93000,1255.39000,0.82998,1454.16,1453.36,2026-08-13 07:00:03,15.93,7.97,5.31,5.31,1454.16000
PDU6,RFUD,PLD-9.26,Фьючерсный контракт PLD-9.26,1384.47,2,0.01000,2026-09-18,2026-09-18,PD,PLD-9.26,PLD,51634,1,26040.80,1563.49000,1205.45000,0.82998,1384.47,1375.51,2026-08-13 07:00:03,15.17,7.59,5.06,5.06,1384.47000
PDZ6,RFUD,PLD-12.26,Фьючерсный контракт PLD-12.26,1414.8,2,0.01000,2026-12-18,2026-12-18,PD,PLD-12.26,PLD,1348,1,28018.78,1605.26000,1224.34000,0.82998,1414.8,1409.7,2026-08-13 07:00:03,15.50,7.75,5.17,5.17,1414.80000
PHU6,RFUD,PHOR-9.26,Фьючерсный контракт PHOR-9.26,5653,0,1.00000,2026-09-17,2026-09-18,PH,PHOR-9.26,PHOR,28654,1,1012.15,6154.00000,5152.00000,1.00000,5653,5673,2026-08-13 07:00:03,1.12,0.56,0.37,0.00,5653.00000
PHZ6,RFUD,PHOR-12.26,Фьючерсный контракт PHOR-12.26,5786,0,1.00000,2026-12-17,2026-12-18,PH,PHOR-12.26,PHOR,5380,1,1102.87,6325.00000,5247.00000,1.00000,5786,5798,2026-08-13 07:00:03,1.15,0.58,0.38,0.00,5786.00000
PIU6,RFUD,PIKK-9.26,Фьючерсный контракт PIKK-9.26,5529,0,1.00000,2026-09-17,2026-09-18,PI,PIKK-9.26,PIKK,12920,10,1499.36,6271.00000,4787.00000,1.00000,5529,5527,2026-08-13 07:00:03,1.10,0.55,0.37,0.00,5529.00000
PSU6,RFUD,POSI-9.26,Фьючерсный контракт POSI-9.26,1002,0,1.00000,2026-09-17,2026-09-18,PS,POSI-9.26,POSI,216756,1,339.67,1170.00000,834.00000,1.00000,1002,994,2026-08-13 07:00:03,0.19,0.10,0.07,0.00,1002.00000
PSZ6,RFUD,POSI-12.26,Фьючерсный контракт POSI-12.26,1024,0,1.00000,2026-12-17,2026-12-18,PS,POSI-12.26,POSI,17090,1,357.83,1199.00000,849.00000,1.00000,1024,1021,2026-08-13 07:00:03,0.21,0.11,0.07,0.00,1024.00000
PTH7,RFUD,PLT-3.27,Фьючерсный контракт PLT-3.27,1876.5,1,0.10000,2027-03-19,2027-03-19,PT,PLT-3.27,PLT,276,1,33690.28,2103.30000,1649.70000,8.29977,1876.5,1874.9,2026-08-13 07:00:03,20.56,10.28,6.85,6.85,1876.50000
PTM7,RFUD,PLT-6.27,Фьючерсный контракт PLT-6.27,1903.9,1,0.10000,2027-06-18,2027-06-18,PT,PLT-6.27,PLT,90,1,33042.29,2126.90000,1680.90000,8.29977,1903.9,1895,2026-08-13 07:00:03,20.85,10.43,6.95,6.95,1903.90000
PTU6,RFUD,PLT-9.26,Фьючерсный контракт PLT-9.26,1800.6,1,0.10000,2026-09-18,2026-09-18,PT,PLT-9.26,PLT,139196,1,28681.28,1997.70000,1603.50000,8.29977,1800.6,1784,2026-08-13 07:00:03,19.72,9.86,6.57,6.58,1800.60000
PTZ6,RFUD,PLT-12.26,Фьючерсный контракт PLT-12.26,1842.1,1,0.10000,2026-12-18,2026-12-18,PT,PLT-12.26,PLT,1288,1,31787.31,2057.60000,1626.60000,8.29977,1842.1,1830.4,2026-08-13 07:00:03,20.18,10.09,6.73,6.73,1842.10000
PXU6,RFUD,PLZLM-9.26,Фьючерсный контракт PLZLM-9.26,12960,0,1.00000,2026-09-17,2026-09-18,PX,PLZLM-9.26,PLZLM,137208,10,2853.78,14125.00000,11250.00000,1.00000,12960,12812,2026-08-13 16:13:41,2.57,1.29,0.85,0.00,12960.00000
PXZ6,RFUD,PLZLM-12.26,Фьючерсный контракт PLZLM-12.26,13398,0,1.00000,2026-12-17,2026-12-18,PX,PLZLM-12.26,PLZLM,8568,10,2994.86,14653.00000,11605.00000,1.00000,13398,13235,2026-08-13 16:13:41,2.66,1.33,0.89,0.00,13398.00000
QQQF,RFUD,QQQF,QQQF,723.3,1,0.10000,2100-01-01,2100-01-01,QQ,QQQF,QQQF,1370,1,6915.72,759.50000,687.10000,8.29977,723.3,723.5,2026-08-13 07:00:03,11.88,5.94,3.96,0.00,723.30000
R2U6,RFUD,R2000-9.26,Фьючерсный контракт R2000-9.26,301.3,1,0.10000,2026-09-18,2026-09-18,R2,R2000-9.26,R2000,1398,1,3063.59,317.20000,285.40000,8.29977,301.3,303,2026-08-13 07:00:03,4.95,2.48,1.65,1.65,301.30000
R2Z6,RFUD,R2000-12.26,Фьючерсный контракт R2000-12.26,302.6,1,0.10000,2026-12-18,2026-12-18,R2,R2000-12.26,R2000,80,1,3186.13,319.10000,286.10000,8.29977,302.6,304.3,2026-08-13 07:00:03,4.97,2.49,1.65,1.66,302.60000
RAU6,RFUD,RASP-9.26,Фьючерсный контракт RASP-9.26,1274,0,1.00000,2026-09-17,2026-09-18,RA,RASP-9.26,RASP,24654,10,231.53,1388.00000,1160.00000,1.00000,1274,1272,2026-08-13 07:00:03,0.26,0.13,0.09,0.00,1274.00000
RAZ6,RFUD,RASP-12.26,Фьючерсный контракт RASP-12.26,1294,0,1.00000,2026-12-17,2026-12-18,RA,RASP-12.26,RASP,3954,10,251.79,1417.00000,1171.00000,1.00000,1294,1300,2026-08-13 07:00:03,0.26,0.13,0.09,0.00,1294.00000
RBH7,RFUD,RGBI-3.27,Фьючерсный контракт RGBI-3.27,11690,0,1.00000,2027-03-01,2027-03-01,RB,RGBI-3.27,RGBI,60992,1,1334.71,12348.00000,11032.00000,1.00000,11690,11704,2026-08-13 07:00:03,0.77,0.39,0.26,0.26,11690.00000
RBM7,RFUD,RGBI-6.27,Фьючерсный контракт RGBI-6.27,11742,0,1.00000,2027-06-01,2027-06-01,RB,RGBI-6.27,RGBI,7148,1,1418.09,12438.00000,11046.00000,1.00000,11742,11754,2026-08-13 07:00:03,0.78,0.39,0.26,0.26,11742.00000
RBU6,RFUD,RGBI-9.26,Фьючерсный контракт RGBI-9.26,11575,0,1.00000,2026-09-01,2026-09-01,RB,RGBI-9.26,RGBI,872160,1,1197.33,12171.00000,10979.00000,1.00000,11575,11567,2026-08-13 07:00:03,0.76,0.38,0.26,0.25,11575.00000
RBZ6,RFUD,RGBI-12.26,Фьючерсный контракт RGBI-12.26,11654,0,1.00000,2026-12-01,2026-12-01,RB,RGBI-12.26,RGBI,126640,1,1269.53,12283.00000,11025.00000,1.00000,11654,11635,2026-08-13 07:00:03,0.77,0.39,0.26,0.26,11654.00000
RDU6,RFUD,RENI-9.26,Фьючерсный контракт RENI-9.26,8038,0,1.00000,2026-09-17,2026-09-18,RD,RENI-9.26,RENI,6878,100,2725.18,9387.00000,6689.00000,1.00000,8038,8037,2026-08-13 07:00:03,1.60,0.80,0.54,0.00,8038.00000
RDZ6,RFUD,RENI-12.26,Фьючерсный контракт RENI-12.26,8289,0,1.00000,2026-12-17,2026-12-18,RD,RENI-12.26,RENI,1574,100,2872.52,9694.00000,6884.00000,1.00000,8289,8289,2026-08-13 07:00:03,1.64,0.82,0.54,0.00,8289.00000
RFH7,RFUD,RUONIA-3.27,Фьючерсный контракт RUONIA-3.27,4.7845,4,0.00010,2027-03-01,2027-03-01,RF,RUONIA-3.27,RUONIA,0,1,1566.97,4.86200,4.70700,1.00000,4.7845,0,2026-08-13 07:00:03,7.90,3.95,2.63,2.63,4.78450
RFM7,RFUD,RUONIA-6.27,Фьючерсный контракт RUONIA-6.27,4.9412,4,0.00010,2027-06-01,2027-06-01,RF,RUONIA-6.27,RUONIA,2030,1,1910.97,5.03530,4.84710,1.00000,4.9412,0,2026-08-13 07:00:03,8.16,4.08,2.72,2.72,4.94120
RFU6,RFUD,RUONIA-9.26,Фьючерсный контракт RUONIA-9.26,4.4735,4,0.00010,2026-09-01,2026-09-01,RF,RUONIA-9.26,RUONIA,56,1,1037.44,4.52520,4.42180,1.00000,4.4735,0,2026-08-13 07:00:03,7.38,3.69,2.46,2.46,4.47350
RFZ6,RFUD,RUONIA-12.26,Фьючерсный контракт RUONIA-12.26,4.6286,4,0.00010,2026-12-01,2026-12-01,RF,RUONIA-12.26,RUONIA,8,1,1307.26,4.69340,4.56380,1.00000,4.6286,0,2026-08-13 07:00:03,7.64,3.82,2.54,2.55,4.62860
RGBIF,RFUD,RGBIF,RGBIF,115.28,2,0.01000,2100-01-01,2100-01-01,RG,RGBIF,RGBIF,244422,100,1154.90,121.05000,109.51000,1.00000,115.28,115.24,2026-08-13 07:00:03,0.76,0.38,0.26,11.53,115.28000
RIH7,RFUD,RTS-3.27,Фьючерсный контракт RTS-3.27,87610,0,10.00000,2027-03-18,2027-03-18,RI,RTS-3.27,RTS,542,1,24621.81,93960.00000,81260.00000,16.59954,87610,87600,2026-08-13 07:00:03,9.60,4.80,3.20,3.20,87610.00000
RIM7,RFUD,RTS-6.27,Фьючерсный контракт RTS-6.27,88850,0,10.00000,2027-06-17,2027-06-17,RI,RTS-6.27,RTS,82,1,25871.88,95490.00000,82210.00000,16.59954,88850,0,2026-08-13 07:00:03,9.74,4.87,3.25,3.24,88850.00000
RIU6,RFUD,RTS-9.26,Фьючерсный контракт RTS-9.26,87810,0,10.00000,2026-09-17,2026-09-17,RI,RTS-9.26,RTS,73650,1,22884.14,93770.00000,81850.00000,16.59954,87810,87660,2026-08-13 07:00:03,9.62,4.81,3.20,3.21,87810.00000
RIZ6,RFUD,RTS-12.26,Фьючерсный контракт RTS-12.26,87450,0,10.00000,2026-12-17,2026-12-17,RI,RTS-12.26,RTS,8550,1,23624.26,93580.00000,81320.00000,16.59954,87450,87270,2026-08-13 07:00:03,9.58,4.79,3.20,3.19,87450.00000
RLU6,RFUD,RUAL-9.26,Фьючерсный контракт RUAL-9.26,2812,0,1.00000,2026-09-17,2026-09-18,RL,RUAL-9.26,RUAL,153704,100,503.79,3061.00000,2563.00000,1.00000,2812,2793,2026-08-13 07:00:03,0.56,0.28,0.19,0.00,2812.00000
RLZ6,RFUD,RUAL-12.26,Фьючерсный контракт RUAL-12.26,2893,0,1.00000,2026-12-17,2026-12-18,RL,RUAL-12.26,RUAL,10424,100,549.26,3161.00000,2625.00000,1.00000,2893,2875,2026-08-13 07:00:03,0.57,0.29,0.19,0.00,2893.00000
RMU6,RFUD,RTSM-9.26,Фьючерсный контракт RTSM-9.26,878,1,0.50000,2026-09-17,2026-09-17,RM,RTSM-9.26,RTSM,15416,1,2288.16,937.50000,818.50000,8.29977,878,876.5,2026-08-13 07:00:03,0.96,0.48,0.32,0.32,878.00000
RMZ6,RFUD,RTSM-12.26,Фьючерсный контракт RTSM-12.26,874.5,1,0.50000,2026-12-17,2026-12-17,RM,RTSM-12.26,RTSM,2228,1,2479.50,935.50000,813.50000,8.29977,874.5,871.5,2026-08-13 07:00:03,0.96,0.48,0.32,0.32,874.50000
RNH7,RFUD,ROSN-3.27,Фьючерсный контракт ROSN-3.27,36300,0,1.00000,2027-03-18,2027-03-19,RN,ROSN-3.27,ROSN,500,100,8274.63,40322.00000,32278.00000,1.00000,36300,36300,2026-08-13 07:00:03,7.18,3.59,2.40,0.00,36300.00000
RNM7,RFUD,ROSN-6.27,Фьючерсный контракт ROSN-6.27,37500,0,1.00000,2027-06-17,2027-06-18,RN,ROSN-6.27,ROSN,92,100,8293.63,41532.00000,33468.00000,1.00000,37500,37500,2026-08-13 07:00:03,7.43,3.72,2.47,0.00,37500.00000
RNU6,RFUD,ROSN-9.26,Фьючерсный контракт ROSN-9.26,35103,0,1.00000,2026-09-17,2026-09-18,RN,ROSN-9.26,ROSN,40652,100,7339.56,38737.00000,31469.00000,1.00000,35103,35054,2026-08-13 07:00:03,6.95,3.48,2.31,0.00,35103.00000
RNZ6,RFUD,ROSN-12.26,Фьючерсный контракт ROSN-12.26,36276,0,1.00000,2026-12-17,2026-12-18,RN,ROSN-12.26,ROSN,2602,100,8305.58,40154.00000,32398.00000,1.00000,36276,36192,2026-08-13 07:00:03,7.18,3.59,2.40,0.00,36276.00000
RQU6,RFUD,RTKMP-9.26,Фьючерсный контракт RTKMP-9.26,4631,0,1.00000,2026-09-17,2026-09-18,RQ,RTKMP-9.26,RTKMP,3236,100,1202.26,5226.00000,4036.00000,1.00000,4631,4611,2026-08-13 07:00:03,0.92,0.46,0.31,0.00,4631.00000
RQZ6,RFUD,RTKMP-12.26,Фьючерсный контракт RTKMP-12.26,4742,0,1.00000,2026-12-17,2026-12-18,RQ,RTKMP-12.26,RTKMP,362,100,1281.53,5369.00000,4115.00000,1.00000,4742,4698,2026-08-13 07:00:03,0.94,0.47,0.31,0.00,4742.00000
RRQ6,RFUD,RUON-8.26,Фьючерсный контракт RUON-8.26,86.28,2,0.01000,2026-08-31,2026-08-31,RR,RUON-8.26,RUON,0,1000000,944.76,86.83000,85.73000,8.49315,86.28,0,2026-08-13 07:00:03,12.09,6.05,4.03,4.03,86.28000
RRU6,RFUD,RUON-9.26,Фьючерсный контракт RUON-9.26,86.28,2,0.01000,2026-09-30,2026-09-30,RR,RUON-9.26,RUON,0,1000000,1643.84,87.28000,85.28000,8.21918,86.28,0,2026-08-04 07:00:01,11.70,5.85,3.90,3.90,86.28000
RTU6,RFUD,RTKM-9.26,Фьючерсный контракт RTKM-9.26,4520,0,1.00000,2026-09-17,2026-09-18,RT,RTKM-9.26,RTKM,61630,100,809.83,4921.00000,4119.00000,1.00000,4520,4496,2026-08-13 07:00:03,0.89,0.45,0.30,0.00,4520.00000
RTZ6,RFUD,RTKM-12.26,Фьючерсный контракт RTKM-12.26,4653,0,1.00000,2026-12-17,2026-12-18,RT,RTKM-12.26,RTKM,3172,100,883.00,5085.00000,4221.00000,1.00000,4653,4630,2026-08-13 07:00:03,0.92,0.46,0.31,0.00,4653.00000
RUU6,RFUD,RNFT-9.26,Фьючерсный контракт RNFT-9.26,881,0,1.00000,2026-09-17,2026-09-18,RU,RNFT-9.26,RNFT,120974,10,227.76,993.00000,769.00000,1.00000,881,874,2026-08-13 07:00:03,0.17,0.09,0.05,0.00,881.00000
RUZ6,RFUD,RNFT-12.26,Фьючерсный контракт RNFT-12.26,896,0,1.00000,2026-12-17,2026-12-18,RU,RNFT-12.26,RNFT,10578,10,242.69,1014.00000,778.00000,1.00000,896,886,2026-08-13 07:00:03,0.18,0.09,0.06,0.00,896.00000
S0U6,RFUD,SOFL-9.26,Фьючерсный контракт SOFL-9.26,573,0,1.00000,2026-09-17,2026-09-18,S0,SOFL-9.26,SOFL,85378,10,194.05,669.00000,477.00000,1.00000,573,565,2026-08-13 07:00:03,0.12,0.06,0.04,0.00,573.00000
S0Z6,RFUD,SOFL-12.26,Фьючерсный контракт SOFL-12.26,594,0,1.00000,2026-12-17,2026-12-18,S0,SOFL-12.26,SOFL,5954,10,204.62,694.00000,494.00000,1.00000,594,589,2026-08-13 07:00:03,0.12,0.06,0.04,0.00,594.00000
S1H7,RFUD,SILVM-3.27,Фьючерсный контракт SILVM-3.27,69.32,2,0.01000,2027-03-19,2027-03-19,S1,SILVM-3.27,SILVM,2764,1,1255.92,77.88000,60.76000,0.82998,69.32,69.08,2026-08-13 07:00:03,0.76,0.38,0.26,0.25,69.32000
S1M7,RFUD,SILVM-6.27,Фьючерсный контракт SILVM-6.27,70.77,2,0.01000,2027-06-18,2027-06-18,S1,SILVM-6.27,SILVM,1190,1,1308.10,79.63000,61.91000,0.82998,70.77,70.65,2026-08-13 07:00:03,0.78,0.39,0.26,0.26,70.77000
S1U6,RFUD,SILVM-9.26,Фьючерсный контракт SILVM-9.26,66.31,2,0.01000,2026-09-18,2026-09-18,S1,SILVM-9.26,SILVM,147046,1,1160.65,74.31000,58.31000,0.82998,66.31,65.75,2026-08-13 07:00:03,0.73,0.37,0.24,0.24,66.31000
S1Z6,RFUD,SILVM-12.26,Фьючерсный контракт SILVM-12.26,68.05,2,0.01000,2026-12-18,2026-12-18,S1,SILVM-12.26,SILVM,19840,1,1205.95,76.31000,59.79000,0.82998,68.05,67.49,2026-08-13 07:00:03,0.75,0.38,0.25,0.25,68.05000
S2U6,RFUD,SL-9.26,Фьючерсный контракт SL-9.26,174.11,2,0.01000,2026-09-17,2026-09-17,S2,SL-9.26,SL,21914,100,3640.91,192.14000,156.08000,1.00000,174.11,172.94,2026-08-13 07:00:03,2.30,1.15,0.77,0.77,174.11000
S2Z6,RFUD,SL-12.26,Фьючерсный контракт SL-12.26,180.73,2,0.01000,2026-12-17,2026-12-17,S2,SL-12.26,SL,1342,100,3844.79,199.61000,161.85000,1.00000,180.73,180.01,2026-08-13 07:00:03,2.38,1.19,0.80,0.80,180.73000
S3Q6,RFUD,SOL-8.26,Фьючерсный контракт SOL-8.26,76.02,2,0.01000,2026-08-28,2026-08-28,S3,SOL-8.26,SOL,2106,1,2781.98,90.55000,61.49000,0.82998,76.02,75.88,2026-08-13 07:00:03,2.52,1.26,1.27,0.42,76.02000
S3U6,RFUD,SOL-9.26,Фьючерсный контракт SOL-9.26,76.72,2,0.01000,2026-09-25,2026-09-25,S3,SOL-9.26,SOL,1016,1,2828.76,91.43000,62.01000,0.82998,76.72,76.72,2026-08-13 07:00:03,2.54,1.27,1.27,0.42,76.72000
S3V6,RFUD,SOL-10.26,Фьючерсный контракт SOL-10.26,79,2,0.01000,2026-10-30,2026-10-30,S3,SOL-10.26,SOL,76,1,2850.10,93.79000,64.21000,0.82998,79,79,2026-08-13 07:00:03,2.62,1.31,1.31,0.43,79.00000
SAH7,RFUD,SUGR-3.27,Фьючерсный контракт SUGR-3.27,34.81,2,0.01000,2027-02-26,2027-03-01,SA,SUGR-3.27,SUGR,516,1016,4980.82,37.21000,32.41000,10.16000,34.81,33.69,2026-08-13 07:00:03,4.66,2.33,1.55,1.56,34.81000
SAV6,RFUD,SUGR-10.26,Фьючерсный контракт SUGR-10.26,31.27,2,0.01000,2026-09-30,2026-10-01,SA,SUGR-10.26,SUGR,5392,1016,4420.49,33.42000,29.12000,10.16000,31.27,30.66,2026-08-13 07:00:03,4.19,2.10,1.39,1.40,31.27000
SBERF,RFUD,SBERF,SBERF,284.5,2,0.01000,2100-01-01,2100-01-01,SB,SBERF,SBERF,220468,100,4845.63,308.72000,260.28000,1.00000,284.5,284.24,2026-08-13 07:00:03,8.54,4.27,4.26,28.45,284.50000
SCU6,RFUD,SVCB-9.26,Фьючерсный контракт SVCB-9.26,1080,0,1.00000,2026-09-17,2026-09-18,SC,SVCB-9.26,SVCB,1112148,100,193.38,1175.00000,985.00000,1.00000,1080,1078,2026-08-13 07:00:03,0.21,0.11,0.07,0.00,1080.00000
SCZ6,RFUD,SVCB-12.26,Фьючерсный контракт SVCB-12.26,1116,0,1.00000,2026-12-17,2026-12-18,SC,SVCB-12.26,SVCB,196158,100,210.96,1219.00000,1013.00000,1.00000,1116,1112,2026-08-13 07:00:03,0.22,0.11,0.07,0.00,1116.00000
SDU6,RFUD,SAUDI-9.26,Фьючерсный контракт SAUDI-9.26,37.82,2,0.01000,2026-09-18,2026-09-18,SD,SAUDI-9.26,SAUDI,362,1,384.56,39.82000,35.82000,0.82998,37.82,37.79,2026-08-13 07:00:03,0.62,0.31,0.21,0.21,37.82000
SDZ6,RFUD,SAUDI-12.26,Фьючерсный контракт SAUDI-12.26,38.14,2,0.01000,2026-12-18,2026-12-18,SD,SAUDI-12.26,SAUDI,116,1,387.10,40.15000,36.13000,0.82998,38.14,38.98,2026-08-13 07:00:03,0.63,0.32,0.21,0.21,38.14000
SEU6,RFUD,SPBE-9.26,Фьючерсный контракт SPBE-9.26,1314,0,1.00000,2026-09-17,2026-09-18,SE,SPBE-9.26,SPBE,58048,10,648.00,1638.00000,990.00000,1.00000,1314,1305,2026-08-13 07:00:03,0.26,0.13,0.09,0.00,1314.00000
SEZ6,RFUD,SPBE-12.26,Фьючерсный контракт SPBE-12.26,1359,0,1.00000,2026-12-17,2026-12-18,SE,SPBE-12.26,SPBE,5602,10,650.88,1683.00000,1035.00000,1.00000,1359,1346,2026-08-13 07:00:03,0.26,0.13,0.09,0.00,1359.00000
SFH7,RFUD,SPYF-3.27,Фьючерсный контракт SPYF-3.27,774.63,2,0.01000,2027-03-19,2027-03-19,SF,SPYF-3.27,SPYF,2858,1,8589.36,819.00000,730.26000,0.82998,774.63,776.14,2026-08-13 07:00:03,12.73,6.37,4.24,4.24,774.63000
SFM7,RFUD,SPYF-6.27,Фьючерсный контракт SPYF-6.27,778.88,2,0.01000,2027-06-18,2027-06-18,SF,SPYF-6.27,SPYF,684,1,9114.02,825.71000,732.05000,0.82998,778.88,779.79,2026-08-13 07:00:03,12.80,6.40,4.26,4.27,778.88000
SFU6,RFUD,SPYF-9.26,Фьючерсный контракт SPYF-9.26,771.76,2,0.01000,2026-09-18,2026-09-18,SF,SPYF-9.26,SPYF,433896,1,7847.21,812.63000,730.89000,0.82998,771.76,772.02,2026-08-13 07:00:03,12.68,6.34,4.23,4.23,771.76000
SFZ6,RFUD,SPYF-12.26,Фьючерсный контракт SPYF-12.26,773.2,2,0.01000,2026-12-18,2026-12-18,SF,SPYF-12.26,SPYF,45580,1,8453.97,815.54000,730.86000,0.82998,773.2,773.72,2026-08-13 07:00:03,12.71,6.36,4.24,4.24,773.20000
SGU6,RFUD,SNGP-9.26,Фьючерсный контракт SNGP-9.26,43214,0,1.00000,2026-09-17,2026-09-18,SG,SNGP-9.26,SNGP,23100,1000,9033.30,47687.00000,38741.00000,1.00000,43214,43123,2026-08-13 07:00:03,8.56,4.28,2.85,0.00,43214.00000
SGZ6,RFUD,SNGP-12.26,Фьючерсный контракт SNGP-12.26,44720,0,1.00000,2026-12-17,2026-12-18,SG,SNGP-12.26,SNGP,1366,1000,9755.18,49494.00000,39946.00000,1.00000,44720,44502,2026-08-13 07:00:03,8.85,4.43,2.95,0.00,44720.00000
SHU6,RFUD,SFIN-9.26,Фьючерсный контракт SFIN-9.26,614,1,0.20000,2026-09-17,2026-09-18,SH,SFIN-9.26,SFIN,178182,1,216.92,721.40000,506.60000,0.20000,614,602.2,2026-08-13 07:00:03,0.12,0.06,0.04,0.00,614.00000
SHZ6,RFUD,SFIN-12.26,Фьючерсный контракт SFIN-12.26,598.4,1,0.20000,2026-12-17,2026-12-18,SH,SFIN-12.26,SFIN,31206,1,227.48,709.60000,487.20000,0.20000,598.4,589.8,2026-08-13 07:00:03,0.12,0.06,0.04,0.00,598.40000
SiH7,RFUD,Si-3.27,Фьючерсный контракт Si-3.27,86989,0,1.00000,2027-03-18,2027-03-18,Si,Si-3.27,Si,21188,1000,13938.66,94548.00000,79430.00000,1.00000,86989,87070,2026-08-13 07:00:03,4.02,2.01,1.34,1.34,86989.00000
SiM7,RFUD,Si-6.27,Фьючерсный контракт Si-6.27,88976,0,1.00000,2027-06-17,2027-06-17,Si,Si-6.27,Si,4118,1000,14612.05,96857.00000,81095.00000,1.00000,88976,88994,2026-08-13 07:00:03,4.11,2.06,1.37,1.37,88976.00000
SiU6,RFUD,Si-9.26,Фьючерсный контракт Si-9.26,83626,0,1.00000,2026-09-17,2026-09-17,Si,Si-9.26,Si,9668006,1000,13004.02,90738.00000,76514.00000,1.00000,83626,83646,2026-08-13 07:00:03,3.86,1.93,1.29,1.29,83626.00000
SiU7,RFUD,Si-9.27,Фьючерсный контракт Si-9.27,91712,0,1.00000,2027-09-16,2027-09-16,Si,Si-9.27,Si,776,1000,15335.52,99940.00000,83484.00000,1.00000,91712,91712,2026-08-13 07:00:03,4.23,2.12,1.41,1.41,91712.00000
SiZ6,RFUD,Si-12.26,Фьючерсный контракт Si-12.26,84962,0,1.00000,2026-12-17,2026-12-17,Si,Si-12.26,Si,1489822,1000,13395.78,92261.00000,77663.00000,1.00000,84962,85004,2026-08-13 07:00:03,3.93,1.97,1.31,1.31,84962.00000
SiZ7,RFUD,Si-12.27,Фьючерсный контракт Si-12.27,93803,0,1.00000,2027-12-16,2027-12-16,Si,Si-12.27,Si,582,1000,16076.19,102385.00000,85221.00000,1.00000,93803,93803,2026-08-13 07:00:03,4.33,2.17,1.44,1.44,93803.00000
SKU6,RFUD,SAMSUNG-9.26,Фьючерсный контракт SAMSUNG-9.26,186.25,2,0.01000,2026-09-18,2026-09-18,SK,SAMSUNG-9.26,SAMSUNG,2026,1,3682.05,205.42000,167.08000,0.82998,186.25,186.55,2026-08-13 07:00:03,3.06,1.53,1.02,1.02,186.25000
SKZ6,RFUD,SAMSUNG-12.26,Фьючерсный контракт SAMSUNG-12.26,185.97,2,0.01000,2026-12-18,2026-12-18,SK,SAMSUNG-12.26,SAMSUNG,76,1,3763.60,205.50000,166.44000,0.82998,185.97,185.99,2026-08-13 07:00:03,3.06,1.53,1.02,1.02,185.97000
SLVRUBF,RFUD,SLVRUBF,SLVRUBF,172,2,0.01000,2100-01-01,2100-01-01,SL,SLVRUBF,SLVRUBTOM,54256,100,3448.49,189.23000,154.77000,1.00000,172,170.46,2026-08-13 07:00:03,2.27,1.14,0.76,17.20,172.00000
SNU6,RFUD,SNGR-9.26,Фьючерсный контракт SNGR-9.26,17325,0,1.00000,2026-09-17,2026-09-18,SN,SNGR-9.26,SNGR,31604,1000,3619.57,19117.00000,15533.00000,1.00000,17325,17149,2026-08-13 07:00:03,3.43,1.72,1.15,0.00,17325.00000
SNZ6,RFUD,SNGR-12.26,Фьючерсный контракт SNGR-12.26,17868,0,1.00000,2026-12-17,2026-12-18,SN,SNGR-12.26,SNGR,3980,1000,3907.55,19780.00000,15956.00000,1.00000,17868,17739,2026-08-13 07:00:03,3.53,1.77,1.18,0.00,17868.00000
SOU6,RFUD,SIBN-9.26,Фьючерсный контракт SIBN-9.26,5085,0,1.00000,2026-09-17,2026-09-18,SO,SIBN-9.26,SIBN,36492,10,961.60,5561.00000,4609.00000,1.00000,5085,5018,2026-08-13 07:00:03,1.01,0.51,0.33,0.00,5085.00000
SOZ6,RFUD,SIBN-12.26,Фьючерсный контракт SIBN-12.26,5058,0,1.00000,2026-12-17,2026-12-18,SO,SIBN-12.26,SIBN,5018,10,1040.48,5567.00000,4549.00000,1.00000,5058,5016,2026-08-13 07:00:03,1.01,0.51,0.33,0.00,5058.00000
SP500F,RFUD,SP500F,SP500F,772,1,0.10000,2100-01-01,2100-01-01,SP,SP500F,SP500F,910,1,7381.96,810.60000,733.40000,8.29977,772,772.8,2026-08-13 07:00:03,12.68,6.34,4.23,0.00,772.00000
SPH7,RFUD,SBPR-3.27,Фьючерсный контракт SBPR-3.27,30788,0,1.00000,2027-03-18,2027-03-19,SP,SBPR-3.27,SBPR,242,100,5963.85,33687.00000,27889.00000,1.00000,30788,30750,2026-08-13 07:00:03,6.10,3.05,2.03,0.00,30788.00000
SPM7,RFUD,SBPR-6.27,Фьючерсный контракт SBPR-6.27,31587,0,1.00000,2027-06-17,2027-06-18,SP,SBPR-6.27,SBPR,120,100,5973.63,34492.00000,28682.00000,1.00000,31587,31587,2026-08-13 07:00:03,6.26,3.13,2.09,0.00,31587.00000
SPU6,RFUD,SBPR-9.26,Фьючерсный контракт SBPR-9.26,28941,0,1.00000,2026-09-17,2026-09-18,SP,SBPR-9.26,SBPR,88028,100,5184.36,31508.00000,26374.00000,1.00000,28941,28894,2026-08-13 07:00:03,5.73,2.87,1.91,0.00,28941.00000
SPZ6,RFUD,SBPR-12.26,Фьючерсный контракт SBPR-12.26,29903,0,1.00000,2026-12-17,2026-12-18,SP,SBPR-12.26,SBPR,1296,100,5655.35,32671.00000,27135.00000,1.00000,29903,29840,2026-08-13 07:00:03,5.92,2.96,1.97,0.00,29903.00000
SQU6,RFUD,SOXQ-9.26,Фьючерсный контракт SOXQ-9.26,97.55,2,0.01000,2026-09-18,2026-09-18,SQ,SOXQ-9.26,SOXQ,52644,1,1085.55,103.20000,91.90000,0.82998,97.55,97.64,2026-08-13 07:00:03,1.60,0.80,0.54,0.53,97.55000
SQZ6,RFUD,SOXQ-12.26,Фьючерсный контракт SOXQ-12.26,99.15,2,0.01000,2026-12-18,2026-12-18,SQ,SOXQ-12.26,SOXQ,6616,1,1155.99,105.13000,93.17000,0.82998,99.15,99.77,2026-08-13 07:00:03,1.63,0.82,0.54,0.54,99.15000
SRH7,RFUD,SBRF-3.27,Фьючерсный контракт SBRF-3.27,30856,0,1.00000,2027-03-18,2027-03-19,SR,SBRF-3.27,SBRF,2182,100,5955.01,33751.00000,27961.00000,1.00000,30856,30820,2026-08-13 07:00:03,6.11,3.06,2.04,0.00,30856.00000
SRM7,RFUD,SBRF-6.27,Фьючерсный контракт SBRF-6.27,31511,0,1.00000,2027-06-17,2027-06-18,SR,SBRF-6.27,SBRF,962,100,5960.34,34410.00000,28612.00000,1.00000,31511,31511,2026-08-13 07:00:03,6.24,3.12,2.08,0.00,31511.00000
SRU6,RFUD,SBRF-9.26,Фьючерсный контракт SBRF-9.26,28885,0,1.00000,2026-09-17,2026-09-18,SR,SBRF-9.26,SBRF,1177450,100,5173.07,31446.00000,26324.00000,1.00000,28885,28791,2026-08-13 07:00:03,5.72,2.86,1.91,0.00,28885.00000
SRZ6,RFUD,SBRF-12.26,Фьючерсный контракт SBRF-12.26,29845,0,1.00000,2026-12-17,2026-12-18,SR,SBRF-12.26,SBRF,25966,100,5785.45,32607.00000,27083.00000,1.00000,29845,29753,2026-08-13 07:00:03,5.91,2.96,1.97,0.00,29845.00000
SSU6,RFUD,SMLT-9.26,Фьючерсный контракт SMLT-9.26,405,0,1.00000,2026-09-17,2026-09-18,SS,SMLT-9.26,SMLT,2773182,1,207.72,507.00000,303.00000,1.00000,405,394,2026-08-13 07:00:03,0.08,0.04,0.03,0.00,405.00000
SSZ6,RFUD,SMLT-12.26,Фьючерсный контракт SMLT-12.26,414,0,1.00000,2026-12-17,2026-12-18,SS,SMLT-12.26,SMLT,241172,1,215.98,519.00000,309.00000,1.00000,414,404,2026-08-13 07:00:03,0.08,0.04,0.03,0.00,414.00000
SuQ6,RFUD,SUGAR-8.26,Фьючерсный контракт SUGAR-8.26,62900,0,10.00000,2026-08-14,2026-08-14,Su,SUGAR-8.26,SUGAR,582,100,1008.40,67940.00000,57860.00000,1.00000,62900,61580,2026-08-13 07:00:03,0.83,0.42,0.28,0.28,62900.00000
SuU6,RFUD,SUGAR-9.26,Фьючерсный контракт SUGAR-9.26,66490,0,10.00000,2026-09-15,2026-09-15,Su,SUGAR-9.26,SUGAR,488,100,1075.93,71820.00000,61160.00000,1.00000,66490,65640,2026-08-13 07:00:03,0.87,0.44,0.29,0.29,66490.00000
SuV6,RFUD,SUGAR-10.26,Фьючерсный контракт SUGAR-10.26,65550,0,10.00000,2026-10-15,2026-10-15,Su,SUGAR-10.26,SUGAR,20,100,1134.07,71130.00000,59970.00000,1.00000,65550,65190,2026-08-13 07:00:03,0.87,0.44,0.29,0.29,65550.00000
SVH7,RFUD,SILV-3.27,Фьючерсный контракт SILV-3.27,69.54,2,0.01000,2027-03-19,2027-03-19,SV,SILV-3.27,SILV,1442,10,13173.17,78.45000,60.63000,8.29977,69.54,69.26,2026-08-13 07:00:03,7.62,3.81,2.54,2.54,69.54000
SVM7,RFUD,SILV-6.27,Фьючерсный контракт SILV-6.27,71.69,2,0.01000,2027-06-18,2027-06-18,SV,SILV-6.27,SILV,918,10,13508.47,80.80000,62.58000,8.29977,71.69,71.17,2026-08-13 07:00:03,7.86,3.93,2.62,2.62,71.69000
SVU6,RFUD,SILV-9.26,Фьючерсный контракт SILV-9.26,66.32,2,0.01000,2026-09-18,2026-09-18,SV,SILV-9.26,SILV,488900,10,11836.60,74.45000,58.19000,8.29977,66.32,65.76,2026-08-13 07:00:03,7.27,3.64,2.42,2.42,66.32000
SVZ6,RFUD,SILV-12.26,Фьючерсный контракт SILV-12.26,68,2,0.01000,2026-12-18,2026-12-18,SV,SILV-12.26,SILV,34524,10,13160.06,76.68000,59.32000,8.29977,68,67.45,2026-08-13 07:00:03,7.45,3.73,2.49,2.48,68.00000
SXU6,RFUD,STOX-9.26,Фьючерсный контракт STOX-9.26,6621.3,1,0.10000,2026-09-18,2026-09-18,SX,STOX-9.26,STOX,8346,100,923.67,7038.10000,6204.50000,0.09578,6621.3,6615.8,2026-08-13 07:00:03,1.25,0.63,0.42,0.42,6621.30000
SXZ6,RFUD,STOX-12.26,Фьючерсный контракт STOX-12.26,6559.7,1,0.10000,2026-12-18,2026-12-18,SX,STOX-12.26,STOX,582,100,954.33,6988.80000,6130.60000,0.09578,6559.7,6559.7,2026-08-13 07:00:03,1.25,0.63,0.42,0.41,6559.70000
SYU6,RFUD,SONY-9.26,Фьючерсный контракт SONY-9.26,23.5,2,0.01000,2026-09-18,2026-09-18,SY,SONY-9.26,SONY,50,10,5548.32,26.38000,20.62000,8.29977,23.5,23.49,2026-08-13 07:00:03,3.86,1.93,1.29,1.29,23.50000
SYZ6,RFUD,SONY-12.26,Фьючерсный контракт SONY-12.26,23.78,2,0.01000,2026-12-18,2026-12-18,SY,SONY-12.26,SONY,30,10,5657.60,26.71000,20.85000,8.29977,23.78,0,2026-08-13 07:00:03,3.91,1.96,1.30,1.30,23.78000
SZU6,RFUD,SGZH-9.26,Фьючерсный контракт SGZH-9.26,725,0,1.00000,2026-09-17,2026-09-18,SZ,SGZH-9.26,SGZH,616120,1000,539.70,992.00000,458.00000,1.00000,725,719,2026-08-13 07:00:03,0.14,0.07,0.05,0.00,725.00000
SZZ6,RFUD,SGZH-12.26,Фьючерсный контракт SGZH-12.26,686,0,1.00000,2026-12-17,2026-12-18,SZ,SGZH-12.26,SGZH,89654,1000,555.42,957.00000,415.00000,1.00000,686,675,2026-08-13 07:00:03,0.14,0.07,0.05,0.00,686.00000
TBU6,RFUD,T-9.26,Фьючерсный контракт T-9.26,2848,0,1.00000,2026-09-17,2026-09-18,TB,T-9.26,T,773556,10,517.20,3104.00000,2592.00000,1.00000,2848,2822,2026-08-13 07:00:03,0.56,0.28,0.19,0.00,2848.00000
TBZ6,RFUD,T-12.26,Фьючерсный контракт T-12.26,2911,0,1.00000,2026-12-17,2026-12-18,TB,T-12.26,T,50042,10,562.90,3186.00000,2636.00000,1.00000,2911,2879,2026-08-13 07:00:03,0.57,0.29,0.19,0.00,2911.00000
TCU6,RFUD,TENCENT-9.26,Фьючерсный контракт TENCENT-9.26,445.2,1,0.10000,2026-09-18,2026-09-18,TC,TENCENT-9.26,TENCENT,4832,10,6857.33,473.20000,417.20000,10.57560,445.2,446,2026-08-13 07:00:03,9.32,4.66,3.11,3.11,445.20000
TCZ6,RFUD,TENCENT-12.26,Фьючерсный контракт TENCENT-12.26,453.1,1,0.10000,2026-12-18,2026-12-18,TC,TENCENT-12.26,TENCENT,4,10,7099.30,482.00000,424.20000,10.57560,453.1,0,2026-08-13 07:00:03,9.49,4.75,3.16,3.16,453.10000
TLU6,RFUD,TLT-9.26,Фьючерсный контракт TLT-9.26,82.71,2,0.01000,2026-09-18,2026-09-18,TL,TLT-9.26,TLT,3466,10,5233.36,85.43000,79.99000,8.29977,82.71,82.74,2026-08-13 07:00:03,13.60,6.80,4.54,4.53,82.71000
TLZ6,RFUD,TLT-12.26,Фьючерсный контракт TLT-12.26,82.63,2,0.01000,2026-12-18,2026-12-18,TL,TLT-12.26,TLT,1158,10,5553.54,85.51000,79.75000,8.29977,82.63,82.39,2026-08-13 07:00:03,13.58,6.79,4.52,4.53,82.63000
TNU6,RFUD,TRNF-9.26,Фьючерсный контракт TRNF-9.26,1093,0,1.00000,2026-09-17,2026-09-18,TN,TRNF-9.26,TRNF,390554,1,228.13,1205.00000,981.00000,1.00000,1093,1092,2026-08-13 07:00:03,0.21,0.11,0.07,0.00,1093.00000
TNZ6,RFUD,TRNF-12.26,Фьючерсный контракт TRNF-12.26,1129,0,1.00000,2026-12-17,2026-12-18,TN,TRNF-12.26,TRNF,121102,1,246.34,1249.00000,1009.00000,1.00000,1129,1129,2026-08-13 07:00:03,0.23,0.12,0.07,0.00,1129.00000
TOU6,RFUD,TOYOTA-9.26,Фьючерсный контракт TOYOTA-9.26,189.58,2,0.01000,2026-09-18,2026-09-18,TO,TOYOTA-9.26,TOYOTA,24,1,3201.81,206.25000,172.91000,0.82998,189.58,189.4,2026-08-13 07:00:03,3.11,1.56,1.04,1.04,189.58000
TOZ6,RFUD,TOYOTA-12.26,Фьючерсный контракт TOYOTA-12.26,190.52,2,0.01000,2026-12-18,2026-12-18,TO,TOYOTA-12.26,TOYOTA,8,1,3283.88,207.56000,173.48000,0.82998,190.52,190.52,2026-08-13 07:00:03,3.13,1.57,1.04,1.04,190.52000
TPU6,RFUD,TATP-9.26,Фьючерсный контракт TATP-9.26,5621,0,1.00000,2026-09-17,2026-09-18,TP,TATP-9.26,TATP,49220,10,1175.92,6203.00000,5039.00000,1.00000,5621,5594,2026-08-13 07:00:03,1.11,0.56,0.37,0.00,5621.00000
TPZ6,RFUD,TATP-12.26,Фьючерсный контракт TATP-12.26,5477,0,1.00000,2026-12-17,2026-12-18,TP,TATP-12.26,TATP,1228,10,1261.94,6094.00000,4860.00000,1.00000,5477,5426,2026-08-13 07:00:03,1.08,0.54,0.36,0.00,5477.00000
TRU6,RFUD,UTRY-9.26,Фьючерсный контракт UTRY-9.26,48.2473,4,0.00010,2026-09-17,2026-09-17,TR,UTRY-9.26,UTRY,0,1000,28601.56,54.50980,41.98480,0.17402,48.2473,0,2026-08-13 07:00:03,3.88,1.94,1.29,1.29,48.24730
TRZ6,RFUD,UTRY-12.26,Фьючерсный контракт UTRY-12.26,49.4225,4,0.00010,2026-12-17,2026-12-17,TR,UTRY-12.26,UTRY,0,1000,31775.34,56.24130,42.60370,0.17402,49.4225,0,2026-08-13 07:00:03,3.97,1.99,1.32,1.32,49.42250
TSU6,RFUD,TSM-9.26,Фьючерсный контракт TSM-9.26,434.3,1,0.10000,2026-09-18,2026-09-18,TS,TSM-9.26,TSM,1356,1,9002.80,481.10000,387.50000,8.29977,434.3,433.6,2026-08-13 07:00:03,7.13,3.57,2.38,2.38,434.30000
TSZ6,RFUD,TSM-12.26,Фьючерсный контракт TSM-12.26,447.2,1,0.10000,2026-12-18,2026-12-18,TS,TSM-12.26,TSM,64,1,9207.19,494.90000,399.50000,8.29977,447.2,446.4,2026-08-13 07:00:03,7.35,3.68,2.45,2.45,447.20000
TTU6,RFUD,TATN-9.26,Фьючерсный контракт TATN-9.26,57545,0,1.00000,2026-09-17,2026-09-18,TT,TATN-9.26,TATN,9820,100,10315.22,62653.00000,52437.00000,1.00000,57545,57528,2026-08-13 07:00:03,11.39,5.70,3.79,0.00,57545.00000
TTZ6,RFUD,TATN-12.26,Фьючерсный контракт TATN-12.26,57034,0,1.00000,2026-12-17,2026-12-18,TT,TATN-12.26,TATN,1138,100,11195.62,62513.00000,51555.00000,1.00000,57034,56305,2026-08-13 07:00:03,11.29,5.65,3.76,0.00,57034.00000
TXQ6,RFUD,TRX-8.26,Фьючерсный контракт TRX-8.26,0.3375,4,0.00010,2026-08-28,2026-08-28,TX,TRX-8.26,TRX,3182,1,976.75,0.38850,0.28650,0.82998,0.3375,0.3382,2026-08-13 07:00:03,1.12,0.56,0.56,0.18,0.33750
TXU6,RFUD,TRX-9.26,Фьючерсный контракт TRX-9.26,0.3385,4,0.00010,2026-09-25,2026-09-25,TX,TRX-9.26,TRX,14,1,996.19,0.39030,0.28670,0.82998,0.3385,0,2026-08-13 07:00:03,1.13,0.57,0.56,0.19,0.33850
TXV6,RFUD,TRX-10.26,Фьючерсный контракт TRX-10.26,0.3396,4,0.00010,2026-10-30,2026-10-30,TX,TRX-10.26,TRX,52,1,1004.35,0.39170,0.28750,0.82998,0.3396,0,2026-08-13 07:00:03,1.13,0.57,0.56,0.19,0.33960
TYU6,RFUD,TRY-9.26,Фьючерсный контракт TRY-9.26,1.71,3,0.00100,2026-09-17,2026-09-17,TY,TRY-9.26,TRY,1998,1000,543.58,2.11300,1.30700,1.00000,1.71,1.692,2026-08-13 07:00:03,0.08,0.04,0.03,0.03,1.71000
TYZ6,RFUD,TRY-12.26,Фьючерсный контракт TRY-12.26,1.679,3,0.00100,2026-12-17,2026-12-17,TY,TRY-12.26,TRY,112,1000,568.13,2.09600,1.26200,1.00000,1.679,1.65,2026-08-13 07:00:03,0.07,0.04,0.02,0.03,1.67900
UCH7,RFUD,UCNY-3.27,Фьючерсный контракт UCNY-3.27,6.758,3,0.00100,2027-03-18,2027-03-18,UC,UCNY-3.27,UCNY,34,1000,9168.18,7.23700,6.27900,12.29870,6.758,0,2026-08-13 07:00:03,3.84,1.92,1.28,1.28,6.75800
UCM7,RFUD,UCNY-6.27,Фьючерсный контракт UCNY-6.27,6.787,3,0.00100,2027-06-17,2027-06-17,UC,UCNY-6.27,UCNY,26,1000,9831.85,7.29800,6.27600,12.29870,6.787,0,2026-08-13 07:00:03,3.86,1.93,1.29,1.29,6.78700
UCU6,RFUD,UCNY-9.26,Фьючерсный контракт UCNY-9.26,6.737,3,0.00100,2026-09-17,2026-09-17,UC,UCNY-9.26,UCNY,191954,1000,8018.26,7.16000,6.31400,12.29870,6.737,6.735,2026-08-13 07:00:03,3.83,1.92,1.27,1.28,6.73700
UCZ6,RFUD,UCNY-12.26,Фьючерсный контракт UCNY-12.26,6.729,3,0.00100,2026-12-17,2026-12-17,UC,UCNY-12.26,UCNY,52880,1000,8621.19,7.18200,6.27600,12.29870,6.729,6.73,2026-08-13 07:00:03,3.83,1.92,1.27,1.27,6.72900
UMU6,RFUD,USDM-9.26,Фьючерсный контракт USDM-9.26,83.64,2,0.01000,2026-09-17,2026-09-17,UM,USDM-9.26,USDM,9812,100,1310.10,90.80000,76.48000,1.00000,83.64,83.68,2026-08-13 07:00:03,0.38,0.19,0.12,0.13,83.64000
UMZ6,RFUD,USDM-12.26,Фьючерсный контракт USDM-12.26,85.01,2,0.01000,2026-12-17,2026-12-17,UM,USDM-12.26,USDM,3034,100,1349.36,92.36000,77.66000,1.00000,85.01,85.12,2026-08-13 07:00:03,0.40,0.20,0.14,0.13,85.01000
UNU6,RFUD,UPRO-9.26,Фьючерсный контракт UPRO-9.26,11104,0,1.00000,2026-09-17,2026-09-18,UN,UPRO-9.26,UPRO,9332,10000,2321.77,12253.00000,9955.00000,1.00000,11104,11025,2026-08-13 07:00:03,2.19,1.10,0.73,0.00,11104.00000
UNZ6,RFUD,UPRO-12.26,Фьючерсный контракт UPRO-12.26,11157,0,1.00000,2026-12-17,2026-12-18,UN,UPRO-12.26,UPRO,566,10000,2499.54,12380.00000,9934.00000,1.00000,11157,11366,2026-08-13 07:00:03,2.21,1.11,0.73,0.00,11157.00000
USDRUBF,RFUD,USDRUBF,USDRUBF,83,2,0.01000,2100-01-01,2100-01-01,US,USDRUBF,USDRUBTOM,1185766,1000,12465.35,89.85000,76.15000,10.00000,83,83.1,2026-08-13 07:00:03,3.83,1.92,1.27,83.00,83.00000
UTU6,RFUD,UKZT-9.26,Фьючерсный контракт UKZT-9.26,499.3,1,0.10000,2026-09-17,2026-09-17,UT,UKZT-9.26,UKZT,0,1000,16117.13,542.00000,456.60000,17.92000,499.3,0,2026-08-13 07:00:03,4.14,2.07,1.38,1.38,499.30000
UTZ6,RFUD,UKZT-12.26,Фьючерсный контракт UKZT-12.26,510.4,1,0.10000,2026-12-17,2026-12-17,UT,UKZT-12.26,UKZT,0,1000,16605.88,554.30000,466.50000,17.92000,510.4,0,2026-08-13 07:00:03,4.23,2.12,1.41,1.41,510.40000
VBU6,RFUD,VTBR-9.26,Фьючерсный контракт VTBR-9.26,5814,0,1.00000,2026-09-17,2026-09-18,VB,VTBR-9.26,VTBR,986448,100,1040.79,6329.00000,5299.00000,1.00000,5814,5780,2026-08-13 07:00:03,1.15,0.58,0.38,0.00,5814.00000
VBZ6,RFUD,VTBR-12.26,Фьючерсный контракт VTBR-12.26,6014,0,1.00000,2026-12-17,2026-12-18,VB,VTBR-12.26,VTBR,114522,100,1135.55,6569.00000,5459.00000,1.00000,6014,5993,2026-08-13 07:00:03,1.19,0.60,0.40,0.00,6014.00000
VIQ6,RFUD,RVI-8.26,Фьючерсный контракт RVI-8.26,37.55,2,0.05000,2026-08-20,2026-08-20,VI,RVI-8.26,RVI,2794,1,2509.77,44.10000,31.00000,8.29977,37.55,37.75,2026-08-13 07:00:03,0.41,0.21,0.14,0.14,37.55000
VIU6,RFUD,RVI-9.26,Фьючерсный контракт RVI-9.26,37.2,2,0.05000,2026-09-17,2026-09-17,VI,RVI-9.26,RVI,426,1,2574.36,43.75000,30.65000,8.29977,37.2,36.85,2026-08-13 07:00:03,0.40,0.20,0.14,0.14,37.20000
VIV6,RFUD,RVI-10.26,Фьючерсный контракт RVI-10.26,37.55,2,0.05000,2026-10-15,2026-10-15,VI,RVI-10.26,RVI,0,1,2517.19,44.10000,31.00000,8.29977,37.55,0,2026-08-13 07:00:03,0.41,0.21,0.14,0.14,37.55000
VKU6,RFUD,VKCO-9.26,Фьючерсный контракт VKCO-9.26,1664,0,1.00000,2026-09-17,2026-09-18,VK,VKCO-9.26,VKCO,322882,10,447.39,1885.00000,1443.00000,1.00000,1664,1633,2026-08-13 07:00:03,0.33,0.17,0.11,0.00,1664.00000
VKZ6,RFUD,VKCO-12.26,Фьючерсный контракт VKCO-12.26,1714,0,1.00000,2026-12-17,2026-12-18,VK,VKCO-12.26,VKCO,33044,10,476.31,1947.00000,1481.00000,1.00000,1714,1692,2026-08-13 07:00:03,0.34,0.17,0.12,0.00,1714.00000
W4F7,RFUD,WHEAT-1.27,Фьючерсный контракт WHEAT-1.27,17880,0,10.00000,2027-01-29,2027-01-29,W4,WHEAT-1.27,WHEAT,3640,1,2490.00,18810.00000,16290.00000,10.00000,17880,18000,2026-08-13 17:22:35,2.36,1.18,0.78,0.79,17880.00000
W4G7,RFUD,WHEAT-2.27,Фьючерсный контракт WHEAT-2.27,18250,0,10.00000,2027-02-26,2027-02-26,W4,WHEAT-2.27,WHEAT,2140,1,2531.79,19210.00000,16630.00000,10.00000,18250,18250,2026-08-13 17:22:35,2.41,1.21,0.80,0.80,18250.00000
W4H7,RFUD,WHEAT-3.27,Фьючерсный контракт WHEAT-3.27,18530,0,10.00000,2027-03-31,2027-03-31,W4,WHEAT-3.27,WHEAT,248,1,2547.54,19490.00000,16910.00000,10.00000,18530,18550,2026-08-13 17:22:35,2.45,1.23,0.82,0.82,18530.00000
W4J7,RFUD,WHEAT-4.27,Фьючерсный контракт WHEAT-4.27,18600,0,10.00000,2027-04-30,2027-04-30,W4,WHEAT-4.27,WHEAT,122,1,2537.93,19560.00000,16980.00000,10.00000,18600,18840,2026-08-13 17:22:35,2.45,1.23,0.82,0.82,18600.00000
W4K7,RFUD,WHEAT-5.27,Фьючерсный контракт WHEAT-5.27,18680,0,10.00000,2027-05-31,2027-05-31,W4,WHEAT-5.27,WHEAT,158,1,2541.14,19640.00000,17060.00000,10.00000,18680,18690,2026-08-13 17:22:35,2.47,1.24,0.82,0.82,18680.00000
W4M7,RFUD,WHEAT-6.27,Фьючерсный контракт WHEAT-6.27,18800,0,10.00000,2027-06-30,2027-06-30,W4,WHEAT-6.27,WHEAT,148,1,2550.04,19760.00000,17180.00000,10.00000,18800,19130,2026-08-13 17:22:35,2.48,1.24,0.83,0.83,18800.00000
W4N7,RFUD,WHEAT-7.27,Фьючерсный контракт WHEAT-7.27,19630,0,10.00000,2027-07-30,2027-07-30,W4,WHEAT-7.27,WHEAT,38,1,2571.69,20610.00000,17990.00000,10.00000,19630,19630,2026-08-13 17:22:35,2.59,1.30,0.87,0.86,19630.00000
W4Q6,RFUD,WHEAT-8.26,Фьючерсный контракт WHEAT-8.26,13660,0,10.00000,2026-08-31,2026-08-31,W4,WHEAT-8.26,WHEAT,19798,1,2104.63,14370.00000,12290.00000,10.00000,13660,13510,2026-08-13 17:22:35,1.81,0.91,0.61,0.60,13660.00000
W4U6,RFUD,WHEAT-9.26,Фьючерсный контракт WHEAT-9.26,14960,0,10.00000,2026-09-30,2026-09-30,W4,WHEAT-9.26,WHEAT,23632,1,2216.20,15740.00000,13520.00000,10.00000,14960,14940,2026-08-13 17:22:35,1.98,0.99,0.66,0.66,14960.00000
W4V6,RFUD,WHEAT-10.26,Фьючерсный контракт WHEAT-10.26,15620,0,10.00000,2026-10-30,2026-10-30,W4,WHEAT-10.26,WHEAT,6762,1,2283.27,16430.00000,14150.00000,10.00000,15620,15820,2026-08-13 17:22:35,2.07,1.04,0.69,0.69,15620.00000
W4X6,RFUD,WHEAT-11.26,Фьючерсный контракт WHEAT-11.26,16880,0,10.00000,2026-11-30,2026-11-30,W4,WHEAT-11.26,WHEAT,4822,1,2345.19,17730.00000,15370.00000,10.00000,16880,16980,2026-08-13 17:22:35,2.23,1.12,0.75,0.74,16880.00000
W4Z6,RFUD,WHEAT-12.26,Фьючерсный контракт WHEAT-12.26,17490,0,10.00000,2026-12-30,2026-12-30,W4,WHEAT-12.26,WHEAT,4744,1,2422.52,18380.00000,15940.00000,10.00000,17490,17630,2026-08-13 17:22:35,2.31,1.16,0.77,0.77,17490.00000
WTF7,RFUD,WTI-1.27,Фьючерсный контракт WTI-1.27,77.82,2,0.01000,2027-01-20,2027-01-20,WT,WTI-1.27,WTI,0,10,19216.23,90.77000,64.87000,8.29977,77.82,0,2026-08-13 07:00:03,8.52,4.26,2.84,2.84,77.82000
WTG7,RFUD,WTI-2.27,Фьючерсный контракт WTI-2.27,76.41,2,0.01000,2027-02-22,2027-02-22,WT,WTI-2.27,WTI,0,10,19448.66,89.48000,63.34000,8.29977,76.41,0,2026-08-13 07:00:03,8.37,4.19,2.79,2.79,76.41000
WTQ6,RFUD,WTI-8.26,Фьючерсный контракт WTI-8.26,83.32,2,0.01000,2026-08-20,2026-08-20,WT,WTI-8.26,WTI,2232,10,16885.34,94.97000,71.67000,8.29977,83.32,83.28,2026-08-13 07:00:03,9.13,4.57,3.04,3.04,83.32000
WTU6,RFUD,WTI-9.26,Фьючерсный контракт WTI-9.26,82,2,0.01000,2026-09-22,2026-09-22,WT,WTI-9.26,WTI,50,10,17747.09,94.14000,69.86000,8.29977,82,82,2026-08-13 07:00:03,8.99,4.50,2.99,2.99,82.00000
WTV6,RFUD,WTI-10.26,Фьючерсный контракт WTI-10.26,80.12,2,0.01000,2026-10-20,2026-10-20,WT,WTI-10.26,WTI,10,10,18311.34,92.57000,67.67000,8.29977,80.12,0,2026-08-13 07:00:03,8.78,4.39,2.92,2.93,80.12000
WTX6,RFUD,WTI-11.26,Фьючерсный контракт WTI-11.26,78.84,2,0.01000,2026-11-20,2026-11-20,WT,WTI-11.26,WTI,12,10,18437.70,91.36000,66.32000,8.29977,78.84,78.84,2026-08-13 07:00:03,8.64,4.32,2.88,2.88,78.84000
WTZ6,RFUD,WTI-12.26,Фьючерсный контракт WTI-12.26,79.27,2,0.01000,2026-12-21,2026-12-21,WT,WTI-12.26,WTI,0,10,18882.51,92.04000,66.50000,8.29977,79.27,0,2026-08-13 07:00:03,8.68,4.34,2.89,2.89,79.27000
WUU6,RFUD,WUSH-9.26,Фьючерсный контракт WUSH-9.26,560,0,1.00000,2026-09-17,2026-09-18,WU,WUSH-9.26,WUSH,730708,10,189.25,653.00000,467.00000,1.00000,560,545,2026-08-13 07:00:03,0.11,0.06,0.04,0.00,560.00000
WUZ6,RFUD,WUSH-12.26,Фьючерсный контракт WUSH-12.26,571,0,1.00000,2026-12-17,2026-12-18,WU,WUSH-12.26,WUSH,25000,10,199.36,668.00000,474.00000,1.00000,571,555,2026-08-13 07:00:03,0.12,0.06,0.04,0.00,571.00000
X5U6,RFUD,X5-9.26,Фьючерсный контракт X5-9.26,2147,0,1.00000,2026-09-17,2026-09-18,X5,X5-9.26,X5,992598,1,385.09,2337.00000,1957.00000,1.00000,2147,2135,2026-08-13 07:00:03,0.42,0.21,0.14,0.00,2147.00000
X5Z6,RFUD,X5-12.26,Фьючерсный контракт X5-12.26,2220,0,1.00000,2026-12-17,2026-12-18,X5,X5-12.26,X5,28180,1,420.07,2425.00000,2015.00000,1.00000,2220,2208,2026-08-13 07:00:03,0.44,0.22,0.14,0.00,2220.00000
XIU6,RFUD,XIA-9.26,Фьючерсный контракт XIA-9.26,26.42,2,0.01000,2026-09-18,2026-09-18,XI,XIA-9.26,XIA,1542,100,4715.88,28.34000,24.50000,10.57560,26.42,26.4,2026-08-13 07:00:03,5.53,2.77,1.84,1.84,26.42000
XIZ6,RFUD,XIA-12.26,Фьючерсный контракт XIA-12.26,27.1,2,0.01000,2026-12-18,2026-12-18,XI,XIA-12.26,XIA,82,100,4972.92,29.08000,25.12000,10.57560,27.1,27.57,2026-08-13 07:00:03,5.67,2.84,1.89,1.89,27.10000
XRQ6,RFUD,XRP-8.26,Фьючерсный контракт XRP-8.26,1.0215,4,0.00010,2026-08-28,2026-08-28,XR,XRP-8.26,XRP,10766,1,4226.92,1.24230,0.80070,0.82998,1.0215,1.0215,2026-08-13 07:00:03,3.39,1.70,1.69,0.56,1.02150
XRU6,RFUD,XRP-9.26,Фьючерсный контракт XRP-9.26,1.0282,4,0.00010,2026-09-25,2026-09-25,XR,XRP-9.26,XRP,378,1,4291.86,1.25140,0.80500,0.82998,1.0282,1.0255,2026-08-13 07:00:03,3.41,1.71,1.71,0.56,1.02820
XRV6,RFUD,XRP-10.26,Фьючерсный контракт XRP-10.26,1.0278,4,0.00010,2026-10-30,2026-10-30,XR,XRP-10.26,XRP,28,1,4318.74,1.25200,0.80360,0.82998,1.0278,0,2026-08-13 07:00:03,3.41,1.71,1.71,0.56,1.02780
YDU6,RFUD,YDEX-9.26,Фьючерсный контракт YDEX-9.26,4035,0,1.00000,2026-09-17,2026-09-18,YD,YDEX-9.26,YDEX,500552,1,722.70,4392.00000,3678.00000,1.00000,4035,4023,2026-08-13 07:00:03,0.80,0.40,0.26,0.00,4035.00000
YDZ6,RFUD,YDEX-12.26,Фьючерсный контракт YDEX-12.26,4058,0,1.00000,2026-12-17,2026-12-18,YD,YDEX-12.26,YDEX,29474,1,797.72,4442.00000,3674.00000,1.00000,4058,4053,2026-08-13 07:00:03,0.80,0.40,0.26,0.00,4058.00000
ZCU6,RFUD,ZINC-9.26,Фьючерсный контракт ZINC-9.26,3761,1,0.50000,2026-09-15,2026-09-15,ZC,ZINC-9.26,ZINC,1372,100,3804.57,3959.00000,3563.00000,4.14989,3761,3737,2026-08-13 07:00:03,4.12,2.06,1.37,1.37,3761.00000
ZCZ6,RFUD,ZINC-12.26,Фьючерсный контракт ZINC-12.26,3708,1,0.50000,2026-12-15,2026-12-15,ZC,ZINC-12.26,ZINC,216,100,4290.54,3929.00000,3487.00000,4.14989,3708,3736,2026-08-13 07:00:03,4.07,2.04,1.36,1.35,3708.00000
