SECID,BOARDID,SHORTNAME,SECNAME,PREVSETTLEPRICE,DECIMALS,MINSTEP,LASTTRADEDATE,LASTDELDATE,SECTYPE,LATNAME,ASSETCODE,PREVOPENPOSITION,LOTVOLUME,INITIALMARGIN,HIGHLIMIT,LOWLIMIT,STEPPRICE,LASTSETTLEPRICE,PREVPRICE,IMTIME,BUYSELLFEE,SCALPERFEE,NEGOTIATEDFEE,EXERCISEFEE,SETTLEPRICE_CLR
92Q6,RFUD,AI92-8.26,Фьючерсный контракт AI92-8.26,74140,0,10.00000,2026-08-28,2026-08-28,92,AI92-8.26,AI92,108,1,7772.29,78000.00000,70280.00000,10.00000,74140,73900,2026-08-12 07:00:03,9.79,4.90,3.27,3.26,74140.00000
92U6,RFUD,AI92-9.26,Фьючерсный контракт AI92-9.26,75130,0,10.00000,2026-09-29,2026-09-29,92,AI92-9.26,AI92,130,1,8506.68,79330.00000,70930.00000,10.00000,75130,75130,2026-08-12 07:00:04,9.91,4.96,3.30,3.31,75130.00000
92V6,RFUD,AI92-10.26,Фьючерсный контракт AI92-10.26,74250,0,10.00000,2026-10-29,2026-10-29,92,AI92-10.26,AI92,0,1,8857.64,78600.00000,69900.00000,10.00000,74250,0,2026-08-12 07:00:04,9.81,4.91,3.27,3.27,74250.00000
95Q6,RFUD,AI95-8.26,Фьючерсный контракт AI95-8.26,77280,0,10.00000,2026-08-28,2026-08-28,95,AI95-8.26,AI95,250,1,8877.66,81690.00000,72870.00000,10.00000,77280,77430,2026-08-12 07:00:03,10.21,5.11,3.41,3.40,77280.00000
95U6,RFUD,AI95-9.26,Фьючерсный контракт AI95-9.26,78990,0,10.00000,2026-09-29,2026-09-29,95,AI95-9.26,AI95,190,1,9658.97,83760.00000,74220.00000,10.00000,78990,79560,2026-08-12 07:00:04,10.43,5.22,3.48,3.48,78990.00000
95V6,RFUD,AI95-10.26,Фьючерсный контракт AI95-10.26,79120,0,10.00000,2026-10-29,2026-10-29,95,AI95-10.26,AI95,0,1,10049.74,84060.00000,74180.00000,10.00000,79120,0,2026-08-12 07:00:04,10.45,5.23,3.48,3.48,79120.00000
A2U6,RFUD,ASML-9.26,Фьючерсный контракт ASML-9.26,1801.1,1,0.10000,2026-09-18,2026-09-18,A2,ASML-9.26,ASML,472,1,3880.60,2004.70000,1597.50000,0.82374,1801.1,1795.5,2026-08-12 07:00:03,2.94,1.47,0.98,0.98,1801.10000
A2Z6,RFUD,ASML-12.26,Фьючерсный контракт ASML-12.26,1812.9,1,0.10000,2026-12-18,2026-12-18,A2,ASML-12.26,ASML,134,1,3959.29,2019.80000,1606.00000,0.82374,1812.9,1807.4,2026-08-12 07:00:03,2.96,1.48,0.99,0.99,1812.90000
AAU6,RFUD,AFRICA-9.26,Фьючерсный контракт AFRICA-9.26,70,2,0.01000,2026-09-18,2026-09-18,AA,AFRICA-9.26,AFRICA,130,1,774.33,74.06000,65.94000,0.82374,70,67.61,2026-08-12 07:00:03,1.15,0.58,0.38,0.38,70.00000
AAZ6,RFUD,AFRICA-12.26,Фьючерсный контракт AFRICA-12.26,70.52,2,0.01000,2026-12-18,2026-12-18,AA,AFRICA-12.26,AFRICA,50,1,777.36,74.59000,66.45000,0.82374,70.52,69.13,2026-08-12 07:00:04,1.15,0.58,0.38,0.38,70.52000
AEU6,RFUD,AED-9.26,Фьючерсный контракт AED-9.26,22.656,3,0.00100,2026-09-17,2026-09-17,AE,AED-9.26,AED,98,1000,3553.05,24.59800,20.71400,1.00000,22.656,22.545,2026-08-12 07:00:03,1.05,0.53,0.35,0.35,22.65600
AEZ6,RFUD,AED-12.26,Фьючерсный контракт AED-12.26,23.11,3,0.00100,2026-12-17,2026-12-17,AE,AED-12.26,AED,34,1000,3657.41,25.10200,21.11800,1.00000,23.11,0,2026-08-12 07:00:04,1.06,0.53,0.35,0.36,23.11000
AFU6,RFUD,AFLT-9.26,Фьючерсный контракт AFLT-9.26,3662,0,1.00000,2026-09-17,2026-09-18,AF,AFLT-9.26,AFLT,132166,100,948.76,4131.00000,3193.00000,1.00000,3662,3667,2026-08-12 07:00:03,0.73,0.37,0.24,0.00,3662.00000
AFZ6,RFUD,AFLT-12.26,Фьючерсный контракт AFLT-12.26,3756,0,1.00000,2026-12-17,2026-12-18,AF,AFLT-12.26,AFLT,7618,100,1010.96,4250.00000,3262.00000,1.00000,3756,3750,2026-08-12 07:00:03,0.75,0.38,0.25,0.00,3756.00000
AGU6,RFUD,ARGT-9.26,Фьючерсный контракт ARGT-9.26,94.59,2,0.01000,2026-09-18,2026-09-18,AG,ARGT-9.26,ARGT,710,1,1136.49,100.55000,88.63000,0.82374,94.59,0,2026-08-12 07:00:03,1.55,0.78,0.52,0.51,94.59000
AGZ6,RFUD,ARGT-12.26,Фьючерсный контракт ARGT-12.26,95.3,2,0.01000,2026-12-18,2026-12-18,AG,ARGT-12.26,ARGT,38,1,1140.64,101.28000,89.32000,0.82374,95.3,0,2026-08-12 07:00:04,1.55,0.78,0.52,0.52,95.30000
AKU6,RFUD,AFKS-9.26,Фьючерсный контракт AFKS-9.26,9486,0,1.00000,2026-09-17,2026-09-18,AK,AFKS-9.26,AFKS,75218,1000,2454.31,10701.00000,8271.00000,1.00000,9486,9483,2026-08-12 07:00:03,1.88,0.94,0.63,0.00,9486.00000
AKZ6,RFUD,AFKS-12.26,Фьючерсный контракт AFKS-12.26,9775,0,1.00000,2026-12-17,2026-12-18,AK,AFKS-12.26,AFKS,4624,1000,2616.45,11054.00000,8496.00000,1.00000,9775,9743,2026-08-12 07:00:04,1.93,0.97,0.64,0.00,9775.00000
ALU6,RFUD,ALRS-9.26,Фьючерсный контракт ALRS-9.26,2221,0,1.00000,2026-09-17,2026-09-18,AL,ALRS-9.26,ALRS,280742,100,575.46,2505.00000,1937.00000,1.00000,2221,2266,2026-08-12 07:00:03,0.44,0.22,0.14,0.00,2221.00000
ALZ6,RFUD,ALRS-12.26,Фьючерсный контракт ALRS-12.26,2299,0,1.00000,2026-12-17,2026-12-18,AL,ALRS-12.26,ALRS,27744,100,613.67,2599.00000,1999.00000,1.00000,2299,2340,2026-08-12 07:00:04,0.45,0.23,0.15,0.00,2299.00000
ANU6,RFUD,ALUM-9.26,Фьючерсный контракт ALUM-9.26,3378.5,1,0.50000,2026-09-15,2026-09-15,AN,ALUM-9.26,ALUM,72610,100,3397.78,3556.50000,3200.50000,4.11871,3378.5,3398.5,2026-08-12 07:00:03,3.67,1.84,1.22,1.22,3378.50000
ANZ6,RFUD,ALUM-12.26,Фьючерсный контракт ALUM-12.26,3356,1,0.50000,2026-12-15,2026-12-15,AN,ALUM-12.26,ALUM,3484,100,3831.91,3554.50000,3157.50000,4.11871,3356,3373.5,2026-08-12 07:00:03,3.65,1.83,1.22,1.22,3356.00000
APU6,RFUD,SAP-9.26,Фьючерсный контракт SAP-9.26,209.71,2,0.01000,2026-09-18,2026-09-18,AP,SAP-9.26,SAP,6,1,4718.22,234.46000,184.96000,0.82374,209.71,0,2026-08-12 07:00:03,3.42,1.71,1.14,1.14,209.71000
APZ6,RFUD,SAP-12.26,Фьючерсный контракт SAP-12.26,211.68,2,0.01000,2026-12-18,2026-12-18,AP,SAP-12.26,SAP,2,1,4811.15,236.83000,186.53000,0.82374,211.68,0,2026-08-12 07:00:03,3.46,1.73,1.15,1.15,211.68000
ARU6,RFUD,AMD-9.26,Фьючерсный контракт AMD-9.26,22.2,3,0.00100,2026-09-17,2026-09-17,AR,AMD-9.26,AMD,52,100000,6831.30,25.93500,18.46500,1.00000,22.2,22.2,2026-08-12 07:00:03,1.03,0.52,0.35,0.34,22.20000
ARZ6,RFUD,AMD-12.26,Фьючерсный контракт AMD-12.26,23.228,3,0.00100,2026-12-17,2026-12-17,AR,AMD-12.26,AMD,38,100000,6952.03,27.01500,19.44100,1.00000,23.228,23.214,2026-08-12 07:00:04,1.08,0.54,0.36,0.36,23.22800
ASU6,RFUD,ASTR-9.26,Фьючерсный контракт ASTR-9.26,226,0,1.00000,2026-09-17,2026-09-18,AS,ASTR-9.26,ASTR,302664,1,59.14,255.00000,197.00000,1.00000,226,229,2026-08-12 07:00:03,0.05,0.03,0.02,0.00,226.00000
ASZ6,RFUD,ASTR-12.26,Фьючерсный контракт ASTR-12.26,229,0,1.00000,2026-12-17,2026-12-18,AS,ASTR-12.26,ASTR,61952,1,62.92,259.00000,199.00000,1.00000,229,233,2026-08-12 07:00:03,0.05,0.03,0.02,0.00,229.00000
AUU6,RFUD,AUDU-9.26,Фьючерсный контракт AUDU-9.26,0.7058,4,0.00010,2026-09-17,2026-09-17,AU,AUDU-9.26,AUDU,226,1000,7648.05,0.74600,0.66560,8.23742,0.7058,0.7058,2026-08-12 07:00:03,2.68,1.34,0.89,0.90,0.70580
AUZ6,RFUD,AUDU-12.26,Фьючерсный контракт AUDU-12.26,0.707,4,0.00010,2026-12-17,2026-12-17,AU,AUDU-12.26,AUDU,0,1000,8080.91,0.74920,0.66480,8.23742,0.707,0,2026-08-12 07:00:04,2.69,1.35,0.90,0.90,0.70700
BBU6,RFUD,ALIBABA-9.26,Фьючерсный контракт ALIBABA-9.26,128.74,2,0.01000,2026-09-18,2026-09-18,BB,ALIBABA-9.26,ALIBABA,17066,1,1792.20,138.14000,119.34000,0.82374,128.74,128.75,2026-08-12 07:00:03,2.10,1.05,0.70,0.70,128.74000
BBZ6,RFUD,ALIBABA-12.26,Фьючерсный контракт ALIBABA-12.26,131.91,2,0.01000,2026-12-18,2026-12-18,BB,ALIBABA-12.26,ALIBABA,882,1,1846.97,141.56000,122.26000,0.82374,131.91,132.01,2026-08-12 07:00:04,2.15,1.08,0.71,0.72,131.91000
BDU6,RFUD,BAIDU-9.26,Фьючерсный контракт BAIDU-9.26,107.16,2,0.01000,2026-09-18,2026-09-18,BD,BAIDU-9.26,BAIDU,13316,1,1593.92,115.52000,98.80000,0.82374,107.16,108.98,2026-08-12 07:00:03,1.74,0.87,0.58,0.58,107.16000
BDZ6,RFUD,BAIDU-12.26,Фьючерсный контракт BAIDU-12.26,110.84,2,0.01000,2026-12-18,2026-12-18,BD,BAIDU-12.26,BAIDU,388,1,1640.86,119.41000,102.27000,0.82374,110.84,111.04,2026-08-12 07:00:04,1.81,0.91,0.61,0.60,110.84000
BMF7,RFUD,BRM-1.27,Фьючерсный контракт BRM-1.27,82.21,2,0.01000,2027-01-04,2027-01-04,BM,BRM-1.27,BRM,2332,1,1756.43,94.16000,70.26000,0.82374,82.21,82.4,2026-08-12 07:00:03,0.89,0.45,0.30,0.30,82.21000
BMG7,RFUD,BRM-2.27,Фьючерсный контракт BRM-2.27,81.7,2,0.01000,2027-02-01,2027-02-01,BM,BRM-2.27,BRM,1086,1,1787.78,93.82000,69.58000,0.82374,81.7,82.17,2026-08-12 07:00:04,0.89,0.45,0.30,0.30,81.70000
BMH7,RFUD,BRM-3.27,Фьючерсный контракт BRM-3.27,81.66,2,0.01000,2027-03-01,2027-03-01,BM,BRM-3.27,BRM,338,1,1803.53,93.87000,69.45000,0.82374,81.66,82.6,2026-08-12 07:00:04,0.89,0.45,0.30,0.30,81.66000
BMU6,RFUD,BRM-9.26,Фьючерсный контракт BRM-9.26,88.98,2,0.01000,2026-08-31,2026-08-31,BM,BRM-9.26,BRM,109230,1,1569.15,99.85000,78.11000,0.82374,88.98,89.36,2026-08-12 07:00:03,0.97,0.49,0.33,0.32,88.98000
BMV6,RFUD,BRM-10.26,Фьючерсный контракт BRM-10.26,86.77,2,0.01000,2026-10-01,2026-10-01,BM,BRM-10.26,BRM,19732,1,1744.26,98.12000,75.42000,0.82374,86.77,87.02,2026-08-12 07:00:03,0.94,0.47,0.31,0.31,86.77000
BMX6,RFUD,BRM-11.26,Фьючерсный контракт BRM-11.26,84.99,2,0.01000,2026-11-02,2026-11-02,BM,BRM-11.26,BRM,15316,1,1686.39,96.54000,73.44000,0.82374,84.99,85.16,2026-08-12 07:00:03,0.92,0.46,0.31,0.31,84.99000
BMZ6,RFUD,BRM-12.26,Фьючерсный контракт BRM-12.26,83.42,2,0.01000,2026-12-01,2026-12-01,BM,BRM-12.26,BRM,5826,1,1713.09,95.12000,71.72000,0.82374,83.42,83.77,2026-08-12 07:00:03,0.91,0.46,0.30,0.30,83.42000
BNU6,RFUD,BANE-9.26,Фьючерсный контракт BANE-9.26,1292,0,1.00000,2026-09-17,2026-09-18,BN,BANE-9.26,BANE,36414,1,437.37,1508.00000,1076.00000,1.00000,1292,1280,2026-08-12 07:00:03,0.26,0.13,0.09,0.00,1292.00000
BNZ6,RFUD,BANE-12.26,Фьючерсный контракт BANE-12.26,1312,0,1.00000,2026-12-17,2026-12-18,BN,BANE-12.26,BANE,4426,1,460.35,1537.00000,1087.00000,1.00000,1312,1320,2026-08-12 07:00:04,0.26,0.13,0.09,0.00,1312.00000
BRF7,RFUD,BR-1.27,Фьючерсный контракт BR-1.27,82.24,2,0.01000,2027-01-04,2027-01-04,BR,BR-1.27,BR,2762,10,17568.51,94.19000,70.29000,8.23742,82.24,82.28,2026-08-12 07:00:03,8.94,4.47,2.98,2.98,82.24000
BRG7,RFUD,BR-2.27,Фьючерсный контракт BR-2.27,81.83,2,0.01000,2027-02-01,2027-02-01,BR,BR-2.27,BR,888,10,17884.86,93.96000,69.70000,8.23742,81.83,81.88,2026-08-12 07:00:04,8.90,4.45,2.97,2.97,81.83000
BRH7,RFUD,BR-3.27,Фьючерсный контракт BR-3.27,81.58,2,0.01000,2027-03-01,2027-03-01,BR,BR-3.27,BR,236,10,18036.44,93.79000,69.37000,8.23742,81.58,81.7,2026-08-12 07:00:04,8.87,4.44,2.96,2.96,81.58000
BRU6,RFUD,BR-9.26,Фьючерсный контракт BR-9.26,89,2,0.01000,2026-08-31,2026-08-31,BR,BR-9.26,BR,494194,10,15695.03,99.87000,78.13000,8.23742,89,89.32,2026-08-12 07:00:03,9.67,4.84,3.22,3.23,89.00000
BRV6,RFUD,BR-10.26,Фьючерсный контракт BR-10.26,86.77,2,0.01000,2026-10-01,2026-10-01,BR,BR-10.26,BR,74516,10,17446.27,98.12000,75.42000,8.23742,86.77,87.07,2026-08-12 07:00:03,9.44,4.72,3.15,3.14,86.77000
BRX6,RFUD,BR-11.26,Фьючерсный контракт BR-11.26,84.88,2,0.01000,2026-11-02,2026-11-02,BR,BR-11.26,BR,8906,10,16865.50,96.43000,73.33000,8.23742,84.88,85.09,2026-08-12 07:00:03,9.23,4.62,3.08,3.08,84.88000
BRZ6,RFUD,BR-12.26,Фьючерсный контракт BR-12.26,83.56,2,0.01000,2026-12-01,2026-12-01,BR,BR-12.26,BR,5896,10,17137.10,95.27000,71.85000,8.23742,83.56,83.69,2026-08-12 07:00:03,9.08,4.54,3.03,3.03,83.56000
BSU6,RFUD,BSPB-9.26,Фьючерсный контракт BSPB-9.26,2753,0,1.00000,2026-09-17,2026-09-18,BS,BSPB-9.26,BSPB,27076,10,713.64,3106.00000,2400.00000,1.00000,2753,2747,2026-08-12 07:00:03,0.54,0.27,0.18,0.00,2753.00000
BSZ6,RFUD,BSPB-12.26,Фьючерсный контракт BSPB-12.26,2663,0,1.00000,2026-12-17,2026-12-18,BS,BSPB-12.26,BSPB,4526,10,756.66,3033.00000,2293.00000,1.00000,2663,2650,2026-08-12 07:00:03,0.52,0.26,0.17,0.00,2663.00000
BTQ6,RFUD,BTC-8.26,Фьючерсный контракт BTC-8.26,63836,0,1.00000,2026-08-28,2026-08-28,BT,BTC-8.26,BTC,349808,1,1348.52,70936.00000,56736.00000,0.08237,63836,63983,2026-08-12 07:00:03,2.10,1.05,1.05,0.35,63836.00000
BTU6,RFUD,BTC-9.26,Фьючерсный контракт BTC-9.26,64298,0,1.00000,2026-09-25,2026-09-25,BT,BTC-9.26,BTC,81818,1,1355.10,71427.00000,57169.00000,0.08237,64298,64400,2026-08-12 07:00:04,2.12,1.06,1.06,0.35,64298.00000
BTV6,RFUD,BTC-10.26,Фьючерсный контракт BTC-10.26,64819,0,1.00000,2026-10-30,2026-10-30,BT,BTC-10.26,BTC,16752,1,1370.84,72016.00000,57622.00000,0.08237,64819,64970,2026-08-12 07:00:04,2.14,1.07,1.06,0.35,64819.00000
BYU6,RFUD,BYN-9.26,Фьючерсный контракт BYN-9.26,28.05,2,0.01000,2026-09-17,2026-09-17,BY,BYN-9.26,BYN,10,1000,4330.32,30.41000,25.69000,10.00000,28.05,0,2026-08-12 07:00:03,1.29,0.65,0.43,0.43,28.05000
BYZ6,RFUD,BYN-12.26,Фьючерсный контракт BYN-12.26,29.06,2,0.01000,2026-12-17,2026-12-17,BY,BYN-12.26,BYN,10,1000,4463.63,31.49000,26.63000,10.00000,29.06,0,2026-08-12 07:00:04,1.34,0.67,0.45,0.45,29.06000
BZU6,RFUD,BRAZIL-9.26,Фьючерсный контракт BRAZIL-9.26,35.29,2,0.01000,2026-09-18,2026-09-18,BZ,BRAZIL-9.26,BRAZIL,482,1,457.64,37.69000,32.89000,0.82374,35.29,34.12,2026-08-12 07:00:03,0.57,0.29,0.19,0.19,35.29000
BZZ6,RFUD,BRAZIL-12.26,Фьючерсный контракт BRAZIL-12.26,35.38,2,0.01000,2026-12-18,2026-12-18,BZ,BRAZIL-12.26,BRAZIL,106,1,459.09,37.78000,32.98000,0.82374,35.38,35.31,2026-08-12 07:00:04,0.58,0.29,0.19,0.19,35.38000
CAU6,RFUD,UCAD-9.26,Фьючерсный контракт UCAD-9.26,1.3918,4,0.00010,2026-09-17,2026-09-17,CA,UCAD-9.26,UCAD,2,1000,10312.81,1.45850,1.32510,5.90835,1.3918,0,2026-08-12 07:00:03,3.80,1.90,1.27,1.27,1.39180
CAZ6,RFUD,UCAD-12.26,Фьючерсный контракт UCAD-12.26,1.3921,4,0.00010,2026-12-17,2026-12-17,CA,UCAD-12.26,UCAD,0,1000,10759.92,1.46150,1.32270,5.90835,1.3921,0,2026-08-12 07:00:04,3.80,1.90,1.27,1.27,1.39210
CCQ6,RFUD,COCOA-8.26,Фьючерсный контракт COCOA-8.26,460.8,1,0.10000,2026-08-25,2026-08-25,CC,COCOA-8.26,COCOA,1114724,10,802.60,500.70000,420.90000,1.00000,460.8,456.9,2026-08-12 07:00:03,0.61,0.31,0.21,0.20,460.80000
CCX6,RFUD,COCOA-11.26,Фьючерсный контракт COCOA-11.26,476.4,1,0.10000,2026-11-23,2026-11-23,CC,COCOA-11.26,COCOA,161190,10,891.73,520.10000,432.70000,1.00000,476.4,473.7,2026-08-12 07:00:04,0.63,0.32,0.21,0.21,476.40000
CEU6,RFUD,COPPER-9.26,Фьючерсный контракт COPPER-9.26,14248,0,1.00000,2026-09-15,2026-09-15,CE,COPPER-9.26,COPPER,111360,10,1432.93,15000.00000,13496.00000,0.82374,14248,14264,2026-08-12 07:00:03,1.55,0.78,0.52,0.52,14248.00000
CEZ6,RFUD,COPPER-12.26,Фьючерсный контракт COPPER-12.26,14301,0,1.00000,2026-12-15,2026-12-15,CE,COPPER-12.26,COPPER,23924,10,1618.54,15141.00000,13461.00000,0.82374,14301,14343,2026-08-12 07:00:03,1.55,0.78,0.52,0.52,14301.00000
CFU6,RFUD,UCHF-9.26,Фьючерсный контракт UCHF-9.26,0.809,4,0.00010,2026-09-17,2026-09-17,CF,UCHF-9.26,UCHF,390,1000,8560.11,0.84770,0.77030,10.15586,0.809,0.809,2026-08-12 07:00:03,3.79,1.90,1.27,1.27,0.80900
CFZ6,RFUD,UCHF-12.26,Фьючерсный контракт UCHF-12.26,0.8057,4,0.00010,2026-12-17,2026-12-17,CF,UCHF-12.26,UCHF,12,1000,8927.52,0.84600,0.76540,10.15586,0.8057,0,2026-08-12 07:00:04,3.78,1.89,1.26,1.26,0.80570
CIU6,RFUD,CHINA-9.26,Фьючерсный контракт CHINA-9.26,55.94,2,0.01000,2026-09-18,2026-09-18,CI,CHINA-9.26,CHINA,1986,1,618.80,59.18000,52.70000,0.82374,55.94,0,2026-08-12 07:00:03,0.91,0.46,0.30,0.30,55.94000
CIZ6,RFUD,CHINA-12.26,Фьючерсный контракт CHINA-12.26,56.36,2,0.01000,2026-12-18,2026-12-18,CI,CHINA-12.26,CHINA,170,1,621.23,59.61000,53.11000,0.82374,56.36,0,2026-08-12 07:00:04,0.92,0.46,0.31,0.31,56.36000
CKU6,RFUD,CHMFM-9.26,Фьючерсный контракт CHMFM-9.26,6970,0,1.00000,2026-09-17,2026-09-18,CK,CHMFM-9.26,CHMFM,37982,10,1479.12,7702.00000,6238.00000,1.00000,6970,6960,2026-08-12 07:00:03,1.38,0.69,0.46,0.00,6970.00000
CKZ6,RFUD,CHMFM-12.26,Фьючерсный контракт CHMFM-12.26,7194,0,1.00000,2026-12-17,2026-12-18,CK,CHMFM-12.26,CHMFM,2016,10,1594.31,7974.00000,6414.00000,1.00000,7194,7207,2026-08-12 07:00:04,1.43,0.72,0.47,0.00,7194.00000
CMU6,RFUD,CBOM-9.26,Фьючерсный контракт CBOM-9.26,9981,0,1.00000,2026-09-17,2026-09-18,CM,CBOM-9.26,CBOM,44648,1000,3462.32,11695.00000,8267.00000,1.00000,9981,9947,2026-08-12 07:00:03,1.98,0.99,0.66,0.00,9981.00000
CMZ6,RFUD,CBOM-12.26,Фьючерсный контракт CBOM-12.26,9315,0,1.00000,2026-12-17,2026-12-18,CM,CBOM-12.26,CBOM,1666,1000,3621.73,11086.00000,7544.00000,1.00000,9315,9414,2026-08-12 07:00:04,1.84,0.92,0.61,0.00,9315.00000
CNYRUBF,RFUD,CNYRUBF,CNYRUBF,12.245,3,0.00100,2100-01-01,2100-01-01,CN,CNYRUBF,CNYRUBTOM,19189296,1000,983.19,12.78500,11.70500,1.00000,12.245,12.251,2026-08-12 07:00:03,0.57,0.29,0.19,12.25,12.24500
CRH7,RFUD,CNY-3.27,Фьючерсный контракт CNY-3.27,12.8,3,0.00100,2027-03-18,2027-03-18,CR,CNY-3.27,CNY,133472,1000,1312.73,13.50700,12.09300,1.00000,12.8,12.8,2026-08-12 07:00:03,0.59,0.30,0.19,0.20,12.80000
CRM7,RFUD,CNY-6.27,Фьючерсный контракт CNY-6.27,13.009,3,0.00100,2027-06-17,2027-06-17,CR,CNY-6.27,CNY,60362,1000,1461.37,13.79000,12.22800,1.00000,13.009,13.007,2026-08-12 07:00:03,0.61,0.31,0.21,0.20,13.00900
CRU6,RFUD,CNY-9.26,Фьючерсный контракт CNY-9.26,12.357,3,0.00100,2026-09-17,2026-09-17,CR,CNY-9.26,CNY,49660776,1000,1111.75,12.96200,11.75200,1.00000,12.357,12.359,2026-08-12 07:00:03,0.57,0.29,0.19,0.19,12.35700
CRU7,RFUD,CNY-9.27,Фьючерсный контракт CNY-9.27,13.294,3,0.00100,2027-09-16,2027-09-16,CR,CNY-9.27,CNY,3948,1000,1619.17,14.07500,12.51300,1.00000,13.294,13.281,2026-08-12 07:00:03,0.61,0.31,0.21,0.20,13.29400
CRZ6,RFUD,CNY-12.26,Фьючерсный контракт CNY-12.26,12.568,3,0.00100,2026-12-17,2026-12-17,CR,CNY-12.26,CNY,5724456,1000,1282.49,13.25900,11.87700,1.00000,12.568,12.573,2026-08-12 07:00:03,0.58,0.29,0.19,0.19,12.56800
CRZ7,RFUD,CNY-12.27,Фьючерсный контракт CNY-12.27,13.588,3,0.00100,2027-12-16,2027-12-16,CR,CNY-12.27,CNY,918,1000,1784.89,14.44400,12.73200,1.00000,13.588,13.549,2026-08-12 07:00:04,0.63,0.32,0.21,0.21,13.58800
CSU6,RFUD,CNI-9.26,Фьючерсный контракт CNI-9.26,5680,0,1.00000,2026-09-17,2026-09-17,CS,CNI-9.26,CNI,580,1,687.30,6020.00000,5340.00000,1.00000,5680,5763,2026-08-12 07:00:03,0.38,0.19,0.12,0.12,5680.00000
CSZ6,RFUD,CNI-12.26,Фьючерсный контракт CNI-12.26,5835,0,1.00000,2026-12-17,2026-12-17,CS,CNI-12.26,CNI,94,1,774.61,6214.00000,5456.00000,1.00000,5835,5888,2026-08-12 07:00:04,0.38,0.19,0.12,0.13,5835.00000
DDU6,RFUD,PDD-9.26,Фьючерсный контракт PDD-9.26,90.72,2,0.01000,2026-09-18,2026-09-18,DD,PDD-9.26,PDD,78,1,4375.37,113.67000,67.77000,0.82374,90.72,0,2026-08-12 07:00:03,1.48,0.74,0.49,0.49,90.72000
DDZ6,RFUD,PDD-12.26,Фьючерсный контракт PDD-12.26,94.6,2,0.01000,2026-12-18,2026-12-18,DD,PDD-12.26,PDD,26,1,4427.03,117.74000,71.46000,0.82374,94.6,0,2026-08-12 07:00:03,1.55,0.78,0.52,0.51,94.60000
DJU6,RFUD,DJ30-9.26,Фьючерсный контракт DJ30-9.26,539.5,1,0.10000,2026-09-18,2026-09-18,DJ,DJ30-9.26,DJ30,852,1,5453.68,568.10000,510.90000,8.23742,539.5,538.5,2026-08-12 07:00:03,8.80,4.40,2.94,2.93,539.50000
DJZ6,RFUD,DJ30-12.26,Фьючерсный контракт DJ30-12.26,538.6,1,0.10000,2026-12-18,2026-12-18,DJ,DJ30-12.26,DJ30,76,1,5662.39,568.20000,509.00000,8.23742,538.6,0,2026-08-12 07:00:04,8.78,4.39,2.92,2.93,538.60000
DLQ6,RFUD,DTL-8.26,Фьючерсный контракт DTL-8.26,74060,0,10.00000,2026-08-28,2026-08-28,DL,DTL-8.26,DTL,814,1,7763.90,77920.00000,70200.00000,10.00000,74060,74020,2026-08-12 07:00:03,9.77,4.89,3.25,3.26,74060.00000
DLU6,RFUD,DTL-9.26,Фьючерсный контракт DTL-9.26,73500,0,10.00000,2026-09-29,2026-09-29,DL,DTL-9.26,DTL,134,1,8477.00,77680.00000,69320.00000,10.00000,73500,0,2026-08-12 07:00:04,9.70,4.85,3.23,3.23,73500.00000
DLV6,RFUD,DTL-10.26,Фьючерсный контракт DTL-10.26,73720,0,10.00000,2026-10-29,2026-10-29,DL,DTL-10.26,DTL,6,1,8840.13,78060.00000,69380.00000,10.00000,73720,0,2026-08-12 07:00:04,9.74,4.87,3.25,3.24,73720.00000
DRU6,RFUD,DOMRF-9.26,Фьючерсный контракт DOMRF-9.26,2290,0,1.00000,2026-09-17,2026-09-18,DR,DOMRF-9.26,DOMRF,72272,1,592.84,2583.00000,1997.00000,1.00000,2290,2281,2026-08-12 07:00:03,0.45,0.23,0.15,0.00,2290.00000
DRZ6,RFUD,DOMRF-12.26,Фьючерсный контракт DOMRF-12.26,2363,0,1.00000,2026-12-17,2026-12-18,DR,DOMRF-12.26,DOMRF,12968,1,632.05,2672.00000,2054.00000,1.00000,2363,2359,2026-08-12 07:00:03,0.47,0.24,0.16,0.00,2363.00000
DXU6,RFUD,DAX-9.26,Фьючерсный контракт DAX-9.26,21643,0,1.00000,2026-09-18,2026-09-18,DX,DAX-9.26,DAX,9162,100,2051.34,22574.00000,20712.00000,0.95183,21643,21640,2026-08-12 07:00:03,4.08,2.04,1.36,1.36,21643.00000
DXZ6,RFUD,DAX-12.26,Фьючерсный контракт DAX-12.26,21524,0,1.00000,2026-12-18,2026-12-18,DX,DAX-12.26,DAX,1104,100,2145.43,22495.00000,20553.00000,0.95183,21524,21524,2026-08-12 07:00:04,4.05,2.03,1.35,1.35,21524.00000
EAU6,RFUD,ENPG-9.26,Фьючерсный контракт ENPG-9.26,3339,0,1.00000,2026-09-17,2026-09-18,EA,ENPG-9.26,ENPG,24086,10,864.65,3767.00000,2911.00000,1.00000,3339,3341,2026-08-12 07:00:03,0.66,0.33,0.22,0.00,3339.00000
EAZ6,RFUD,ENPG-12.26,Фьючерсный контракт ENPG-12.26,3455,0,1.00000,2026-12-17,2026-12-18,EA,ENPG-12.26,ENPG,4694,10,922.07,3906.00000,3004.00000,1.00000,3455,3455,2026-08-12 07:00:04,0.68,0.34,0.23,0.00,3455.00000
ECU6,RFUD,ECAD-9.26,Фьючерсный контракт ECAD-9.26,1.6218,4,0.00010,2026-09-17,2026-09-17,EC,ECAD-9.26,ECAD,0,1000,13270.11,1.70760,1.53600,5.90835,1.6218,0,2026-08-12 07:00:03,4.42,2.21,1.48,1.48,1.62180
ECZ6,RFUD,ECAD-12.26,Фьючерсный контракт ECAD-12.26,1.6255,4,0.00010,2026-12-17,2026-12-17,EC,ECAD-12.26,ECAD,0,1000,13798.40,1.71440,1.53660,5.90835,1.6255,0,2026-08-12 07:00:04,4.44,2.22,1.48,1.48,1.62550
EDH7,RFUD,ED-3.27,Фьючерсный контракт ED-3.27,1.1523,4,0.00010,2027-03-18,2027-03-18,ED,ED-3.27,ED,40,1000,7182.12,1.20840,1.09620,8.23742,1.1523,0,2026-08-12 07:00:03,4.39,2.20,1.46,1.46,1.15230
EDM7,RFUD,ED-6.27,Фьючерсный контракт ED-6.27,1.1537,4,0.00010,2027-06-17,2027-06-17,ED,ED-6.27,ED,12,1000,7912.35,1.21520,1.09220,8.23742,1.1537,0,2026-08-12 07:00:04,4.39,2.20,1.46,1.46,1.15370
EDU6,RFUD,ED-9.26,Фьючерсный контракт ED-9.26,1.1523,4,0.00010,2026-09-17,2026-09-17,ED,ED-9.26,ED,761704,1000,5910.97,1.19890,1.10570,8.23742,1.1523,1.1522,2026-08-12 07:00:03,4.39,2.20,1.46,1.46,1.15230
EDZ6,RFUD,ED-12.26,Фьючерсный контракт ED-12.26,1.152,4,0.00010,2026-12-17,2026-12-17,ED,ED-12.26,ED,3712,1000,6577.47,1.20360,1.10040,8.23742,1.152,1.1514,2026-08-12 07:00:03,4.38,2.19,1.46,1.46,1.15200
EGU6,RFUD,EGBP-9.26,Фьючерсный контракт EGBP-9.26,0.9078,4,0.00010,2026-09-17,2026-09-17,EG,EGBP-9.26,EGBP,0,1000,11848.15,0.95580,0.85980,11.13782,0.9078,0,2026-08-12 07:00:03,4.67,2.34,1.55,1.56,0.90780
EGZ6,RFUD,EGBP-12.26,Фьючерсный контракт EGBP-12.26,0.91,4,0.00010,2026-12-17,2026-12-17,EG,EGBP-12.26,EGBP,0,1000,12319.99,0.95980,0.86020,11.13782,0.91,0,2026-08-12 07:00:04,4.68,2.34,1.56,1.56,0.91000
EHQ6,RFUD,ETH-8.26,Фьючерсный контракт ETH-8.26,1872.5,1,0.10000,2026-08-28,2026-08-28,EH,ETH-8.26,ETH,85654,1,626.72,2202.40000,1542.60000,0.08237,1872.5,1893.7,2026-08-12 07:00:03,0.61,0.31,0.31,0.10,1872.50000
EHU6,RFUD,ETH-9.26,Фьючерсный контракт ETH-9.26,1882.8,1,0.10000,2026-09-25,2026-09-25,EH,ETH-9.26,ETH,50172,1,628.84,2213.60000,1552.00000,0.08237,1882.8,1903.4,2026-08-12 07:00:04,0.62,0.31,0.31,0.10,1882.80000
EHV6,RFUD,ETH-10.26,Фьючерсный контракт ETH-10.26,1904.4,1,0.10000,2026-10-30,2026-10-30,EH,ETH-10.26,ETH,19678,1,633.97,2237.20000,1571.60000,0.08237,1904.4,1909,2026-08-12 07:00:04,0.63,0.32,0.31,0.10,1904.40000
EJU6,RFUD,EJPY-9.26,Фьючерсный контракт EJPY-9.26,180.92,2,0.01000,2026-09-17,2026-09-17,EJ,EJPY-9.26,EJPY,0,1000,10856.10,190.50000,171.34000,5.21550,180.92,0,2026-08-12 07:00:03,4.36,2.18,1.46,1.45,180.92000
EJZ6,RFUD,EJPY-12.26,Фьючерсный контракт EJPY-12.26,181.13,2,0.01000,2026-12-17,2026-12-17,EJ,EJPY-12.26,EJPY,0,1000,11287.18,191.05000,171.21000,5.21550,181.13,0,2026-08-12 07:00:04,4.37,2.19,1.46,1.45,181.13000
EMU6,RFUD,EM-9.26,Фьючерсный контракт EM-9.26,65.83,2,0.01000,2026-09-18,2026-09-18,EM,EM-9.26,EM,996,1,665.46,69.32000,62.34000,0.82374,65.83,66,2026-08-12 07:00:03,1.08,0.54,0.36,0.36,65.83000
EMZ6,RFUD,EM-12.26,Фьючерсный контракт EM-12.26,66.83,2,0.01000,2026-12-18,2026-12-18,EM,EM-12.26,EM,104,1,691.96,70.44000,63.22000,0.82374,66.83,0,2026-08-12 07:00:04,1.09,0.55,0.36,0.36,66.83000
ERU6,RFUD,EURM-9.26,Фьючерсный контракт EURM-9.26,95.95,2,0.01000,2026-09-17,2026-09-17,ER,EURM-9.26,EURM,1528,100,1504.75,104.17000,87.73000,1.00000,95.95,95.87,2026-08-12 07:00:04,0.44,0.22,0.14,0.15,95.95000
ERZ6,RFUD,EURM-12.26,Фьючерсный контракт EURM-12.26,97.52,2,0.01000,2026-12-17,2026-12-17,ER,EURM-12.26,EURM,274,100,1548.60,105.95000,89.09000,1.00000,97.52,97.52,2026-08-12 07:00:04,0.45,0.23,0.15,0.15,97.52000
ETU6,RFUD,ETHA-9.26,Фьючерсный контракт ETHA-9.26,14.24,2,0.01000,2026-09-18,2026-09-18,ET,ETHA-9.26,ETHA,383070,1,483.25,16.77000,11.71000,0.82374,14.24,14.38,2026-08-12 07:00:03,0.47,0.24,0.23,0.08,14.24000
ETZ6,RFUD,ETHA-12.26,Фьючерсный контракт ETHA-12.26,14.83,2,0.01000,2026-12-18,2026-12-18,ET,ETHA-12.26,ETHA,46310,1,490.59,17.39000,12.27000,0.82374,14.83,14.86,2026-08-12 07:00:04,0.49,0.25,0.24,0.08,14.83000
EuH7,RFUD,Eu-3.27,Фьючерсный контракт Eu-3.27,100103,0,1.00000,2027-03-18,2027-03-18,Eu,Eu-3.27,Eu,388,1000,16188.57,108778.00000,91428.00000,1.00000,100103,100043,2026-08-12 07:00:03,4.63,2.32,1.55,1.54,100103.00000
EuM7,RFUD,Eu-6.27,Фьючерсный контракт Eu-6.27,101960,0,1.00000,2027-06-17,2027-06-17,Eu,Eu-6.27,Eu,30,1000,16954.19,111001.00000,92919.00000,1.00000,101960,101960,2026-08-12 07:00:04,4.71,2.36,1.57,1.57,101960.00000
EURRUBF,RFUD,EURRUBF,EURRUBF,95.18,2,0.01000,2100-01-01,2100-01-01,EU,EURRUBF,EURRUBTOM,142152,1000,14295.51,103.04000,87.32000,10.00000,95.18,95.47,2026-08-12 07:00:03,4.40,2.20,1.46,95.18,95.18000
EuU6,RFUD,Eu-9.26,Фьючерсный контракт Eu-9.26,95997,0,1.00000,2026-09-17,2026-09-17,Eu,Eu-9.26,Eu,1517330,1000,14932.03,104162.00000,87832.00000,1.00000,95997,95946,2026-08-12 07:00:03,4.44,2.22,1.48,1.48,95997.00000
EuZ6,RFUD,Eu-12.26,Фьючерсный контракт Eu-12.26,97674,0,1.00000,2026-12-17,2026-12-17,Eu,Eu-12.26,Eu,248444,1000,15561.71,106049.00000,89299.00000,1.00000,97674,97697,2026-08-12 07:00:03,4.51,2.26,1.50,1.50,97674.00000
FEU6,RFUD,FESH-9.26,Фьючерсный контракт FESH-9.26,6254,0,1.00000,2026-09-17,2026-09-18,FE,FESH-9.26,FESH,18400,100,1620.93,7056.00000,5452.00000,1.00000,6254,6264,2026-08-12 07:00:03,1.24,0.62,0.42,0.00,6254.00000
FEZ6,RFUD,FESH-12.26,Фьючерсный контракт FESH-12.26,6370,0,1.00000,2026-12-17,2026-12-18,FE,FESH-12.26,FESH,600,100,1726.12,7214.00000,5526.00000,1.00000,6370,6370,2026-08-12 07:00:03,1.27,0.64,0.42,0.00,6370.00000
FFQ6,RFUD,TTF-8.26,Фьючерсный контракт TTF-8.26,60.28,3,0.00500,2026-08-28,2026-08-28,FF,TTF-8.26,TTF,131646,1,2895.79,73.42500,47.13500,0.47592,60.28,60.5,2026-08-12 07:00:04,0.76,0.38,0.26,0.25,60.28000
FFU6,RFUD,TTF-9.26,Фьючерсный контракт TTF-9.26,60.295,3,0.00500,2026-09-30,2026-09-30,FF,TTF-9.26,TTF,25102,1,3017.63,73.82500,46.76500,0.47592,60.295,60.435,2026-08-12 07:00:04,0.76,0.38,0.26,0.25,60.29500
FLU6,RFUD,FLOT-9.26,Фьючерсный контракт FLOT-9.26,8015,0,1.00000,2026-09-17,2026-09-18,FL,FLOT-9.26,FLOT,8986,100,1676.15,8844.00000,7186.00000,1.00000,8015,8001,2026-08-12 07:00:03,1.58,0.79,0.52,0.00,8015.00000
FLZ6,RFUD,FLOT-12.26,Фьючерсный контракт FLOT-12.26,8164,0,1.00000,2026-12-17,2026-12-18,FL,FLOT-12.26,FLOT,520,100,1805.75,9047.00000,7281.00000,1.00000,8164,8206,2026-08-12 07:00:03,1.62,0.81,0.54,0.00,8164.00000
FNU6,RFUD,FNI-9.26,Фьючерсный контракт FNI-9.26,8965,0,1.00000,2026-09-17,2026-09-17,FN,FNI-9.26,FNI,12058,1,1356.40,9636.00000,8294.00000,1.00000,8965,9029,2026-08-12 07:00:03,0.59,0.30,0.19,0.20,8965.00000
FNZ6,RFUD,FNI-12.26,Фьючерсный контракт FNI-12.26,9316,0,1.00000,2026-12-17,2026-12-17,FN,FNI-12.26,FNI,236,1,1500.25,10050.00000,8582.00000,1.00000,9316,9316,2026-08-12 07:00:04,0.61,0.31,0.21,0.20,9316.00000
FSU6,RFUD,FEES-9.26,Фьючерсный контракт FEES-9.26,5386,0,1.00000,2026-09-17,2026-09-18,FS,FEES-9.26,FEES,20078,100000,1126.90,5943.00000,4829.00000,1.00000,5386,5414,2026-08-12 07:00:03,1.06,0.53,0.35,0.00,5386.00000
FSZ6,RFUD,FEES-12.26,Фьючерсный контракт FEES-12.26,5569,0,1.00000,2026-12-17,2026-12-18,FS,FEES-12.26,FEES,2834,100000,1215.92,6163.00000,4975.00000,1.00000,5569,5572,2026-08-12 07:00:04,1.10,0.55,0.37,0.00,5569.00000
GAZPF,RFUD,GAZPF,GAZPF,93.59,2,0.01000,2100-01-01,2100-01-01,GA,GAZPF,GAZPF,637654,100,1594.04,101.55000,85.63000,1.00000,93.59,93.72,2026-08-12 07:00:03,2.80,1.40,1.41,9.36,93.59000
GDH7,RFUD,GOLD-3.27,Фьючерсный контракт GOLD-3.27,4480.2,1,0.10000,2027-03-19,2027-03-19,GD,GOLD-3.27,GOLD,854,1,35958.68,4727.30000,4233.10000,8.23742,4480.2,4469.5,2026-08-12 07:00:03,48.71,24.36,16.24,16.24,4480.20000
GDM7,RFUD,GOLD-6.27,Фьючерсный контракт GOLD-6.27,4545,1,0.10000,2027-06-18,2027-06-18,GD,GOLD-6.27,GOLD,416,1,38968.81,4811.50000,4278.50000,8.23742,4545,4538.6,2026-08-12 07:00:04,49.42,24.71,16.47,16.47,4545.00000
GDU6,RFUD,GOLD-9.26,Фьючерсный контракт GOLD-9.26,4389.1,1,0.10000,2026-09-18,2026-09-18,GD,GOLD-9.26,GOLD,332290,1,31818.79,4609.40000,4168.80000,8.23742,4389.1,4373.8,2026-08-12 07:00:03,47.72,23.86,15.91,15.91,4389.10000
GDZ6,RFUD,GOLD-12.26,Фьючерсный контракт GOLD-12.26,4428.6,1,0.10000,2026-12-18,2026-12-18,GD,GOLD-12.26,GOLD,14512,1,33513.88,4659.90000,4197.30000,8.23742,4428.6,4414.5,2026-08-12 07:00:03,48.16,24.08,16.05,16.05,4428.60000
GKU6,RFUD,GMKN-9.26,Фьючерсный контракт GMKN-9.26,1269,0,1.00000,2026-09-17,2026-09-18,GK,GMKN-9.26,GMKN,689756,10,227.67,1381.00000,1157.00000,1.00000,1269,1266,2026-08-12 07:00:03,0.25,0.13,0.09,0.00,1269.00000
GKZ6,RFUD,GMKN-12.26,Фьючерсный контракт GMKN-12.26,1306,0,1.00000,2026-12-17,2026-12-18,GK,GMKN-12.26,GMKN,49410,10,248.01,1427.00000,1185.00000,1.00000,1306,1302,2026-08-12 07:00:03,0.26,0.13,0.09,0.00,1306.00000
GLDRUBF,RFUD,GLDRUBF,GLDRUBF,11540.3,1,0.10000,2100-01-01,2100-01-01,GL,GLDRUBF,GLDRUBTOM,1482462,1,1274.70,12241.00000,10839.60000,0.10000,11540.3,11521.7,2026-08-12 07:00:03,1.53,0.77,0.51,11.54,11540.30000
GLH7,RFUD,GL-3.27,Фьючерсный контракт GL-3.27,12364.5,1,0.10000,2027-03-18,2027-03-18,GL,GL-3.27,GL,7468,1,1515.92,13184.60000,11544.40000,0.10000,12364.5,12290.4,2026-08-12 07:00:03,1.63,0.82,0.54,0.54,12364.50000
GLM7,RFUD,GL-6.27,Фьючерсный контракт GL-6.27,12640,1,0.10000,2027-06-17,2027-06-17,GL,GL-6.27,GL,72796,1,1627.22,13514.90000,11765.10000,0.10000,12640,12625,2026-08-12 07:00:04,1.67,0.84,0.56,0.56,12640.00000
GLU6,RFUD,GL-9.26,Фьючерсный контракт GL-9.26,11702.7,1,0.10000,2026-09-17,2026-09-17,GL,GL-9.26,GL,1125564,1,1398.01,12464.40000,10941.00000,0.10000,11702.7,11669.4,2026-08-12 07:00:03,1.55,0.78,0.52,0.51,11702.70000
GLZ6,RFUD,GL-12.26,Фьючерсный контракт GL-12.26,12029.5,1,0.10000,2026-12-17,2026-12-17,GL,GL-12.26,GL,79246,1,1519.57,12851.10000,11207.90000,0.10000,12029.5,11997.2,2026-08-12 07:00:03,1.58,0.79,0.52,0.53,12029.50000
GNH7,RFUD,GOLDM-3.27,Фьючерсный контракт GOLDM-3.27,4484.7,1,0.10000,2027-03-19,2027-03-19,GN,GOLDM-3.27,GOLDM,386,2,3596.37,4731.80000,4237.60000,0.82374,4484.7,4480.9,2026-08-12 07:00:03,4.87,2.44,1.62,1.63,4484.70000
GNM7,RFUD,GOLDM-6.27,Фьючерсный контракт GOLDM-6.27,4545,1,0.10000,2027-06-18,2027-06-18,GN,GOLDM-6.27,GOLDM,126,2,3896.74,4811.50000,4278.50000,0.82374,4545,4568.2,2026-08-12 07:00:04,4.94,2.47,1.65,1.65,4545.00000
GNU6,RFUD,GOLDM-9.26,Фьючерсный контракт GOLDM-9.26,4388.9,1,0.10000,2026-09-18,2026-09-18,GN,GOLDM-9.26,GOLDM,29980,2,3181.73,4609.20000,4168.60000,0.82374,4388.9,4374.8,2026-08-12 07:00:03,4.77,2.39,1.59,1.59,4388.90000
GNZ6,RFUD,GOLDM-12.26,Фьючерсный контракт GOLDM-12.26,4428.1,1,0.10000,2026-12-18,2026-12-18,GN,GOLDM-12.26,GOLDM,3316,2,3351.20,4659.40000,4196.80000,0.82374,4428.1,4416.6,2026-08-12 07:00:03,4.82,2.41,1.60,1.60,4428.10000
GUU6,RFUD,GBPU-9.26,Фьючерсный контракт GBPU-9.26,1.3457,4,0.00010,2026-09-17,2026-09-17,GU,GBPU-9.26,GBPU,5854,1000,13302.18,1.41560,1.27580,8.23742,1.3457,1.3452,2026-08-12 07:00:03,5.12,2.56,1.71,1.71,1.34570
GUZ6,RFUD,GBPU-12.26,Фьючерсный контракт GBPU-12.26,1.3574,4,0.00010,2026-12-17,2026-12-17,GU,GBPU-12.26,GBPU,4,1000,14128.79,1.43120,1.28360,8.23742,1.3574,1.3574,2026-08-12 07:00:04,5.17,2.59,1.72,1.72,1.35740
GZH7,RFUD,GAZR-3.27,Фьючерсный контракт GAZR-3.27,10163,0,1.00000,2027-03-18,2027-03-19,GZ,GAZR-3.27,GAZR,13218,100,1958.17,11115.00000,9211.00000,1.00000,10163,10150,2026-08-12 07:00:03,2.02,1.01,0.68,0.00,10163.00000
GZM7,RFUD,GAZR-6.27,Фьючерсный контракт GAZR-6.27,10502,0,1.00000,2027-06-17,2027-06-18,GZ,GAZR-6.27,GAZR,2658,100,1963.74,11457.00000,9547.00000,1.00000,10502,10538,2026-08-12 07:00:04,2.08,1.04,0.69,0.00,10502.00000
GZU6,RFUD,GAZR-9.26,Фьючерсный контракт GAZR-9.26,9503,0,1.00000,2026-09-17,2026-09-18,GZ,GAZR-9.26,GAZR,1137822,100,1703.55,10346.00000,8660.00000,1.00000,9503,9499,2026-08-12 07:00:03,1.88,0.94,0.63,0.00,9503.00000
GZZ6,RFUD,GAZR-12.26,Фьючерсный контракт GAZR-12.26,9835,0,1.00000,2026-12-17,2026-12-18,GZ,GAZR-12.26,GAZR,108862,100,1997.48,10743.00000,8927.00000,1.00000,9835,9807,2026-08-12 07:00:03,1.95,0.98,0.65,0.00,9835.00000
HDU6,RFUD,HEAD-9.26,Фьючерсный контракт HEAD-9.26,2932,0,1.00000,2026-09-17,2026-09-18,HD,HEAD-9.26,HEAD,27014,1,758.73,3307.00000,2557.00000,1.00000,2932,2963,2026-08-12 07:00:03,0.58,0.29,0.19,0.00,2932.00000
HDZ6,RFUD,HEAD-12.26,Фьючерсный контракт HEAD-12.26,2869,0,1.00000,2026-12-17,2026-12-18,HD,HEAD-12.26,HEAD,6510,1,805.29,3262.00000,2476.00000,1.00000,2869,2870,2026-08-12 07:00:04,0.57,0.29,0.19,0.00,2869.00000
HKU6,RFUD,HKD-9.26,Фьючерсный контракт HKD-9.26,10.598,3,0.00100,2026-09-17,2026-09-17,HK,HKD-9.26,HKD,76,1000,1646.79,11.82500,9.37100,1.00000,10.598,10.594,2026-08-12 07:00:03,0.49,0.25,0.16,0.16,10.59800
HKZ6,RFUD,HKD-12.26,Фьючерсный контракт HKD-12.26,10.62,3,0.00100,2026-12-17,2026-12-17,HK,HKD-12.26,HKD,70,1000,1749.04,11.87800,9.36200,1.00000,10.62,10.601,2026-08-12 07:00:04,0.49,0.25,0.16,0.16,10.62000
HOU6,RFUD,HOME-9.26,Фьючерсный контракт HOME-9.26,39210,0,10.00000,2026-09-23,2026-09-23,HO,HOME-9.26,HOME,860,1,2833.62,40610.00000,37810.00000,10.00000,39210,39210,2026-08-12 07:00:03,2.59,1.30,0.87,0.86,39210.00000
HOZ6,RFUD,HOME-12.26,Фьючерсный контракт HOME-12.26,40250,0,10.00000,2026-12-23,2026-12-23,HO,HOME-12.26,HOME,20,1,3377.22,41900.00000,38600.00000,10.00000,40250,0,2026-08-12 07:00:04,2.66,1.33,0.89,0.89,40250.00000
HSU6,RFUD,HANG-9.26,Фьючерсный контракт HANG-9.26,26348,0,1.00000,2026-09-18,2026-09-18,HS,HANG-9.26,HANG,104482,1000,275.42,27482.00000,25214.00000,0.10497,26348,26400,2026-08-12 07:00:03,0.54,0.27,0.18,0.18,26348.00000
HSZ6,RFUD,HANG-12.26,Фьючерсный контракт HANG-12.26,26500,0,1.00000,2026-12-18,2026-12-18,HS,HANG-12.26,HANG,6284,1000,288.39,27683.00000,25317.00000,0.10497,26500,26551,2026-08-12 07:00:04,0.55,0.28,0.19,0.18,26500.00000
HXU6,RFUD,HYNIX-9.26,Фьючерсный контракт HYNIX-9.26,1043.1,1,0.10000,2026-09-18,2026-09-18,HX,HYNIX-9.26,HYNIX,40732,1,2048.60,1150.50000,935.70000,0.82374,1043.1,1054.9,2026-08-12 07:00:04,1.70,0.85,0.57,0.57,1043.10000
HXZ6,RFUD,HYNIX-12.26,Фьючерсный контракт HYNIX-12.26,1100,1,0.10000,2026-12-18,2026-12-18,HX,HYNIX-12.26,HYNIX,64,1,2098.10,1209.60000,990.40000,0.82374,1100,1105,2026-08-12 07:00:04,1.79,0.90,0.59,0.60,1100.00000
HYU6,RFUD,HYDR-9.26,Фьючерсный контракт HYDR-9.26,3601,0,1.00000,2026-09-17,2026-09-18,HY,HYDR-9.26,HYDR,29240,10000,752.31,3973.00000,3229.00000,1.00000,3601,3607,2026-08-12 07:00:03,0.71,0.36,0.24,0.00,3601.00000
HYZ6,RFUD,HYDR-12.26,Фьючерсный контракт HYDR-12.26,3686,0,1.00000,2026-12-17,2026-12-18,HY,HYDR-12.26,HYDR,1694,10000,810.95,4082.00000,3290.00000,1.00000,3686,3691,2026-08-12 07:00:03,0.73,0.37,0.24,0.00,3686.00000
I2U6,RFUD,INR-9.26,Фьючерсный контракт INR-9.26,0.8712,4,0.00010,2026-09-17,2026-09-17,I2,INR-9.26,INR,276,10000,1804.46,0.96980,0.77260,1.00000,0.8712,0.8713,2026-08-12 07:00:03,0.40,0.20,0.14,0.13,0.87120
I2Z6,RFUD,INR-12.26,Фьючерсный контракт INR-12.26,0.8857,4,0.00010,2026-12-17,2026-12-17,I2,INR-12.26,INR,18,10000,1845.97,0.98620,0.78520,1.00000,0.8857,0,2026-08-12 07:00:04,0.41,0.21,0.14,0.14,0.88570
IBU6,RFUD,IBIT-9.26,Фьючерсный контракт IBIT-9.26,36.1,2,0.01000,2026-09-18,2026-09-18,IB,IBIT-9.26,IBIT,1212702,1,777.80,40.18000,32.02000,0.82374,36.1,36.23,2026-08-12 07:00:03,1.19,0.60,0.59,0.20,36.10000
IBZ6,RFUD,IBIT-12.26,Фьючерсный контракт IBIT-12.26,37.37,2,0.01000,2026-12-18,2026-12-18,IB,IBIT-12.26,IBIT,49884,1,794.54,41.52000,33.22000,0.82374,37.37,37.49,2026-08-12 07:00:04,1.23,0.62,0.61,0.20,37.37000
IMOEXF,RFUD,IMOEXF,IMOEXF,2324,1,0.50000,2100-01-01,2100-01-01,IM,IMOEXF,IMOEX,2015460,10,2330.83,2440.50000,2207.50000,5.00000,2324,2322.5,2026-08-12 07:00:03,1.53,0.77,0.51,23.24,2324.00000
INU6,RFUD,UINR-9.26,Фьючерсный контракт UINR-9.26,95.7975,4,0.00250,2026-09-17,2026-09-17,IN,UINR-9.26,UINR,0,1000,5373.25,98.38000,93.21500,2.15793,95.7975,0,2026-08-12 07:00:04,3.82,1.91,1.27,1.27,95.79750
INZ6,RFUD,UINR-12.26,Фьючерсный контракт UINR-12.26,96.655,4,0.00250,2026-12-17,2026-12-17,IN,UINR-12.26,UINR,0,1000,5988.05,99.51750,93.79250,2.15793,96.655,0,2026-08-12 07:00:04,3.86,1.93,1.29,1.28,96.65500
IPU6,RFUD,IPO-9.26,Фьючерсный контракт IPO-9.26,503,1,0.50000,2026-09-17,2026-09-17,IP,IPO-9.26,IPO,2052,1,96.43,550.50000,455.50000,0.50000,503,507,2026-08-12 07:00:03,0.03,0.02,0.02,0.01,503.00000
IPZ6,RFUD,IPO-12.26,Фьючерсный контракт IPO-12.26,518,1,0.50000,2026-12-17,2026-12-17,IP,IPO-12.26,IPO,916,1,104.66,569.00000,467.00000,0.50000,518,515.5,2026-08-12 07:00:04,0.03,0.02,0.02,0.01,518.00000
IRU6,RFUD,IRAO-9.26,Фьючерсный контракт IRAO-9.26,26990,0,1.00000,2026-09-17,2026-09-18,IR,IRAO-9.26,IRAO,8760,10000,6996.54,30453.00000,23527.00000,1.00000,26990,27050,2026-08-12 07:00:03,5.34,2.67,1.78,0.00,26990.00000
IRZ6,RFUD,IRAO-12.26,Фьючерсный контракт IRAO-12.26,27881,0,1.00000,2026-12-17,2026-12-18,IR,IRAO-12.26,IRAO,634,10000,7459.64,31530.00000,24232.00000,1.00000,27881,27917,2026-08-12 07:00:03,5.52,2.76,1.84,0.00,27881.00000
ISU6,RFUD,ISKJ-9.26,Фьючерсный контракт ISKJ-9.26,484,0,1.00000,2026-09-17,2026-09-18,IS,ISKJ-9.26,ISKJ,15392,10,175.15,570.00000,398.00000,1.00000,484,484,2026-08-12 07:00:03,0.10,0.05,0.03,0.00,484.00000
ISZ6,RFUD,ISKJ-12.26,Фьючерсный контракт ISKJ-12.26,491,0,1.00000,2026-12-17,2026-12-18,IS,ISKJ-12.26,ISKJ,2808,10,183.89,580.00000,402.00000,1.00000,491,491,2026-08-12 07:00:04,0.10,0.05,0.03,0.00,491.00000
IVU6,RFUD,IVAT-9.26,Фьючерсный контракт IVAT-9.26,7131,0,1.00000,2026-09-17,2026-09-18,IV,IVAT-9.26,IVAT,6760,100,1951.61,8097.00000,6165.00000,1.00000,7131,7161,2026-08-12 07:00:03,1.41,0.71,0.47,0.00,7131.00000
IVZ6,RFUD,IVAT-12.26,Фьючерсный контракт IVAT-12.26,7143,0,1.00000,2026-12-17,2026-12-18,IV,IVAT-12.26,IVAT,996,100,2070.09,8155.00000,6131.00000,1.00000,7143,7131,2026-08-12 07:00:04,1.41,0.71,0.47,0.00,7143.00000
JDU6,RFUD,JDCOM-9.26,Фьючерсный контракт JDCOM-9.26,31.98,2,0.01000,2026-09-18,2026-09-18,JD,JDCOM-9.26,JDCOM,10,10,7499.92,35.91000,28.05000,8.23742,31.98,32.05,2026-08-12 07:00:03,5.22,2.61,1.74,1.74,31.98000
JDZ6,RFUD,JDCOM-12.26,Фьючерсный контракт JDCOM-12.26,31.68,2,0.01000,2026-12-18,2026-12-18,JD,JDCOM-12.26,JDCOM,6,10,8127.64,35.67000,27.69000,8.23742,31.68,32.53,2026-08-12 10:04:03,5.17,2.59,1.72,1.72,31.68000
JPU6,RFUD,UJPY-9.26,Фьючерсный контракт UJPY-9.26,159.37,2,0.01000,2026-09-17,2026-09-17,JP,UJPY-9.26,UJPY,3132,1000,9562.99,167.81000,150.93000,5.21550,159.37,159.59,2026-08-12 07:00:03,3.84,1.92,1.28,1.28,159.37000
JPZ6,RFUD,UJPY-12.26,Фьючерсный контракт UJPY-12.26,159.8,2,0.01000,2026-12-17,2026-12-17,JP,UJPY-12.26,UJPY,116,1000,9944.07,168.54000,151.06000,5.21550,159.8,159.8,2026-08-12 07:00:04,3.85,1.93,1.29,1.28,159.80000
KCQ6,RFUD,COFFEE-8.26,Фьючерсный контракт COFFEE-8.26,3.384,3,0.00100,2026-08-21,2026-08-21,KC,COFFEE-8.26,COFFEE,370336,10,329.28,3.55700,3.21100,0.82374,3.384,3.346,2026-08-12 07:00:03,0.37,0.19,0.12,0.12,3.38400
KCX6,RFUD,COFFEE-11.26,Фьючерсный контракт COFFEE-11.26,3.248,3,0.00100,2026-11-19,2026-11-19,KC,COFFEE-11.26,COFFEE,89244,10,384.75,3.44700,3.04900,0.82374,3.248,3.25,2026-08-12 07:00:04,0.35,0.18,0.12,0.12,3.24800
KMU6,RFUD,KMAZ-9.26,Фьючерсный контракт KMAZ-9.26,554,0,1.00000,2026-09-17,2026-09-18,KM,KMAZ-9.26,KMAZ,23532,10,194.33,650.00000,458.00000,1.00000,554,555,2026-08-12 07:00:03,0.11,0.06,0.04,0.00,554.00000
KMZ6,RFUD,KMAZ-12.26,Фьючерсный контракт KMAZ-12.26,562,0,1.00000,2026-12-17,2026-12-18,KM,KMAZ-12.26,KMAZ,9472,10,204.26,661.00000,463.00000,1.00000,562,562,2026-08-12 07:00:03,0.11,0.06,0.04,0.00,562.00000
KRU6,RFUD,KOREA-9.26,Фьючерсный контракт KOREA-9.26,166.2,2,0.01000,2026-09-18,2026-09-18,KR,KOREA-9.26,KOREA,2200,1,1838.48,175.84000,156.56000,0.82374,166.2,167,2026-08-12 07:00:04,2.71,1.36,0.90,0.90,166.20000
KRZ6,RFUD,KOREA-12.26,Фьючерсный контракт KOREA-12.26,172.61,2,0.01000,2026-12-18,2026-12-18,KR,KOREA-12.26,KOREA,80,1,1960.18,182.83000,162.39000,0.82374,172.61,173.04,2026-08-12 07:00:04,2.82,1.41,0.94,0.94,172.61000
KZU6,RFUD,KZT-9.26,Фьючерсный контракт KZT-9.26,17.612,3,0.00100,2026-09-17,2026-09-17,KZ,KZT-9.26,KZT,194,100000,2817.55,19.15200,16.07200,1.00000,17.612,17.456,2026-08-12 07:00:03,0.82,0.41,0.28,0.27,17.61200
KZZ6,RFUD,KZT-12.26,Фьючерсный контракт KZT-12.26,17.52,3,0.00100,2026-12-17,2026-12-17,KZ,KZT-12.26,KZT,6,100000,2894.54,19.09700,15.94300,1.00000,17.52,17.868,2026-08-12 07:00:04,0.81,0.41,0.27,0.27,17.52000
LDH7,RFUD,PLDM-3.27,Фьючерсный контракт PLDM-3.27,1417.4,1,0.10000,2027-03-19,2027-03-19,LD,PLDM-3.27,PLDM,98,2,2837.54,1610.90000,1223.90000,0.82374,1417.4,1408.5,2026-08-12 07:00:03,1.55,0.78,0.52,0.51,1417.40000
LDM7,RFUD,PLDM-6.27,Фьючерсный контракт PLDM-6.27,1488.7,1,0.10000,2027-06-18,2027-06-18,LD,PLDM-6.27,PLDM,74,2,2911.64,1686.70000,1290.70000,0.82374,1488.7,1489.8,2026-08-12 07:00:04,1.62,0.81,0.54,0.54,1488.70000
LDU6,RFUD,PLDM-9.26,Фьючерсный контракт PLDM-9.26,1373.7,1,0.10000,2026-09-18,2026-09-18,LD,PLDM-9.26,PLDM,9566,2,2566.96,1551.40000,1196.00000,0.82374,1373.7,1371.1,2026-08-12 07:00:03,1.49,0.75,0.50,0.50,1373.70000
LDZ6,RFUD,PLDM-12.26,Фьючерсный контракт PLDM-12.26,1401.8,1,0.10000,2026-12-18,2026-12-18,LD,PLDM-12.26,PLDM,938,2,2759.87,1590.80000,1212.80000,0.82374,1401.8,1398.3,2026-08-12 07:00:03,1.53,0.77,0.51,0.51,1401.80000
LEU6,RFUD,LEAS-9.26,Фьючерсный контракт LEAS-9.26,672,0,1.00000,2026-09-17,2026-09-18,LE,LEAS-9.26,LEAS,2426,1,142.10,742.00000,602.00000,1.00000,672,672,2026-08-12 07:00:03,0.14,0.07,0.05,0.00,672.00000
LKH7,RFUD,LKOH-3.27,Фьючерсный контракт LKOH-3.27,47669,0,1.00000,2027-03-18,2027-03-19,LK,LKOH-3.27,LKOH,246,10,9753.77,52411.00000,42927.00000,1.00000,47669,47850,2026-08-12 07:00:03,9.44,4.72,3.15,0.00,47669.00000
LKM7,RFUD,LKOH-6.27,Фьючерсный контракт LKOH-6.27,47918,0,1.00000,2027-06-17,2027-06-18,LK,LKOH-6.27,LKOH,124,10,9738.30,52654.00000,43182.00000,1.00000,47918,48150,2026-08-12 07:00:03,9.49,4.75,3.16,0.00,47918.00000
LKU6,RFUD,LKOH-9.26,Фьючерсный контракт LKOH-9.26,47835,0,1.00000,2026-09-17,2026-09-18,LK,LKOH-9.26,LKOH,86824,10,8581.11,52083.00000,43587.00000,1.00000,47835,47863,2026-08-12 07:00:03,9.48,4.74,3.16,0.00,47835.00000
LKZ6,RFUD,LKOH-12.26,Фьючерсный контракт LKOH-12.26,47935,0,1.00000,2026-12-17,2026-12-18,LK,LKOH-12.26,LKOH,2800,10,10118.86,52495.00000,43375.00000,1.00000,47935,47924,2026-08-12 07:00:03,9.49,4.75,3.16,0.00,47935.00000
LNU6,RFUD,LENT-9.26,Фьючерсный контракт LENT-9.26,1979,0,1.00000,2026-09-17,2026-09-18,LN,LENT-9.26,LENT,39294,1,528.29,2240.00000,1718.00000,1.00000,1979,1985,2026-08-12 07:00:04,0.40,0.20,0.14,0.00,1979.00000
LNZ6,RFUD,LENT-12.26,Фьючерсный контракт LENT-12.26,1952,0,1.00000,2026-12-17,2026-12-18,LN,LENT-12.26,LENT,1524,1,560.29,2226.00000,1678.00000,1.00000,1952,1959,2026-08-12 07:00:04,0.38,0.19,0.12,0.00,1952.00000
LTH7,RFUD,PLTM-3.27,Фьючерсный контракт PLTM-3.27,1866.5,1,0.10000,2027-03-19,2027-03-19,LT,PLTM-3.27,PLTM,208,2,3296.35,2090.10000,1642.90000,0.82374,1866.5,1864.1,2026-08-12 07:00:03,2.03,1.02,0.68,0.68,1866.50000
LTM7,RFUD,PLTM-6.27,Фьючерсный контракт PLTM-6.27,1894.1,1,0.10000,2027-06-18,2027-06-18,LT,PLTM-6.27,PLTM,20,2,3233.12,2114.00000,1674.20000,0.82374,1894.1,0,2026-08-12 07:00:04,2.06,1.03,0.68,0.69,1894.10000
LTU6,RFUD,PLTM-9.26,Фьючерсный контракт PLTM-9.26,1772.5,1,0.10000,2026-09-18,2026-09-18,LT,PLTM-9.26,PLTM,13380,2,2805.38,1966.70000,1578.30000,0.82374,1772.5,1772.8,2026-08-12 07:00:03,1.93,0.97,0.64,0.64,1772.50000
LTZ6,RFUD,PLTM-12.26,Фьючерсный контракт PLTM-12.26,1818,1,0.10000,2026-12-18,2026-12-18,LT,PLTM-12.26,PLTM,862,2,3109.88,2030.40000,1605.60000,0.82374,1818,1819.3,2026-08-12 07:00:03,1.98,0.99,0.66,0.66,1818.00000
MAU6,RFUD,MMI-9.26,Фьючерсный контракт MMI-9.26,4743,0,1.00000,2026-09-17,2026-09-17,MA,MMI-9.26,MMI,2388,1,621.83,5050.00000,4436.00000,1.00000,4743,4793,2026-08-12 07:00:03,0.31,0.16,0.10,0.10,4743.00000
MAZ6,RFUD,MMI-12.26,Фьючерсный контракт MMI-12.26,4832,0,1.00000,2026-12-17,2026-12-17,MA,MMI-12.26,MMI,48,1,694.42,5172.00000,4492.00000,1.00000,4832,4818,2026-08-12 07:00:04,0.32,0.16,0.11,0.11,4832.00000
MCU6,RFUD,MTLR-9.26,Фьючерсный контракт MTLR-9.26,4038,0,1.00000,2026-09-17,2026-09-18,MC,MTLR-9.26,MTLR,127226,100,2120.62,5087.00000,2989.00000,1.00000,4038,4059,2026-08-12 07:00:03,0.80,0.40,0.26,0.00,4038.00000
MCZ6,RFUD,MTLR-12.26,Фьючерсный контракт MTLR-12.26,4057,0,1.00000,2026-12-17,2026-12-18,MC,MTLR-12.26,MTLR,9564,100,2201.21,5133.00000,2981.00000,1.00000,4057,4075,2026-08-12 07:00:03,0.80,0.40,0.26,0.00,4057.00000
MDU6,RFUD,MDMG-9.26,Фьючерсный контракт MDMG-9.26,13621,0,1.00000,2026-09-17,2026-09-18,MD,MDMG-9.26,MDMG,4236,10,3534.15,15370.00000,11872.00000,1.00000,13621,13720,2026-08-12 07:00:03,2.70,1.35,0.90,0.00,13621.00000
MDZ6,RFUD,MDMG-12.26,Фьючерсный контракт MDMG-12.26,13867,0,1.00000,2026-12-17,2026-12-18,MD,MDMG-12.26,MDMG,592,10,3763.15,15707.00000,12027.00000,1.00000,13867,13974,2026-08-12 07:00:04,2.75,1.38,0.92,0.00,13867.00000
MEU6,RFUD,MOEX-9.26,Фьючерсный контракт MOEX-9.26,16327,0,1.00000,2026-09-17,2026-09-18,ME,MOEX-9.26,MOEX,143394,100,2927.29,17776.00000,14878.00000,1.00000,16327,16289,2026-08-12 07:00:03,3.23,1.62,1.08,0.00,16327.00000
MEZ6,RFUD,MOEX-12.26,Фьючерсный контракт MOEX-12.26,16875,0,1.00000,2026-12-17,2026-12-18,ME,MOEX-12.26,MOEX,1682,100,3190.66,18436.00000,15314.00000,1.00000,16875,16831,2026-08-12 07:00:03,3.34,1.67,1.11,0.00,16875.00000
MFQ6,RFUD,1MFR-8.26,Фьючерсный контракт 1MFR-8.26,83.58,2,0.01000,2026-08-31,2026-08-31,MF,1MFR-8.26,1MFR,0,1000000,1004.15,84.17000,82.99000,8.49315,83.58,0,2026-08-12 07:00:03,11.71,5.86,3.90,3.90,83.58000
MFU6,RFUD,1MFR-9.26,Фьючерсный контракт 1MFR-9.26,83.58,2,0.01000,2026-09-30,2026-09-30,MF,1MFR-9.26,1MFR,0,1000000,1643.84,84.58000,82.58000,8.21918,83.58,0,2026-08-04 07:00:01,11.34,5.67,3.78,3.78,83.58000
MGU6,RFUD,MAGN-9.26,Фьючерсный контракт MAGN-9.26,22838,0,1.00000,2026-09-17,2026-09-18,MG,MAGN-9.26,MAGN,34860,1000,4101.82,24868.00000,20808.00000,1.00000,22838,22911,2026-08-12 07:00:03,4.52,2.26,1.51,0.00,22838.00000
MGZ6,RFUD,MAGN-12.26,Фьючерсный контракт MAGN-12.26,23554,0,1.00000,2026-12-17,2026-12-18,MG,MAGN-12.26,MAGN,2008,1000,4469.12,25741.00000,21367.00000,1.00000,23554,23556,2026-08-12 07:00:04,4.66,2.33,1.55,0.00,23554.00000
MMH7,RFUD,MXI-3.27,Фьючерсный контракт MXI-3.27,2453.1,2,0.05000,2027-03-18,2027-03-18,MM,MXI-3.27,MXI,3000,1,3196.33,2608.70000,2297.50000,0.50000,2453.1,2453.1,2026-08-12 07:00:03,1.62,0.81,0.54,0.54,2453.10000
MMH8,RFUD,MXI-3.28,Фьючерсный контракт MXI-3.28,2749.35,2,0.05000,2028-03-16,2028-03-16,MM,MXI-3.28,MXI,70,1,3818.10,2933.00000,2565.70000,0.50000,2749.35,2710,2026-08-12 07:00:03,1.81,0.91,0.61,0.60,2749.35000
MMM7,RFUD,MXI-6.27,Фьючерсный контракт MXI-6.27,2528.1,2,0.05000,2027-06-17,2027-06-17,MM,MXI-6.27,MXI,1536,1,3208.25,2684.30000,2371.90000,0.50000,2528.1,2523.05,2026-08-12 07:00:03,1.67,0.84,0.56,0.56,2528.10000
MMM8,RFUD,MXI-6.28,Фьючерсный контракт MXI-6.28,2800,2,0.05000,2028-06-15,2028-06-15,MM,MXI-6.28,MXI,80,1,4081.98,2995.40000,2604.60000,0.50000,2800,0,2026-08-12 07:00:04,1.85,0.93,0.61,0.62,2800.00000
MMU6,RFUD,MXI-9.26,Фьючерсный контракт MXI-9.26,2355.55,2,0.05000,2026-09-17,2026-09-17,MM,MXI-9.26,MXI,323138,1,2612.38,2484.90000,2226.20000,0.50000,2355.55,2354.6,2026-08-12 07:00:03,1.55,0.78,0.52,0.52,2355.55000
MMU7,RFUD,MXI-9.27,Фьючерсный контракт MXI-9.27,2568,2,0.05000,2027-09-16,2027-09-16,MM,MXI-9.27,MXI,676,1,3292.59,2728.05000,2407.95000,0.50000,2568,2588.95,2026-08-12 07:00:03,1.69,0.85,0.56,0.56,2568.00000
MMZ6,RFUD,MXI-12.26,Фьючерсный контракт MXI-12.26,2400.05,2,0.05000,2026-12-17,2026-12-17,MM,MXI-12.26,MXI,22452,1,2966.77,2545.35000,2254.75000,0.50000,2400.05,2400,2026-08-12 07:00:03,1.58,0.79,0.52,0.53,2400.05000
MMZ7,RFUD,MXI-12.27,Фьючерсный контракт MXI-12.27,2676.2,2,0.05000,2027-12-16,2027-12-16,MM,MXI-12.27,MXI,1072,1,3554.66,2848.05000,2504.35000,0.50000,2676.2,2673,2026-08-12 07:00:03,1.77,0.89,0.59,0.59,2676.20000
MNU6,RFUD,MGNT-9.26,Фьючерсный контракт MGNT-9.26,1892,0,1.00000,2026-09-17,2026-09-18,MN,MGNT-9.26,MGNT,303390,1,432.76,2106.00000,1678.00000,1.00000,1892,1897,2026-08-12 07:00:03,0.38,0.19,0.12,0.00,1892.00000
MNZ6,RFUD,MGNT-12.26,Фьючерсный контракт MGNT-12.26,1957,0,1.00000,2026-12-17,2026-12-18,MN,MGNT-12.26,MGNT,41284,1,464.53,2184.00000,1730.00000,1.00000,1957,1961,2026-08-12 07:00:04,0.38,0.19,0.12,0.00,1957.00000
MTU6,RFUD,MTSI-9.26,Фьючерсный контракт MTSI-9.26,19986,0,1.00000,2026-09-17,2026-09-18,MT,MTSI-9.26,MTSI,19298,100,3585.90,21761.00000,18211.00000,1.00000,19986,19853,2026-08-12 07:00:03,3.96,1.98,1.32,0.00,19986.00000
MTZ6,RFUD,MTSI-12.26,Фьючерсный контракт MTSI-12.26,20494,0,1.00000,2026-12-17,2026-12-18,MT,MTSI-12.26,MTSI,1236,100,3904.52,22404.00000,18584.00000,1.00000,20494,20387,2026-08-12 07:00:04,4.05,2.03,1.35,0.00,20494.00000
MVU6,RFUD,MVID-9.26,Фьючерсный контракт MVID-9.26,483,0,1.00000,2026-09-17,2026-09-18,MV,MVID-9.26,MVID,133778,10,353.19,657.00000,309.00000,1.00000,483,483,2026-08-12 07:00:03,0.09,0.05,0.03,0.00,483.00000
MVZ6,RFUD,MVID-12.26,Фьючерсный контракт MVID-12.26,462,0,1.00000,2026-12-17,2026-12-18,MV,MVID-12.26,MVID,12248,10,363.58,639.00000,285.00000,1.00000,462,467,2026-08-12 07:00:04,0.09,0.05,0.03,0.00,462.00000
MXH7,RFUD,MIX-3.27,Фьючерсный контракт MIX-3.27,245600,0,25.00000,2027-03-18,2027-03-18,MX,MIX-3.27,MIX,692,1,31971.77,261150.00000,230050.00000,25.00000,245600,245300,2026-08-12 07:00:03,16.21,8.11,5.41,5.40,245600.00000
MXH8,RFUD,MIX-3.28,Фьючерсный контракт MIX-3.28,278550,0,25.00000,2028-03-16,2028-03-16,MX,MIX-3.28,MIX,20,1,38357.61,297000.00000,260100.00000,25.00000,278550,0,2026-08-12 07:00:03,18.38,9.19,6.12,6.13,278550.00000
MXM7,RFUD,MIX-6.27,Фьючерсный контракт MIX-6.27,251500,0,25.00000,2027-06-17,2027-06-17,MX,MIX-6.27,MIX,334,1,32041.56,267100.00000,235900.00000,25.00000,251500,251500,2026-08-12 07:00:03,16.59,8.30,5.53,5.53,251500.00000
MXM8,RFUD,MIX-6.28,Фьючерсный контракт MIX-6.28,285050,0,25.00000,2028-06-15,2028-06-15,MX,MIX-6.28,MIX,6,1,41106.47,304725.00000,265375.00000,25.00000,285050,283125,2026-08-12 07:00:04,18.82,9.41,6.28,6.27,285050.00000
MXU6,RFUD,MIX-9.26,Фьючерсный контракт MIX-9.26,235550,0,25.00000,2026-09-17,2026-09-17,MX,MIX-9.26,MIX,300342,1,26123.21,248475.00000,222625.00000,25.00000,235550,235450,2026-08-12 07:00:03,15.55,7.78,5.18,5.18,235550.00000
MXU7,RFUD,MIX-9.27,Фьючерсный контракт MIX-9.27,256975,0,25.00000,2027-09-16,2027-09-16,MX,MIX-9.27,MIX,118,1,32931.19,272975.00000,240975.00000,25.00000,256975,0,2026-08-12 07:00:03,16.96,8.48,5.65,5.65,256975.00000
MXZ6,RFUD,MIX-12.26,Фьючерсный контракт MIX-12.26,240125,0,25.00000,2026-12-17,2026-12-17,MX,MIX-12.26,MIX,10550,1,29669.89,254650.00000,225600.00000,25.00000,240125,240000,2026-08-12 07:00:03,15.85,7.93,5.29,5.28,240125.00000
MXZ7,RFUD,MIX-12.27,Фьючерсный контракт MIX-12.27,266875,0,25.00000,2027-12-16,2027-12-16,MX,MIX-12.27,MIX,54,1,35515.36,284025.00000,249725.00000,25.00000,266875,0,2026-08-12 07:00:03,17.62,8.81,5.88,5.87,266875.00000
MYU6,RFUD,MOEXCNY-9.26,Фьючерсный контракт MOEXCNY-9.26,879.3,1,0.10000,2026-09-17,2026-09-17,MY,MOEXCNY-9.26,MOEXCNY,6598,1,1567.97,934.60000,824.00000,1.22435,879.3,882,2026-08-12 07:00:03,0.71,0.36,0.24,0.24,879.30000
MYZ6,RFUD,MOEXCNY-12.26,Фьючерсный контракт MOEXCNY-12.26,879.1,1,0.10000,2026-12-17,2026-12-17,MY,MOEXCNY-12.26,MOEXCNY,268,1,1621.13,936.10000,822.10000,1.22435,879.1,888.2,2026-08-12 07:00:04,0.71,0.36,0.24,0.24,879.10000
N2U6,RFUD,NIKK-9.26,Фьючерсный контракт NIKK-9.26,69292,0,1.00000,2026-09-18,2026-09-18,N2,NIKK-9.26,NIKK,22644,1,573.63,74353.00000,64231.00000,0.05216,69292,69336,2026-08-12 07:00:03,0.71,0.36,0.24,0.24,69292.00000
N2Z6,RFUD,NIKK-12.26,Фьючерсный контракт NIKK-12.26,68832,0,1.00000,2026-12-18,2026-12-18,N2,NIKK-12.26,NIKK,4422,1,589.96,74019.00000,63645.00000,0.05216,68832,68577,2026-08-12 07:00:04,0.71,0.36,0.24,0.24,68832.00000
NAH7,RFUD,NASD-3.27,Фьючерсный контракт NASD-3.27,29576,0,1.00000,2027-03-19,2027-03-19,NA,NASD-3.27,NASD,6272,41,3261.26,31273.00000,27879.00000,0.82374,29576,29540,2026-08-12 07:00:03,4.82,2.41,1.60,1.61,29576.00000
NAM7,RFUD,NASD-6.27,Фьючерсный контракт NASD-6.27,29801,0,1.00000,2027-06-18,2027-06-18,NA,NASD-6.27,NASD,2404,41,3461.40,31593.00000,28009.00000,0.82374,29801,29700,2026-08-12 07:00:04,4.86,2.43,1.62,1.62,29801.00000
NAU6,RFUD,NASD-9.26,Фьючерсный контракт NASD-9.26,29511,0,1.00000,2026-09-18,2026-09-18,NA,NASD-9.26,NASD,758302,41,2983.19,31076.00000,27946.00000,0.82374,29511,29523,2026-08-12 07:00:03,4.82,2.41,1.60,1.60,29511.00000
NAZ6,RFUD,NASD-12.26,Фьючерсный контракт NASD-12.26,29580,0,1.00000,2026-12-18,2026-12-18,NA,NASD-12.26,NASD,102854,41,3098.46,31200.00000,27960.00000,0.82374,29580,29600,2026-08-12 07:00:03,4.82,2.41,1.60,1.61,29580.00000
NBU6,RFUD,BELUGA-9.26,Фьючерсный контракт BELUGA-9.26,297,0,1.00000,2026-09-17,2026-09-18,NB,BELUGA-9.26,BELUGA,134566,1,114.97,353.00000,241.00000,1.00000,297,296,2026-08-12 07:00:03,0.05,0.03,0.02,0.00,297.00000
NBZ6,RFUD,BELUGA-12.26,Фьючерсный контракт BELUGA-12.26,288,0,1.00000,2026-12-17,2026-12-18,NB,BELUGA-12.26,BELUGA,38290,1,120.12,346.00000,230.00000,1.00000,288,288,2026-08-12 07:00:04,0.05,0.03,0.02,0.00,288.00000
NCU6,RFUD,NICKEL-9.26,Фьючерсный контракт NICKEL-9.26,16705,0,5.00000,2026-09-15,2026-09-15,NC,NICKEL-9.26,NICKEL,3666,10,2475.71,18000.00000,15410.00000,4.11871,16705,16770,2026-08-12 07:00:03,1.81,0.91,0.61,0.61,16705.00000
NCZ6,RFUD,NICKEL-12.26,Фьючерсный контракт NICKEL-12.26,17135,0,5.00000,2026-12-15,2026-12-15,NC,NICKEL-12.26,NICKEL,90,10,2709.45,18540.00000,15730.00000,4.11871,17135,17150,2026-08-12 07:00:03,1.86,0.93,0.62,0.62,17135.00000
NDU6,RFUD,INDIA-9.26,Фьючерсный контракт INDIA-9.26,9.055,3,0.00100,2026-09-18,2026-09-18,ND,INDIA-9.26,INDIA,574,10,915.35,9.53500,8.57500,0.82374,9.055,9.052,2026-08-12 07:00:03,1.48,0.74,0.49,0.49,9.05500
NDZ6,RFUD,INDIA-12.26,Фьючерсный контракт INDIA-12.26,9.238,3,0.00100,2026-12-18,2026-12-18,ND,INDIA-12.26,INDIA,18,10,952.22,9.73500,8.74100,0.82374,9.238,0,2026-08-12 07:00:04,1.51,0.76,0.50,0.50,9.23800
NGF7,RFUD,NG-1.27,Фьючерсный контракт NG-1.27,3.923,3,0.00100,2027-01-27,2027-01-27,NG,NG-1.27,NG,792,100,7411.77,4.30500,3.54100,8.23742,3.923,3.923,2026-08-12 07:00:04,4.26,2.13,1.42,1.42,3.92300
NGG7,RFUD,NG-2.27,Фьючерсный контракт NG-2.27,3.29,3,0.00100,2027-02-24,2027-02-24,NG,NG-2.27,NG,710,100,7266.13,3.66400,2.91600,8.23742,3.29,3.289,2026-08-12 07:00:04,3.58,1.79,1.20,1.19,3.29000
NGQ6,RFUD,NG-8.26,Фьючерсный контракт NG-8.26,2.767,3,0.00100,2026-08-27,2026-08-27,NG,NG-8.26,NG,560822,100,6479.74,3.10700,2.42700,8.23742,2.767,2.756,2026-08-12 07:00:03,3.01,1.51,1.01,1.00,2.76700
NGU6,RFUD,NG-9.26,Фьючерсный контракт NG-9.26,2.832,3,0.00100,2026-09-28,2026-09-28,NG,NG-9.26,NG,100202,100,6897.65,3.18900,2.47500,8.23742,2.832,2.824,2026-08-12 07:00:03,3.08,1.54,1.03,1.03,2.83200
NGV6,RFUD,NG-10.26,Фьючерсный контракт NG-10.26,3.115,3,0.00100,2026-10-28,2026-10-28,NG,NG-10.26,NG,14000,100,7147.55,3.48300,2.74700,8.23742,3.115,3.108,2026-08-12 07:00:03,3.39,1.70,1.13,1.13,3.11500
NGX6,RFUD,NG-11.26,Фьючерсный контракт NG-11.26,3.734,3,0.00100,2026-11-25,2026-11-25,NG,NG-11.26,NG,2972,100,7301.70,4.11000,3.35800,8.23742,3.734,3.732,2026-08-12 07:00:03,4.06,2.03,1.36,1.35,3.73400
NGZ6,RFUD,NG-12.26,Фьючерсный контракт NG-12.26,4.179,3,0.00100,2026-12-29,2026-12-29,NG,NG-12.26,NG,3734,100,7498.43,4.56500,3.79300,8.23742,4.179,4.177,2026-08-12 07:00:03,4.54,2.27,1.51,1.51,4.17900
NMU6,RFUD,NLMK-9.26,Фьючерсный контракт NLMK-9.26,7731,0,1.00000,2026-09-17,2026-09-18,NM,NLMK-9.26,NLMK,60784,100,1387.37,8417.00000,7045.00000,1.00000,7731,7755,2026-08-12 07:00:03,1.53,0.77,0.51,0.00,7731.00000
NMZ6,RFUD,NLMK-12.26,Фьючерсный контракт NLMK-12.26,7978,0,1.00000,2026-12-17,2026-12-18,NM,NLMK-12.26,NLMK,3208,100,1511.80,8717.00000,7239.00000,1.00000,7978,8008,2026-08-12 07:00:04,1.58,0.79,0.52,0.00,7978.00000
NOU6,RFUD,NOVARTIS-9.26,Фьючерсный контракт NOVARTIS-9.26,155.92,2,0.01000,2026-09-18,2026-09-18,NO,NOVARTIS-9.26,NOVARTIS,130,1,2021.97,166.52000,145.32000,0.82374,155.92,0,2026-08-12 07:00:03,2.54,1.27,0.85,0.85,155.92000
NOZ6,RFUD,NOVARTIS-12.26,Фьючерсный контракт NOVARTIS-12.26,158.86,2,0.01000,2026-12-18,2026-12-18,NO,NOVARTIS-12.26,NOVARTIS,12,1,2086.92,169.77000,147.95000,0.82374,158.86,0,2026-08-12 07:00:03,2.59,1.30,0.87,0.86,158.86000
NRF7,RFUD,NGM-1.27,Фьючерсный контракт NGM-1.27,3.989,3,0.00100,2027-01-27,2027-01-27,NR,NGM-1.27,NGM,8888,1,74.30,4.37200,3.60600,0.08237,3.989,3.943,2026-08-12 07:00:04,0.04,0.02,0.02,0.01,3.98900
NRG7,RFUD,NGM-2.27,Фьючерсный контракт NGM-2.27,3.383,3,0.00100,2027-02-24,2027-02-24,NR,NGM-2.27,NGM,20880,1,72.92,3.75800,3.00800,0.08237,3.383,3.333,2026-08-12 07:00:04,0.04,0.02,0.02,0.01,3.38300
NRQ6,RFUD,NGM-8.26,Фьючерсный контракт NGM-8.26,2.768,3,0.00100,2026-08-27,2026-08-27,NR,NGM-8.26,NGM,1894248,1,64.82,3.10800,2.42800,0.08237,2.768,2.76,2026-08-12 07:00:03,0.03,0.02,0.02,0.01,2.76800
NRU6,RFUD,NGM-9.26,Фьючерсный контракт NGM-9.26,2.837,3,0.00100,2026-09-28,2026-09-28,NR,NGM-9.26,NGM,635352,1,69.02,3.19400,2.48000,0.08237,2.837,2.834,2026-08-12 07:00:03,0.03,0.02,0.02,0.01,2.83700
NRV6,RFUD,NGM-10.26,Фьючерсный контракт NGM-10.26,3.118,3,0.00100,2026-10-28,2026-10-28,NR,NGM-10.26,NGM,116914,1,71.52,3.48700,2.74900,0.08237,3.118,3.116,2026-08-12 07:00:03,0.03,0.02,0.02,0.01,3.11800
NRX6,RFUD,NGM-11.26,Фьючерсный контракт NGM-11.26,3.74,3,0.00100,2026-11-25,2026-11-25,NR,NGM-11.26,NGM,30524,1,73.06,4.11700,3.36300,0.08237,3.74,3.749,2026-08-12 07:00:03,0.04,0.02,0.02,0.01,3.74000
NRZ6,RFUD,NGM-12.26,Фьючерсный контракт NGM-12.26,4.19,3,0.00100,2026-12-29,2026-12-29,NR,NGM-12.26,NGM,12302,1,75.05,4.57600,3.80400,0.08237,4.19,4.2,2026-08-12 07:00:03,0.05,0.03,0.02,0.02,4.19000
NVU6,RFUD,NOTKM-9.26,Фьючерсный контракт NOTKM-9.26,10526,0,1.00000,2026-09-17,2026-09-18,NV,NOTKM-9.26,NOTKM,126466,10,1914.90,11474.00000,9578.00000,1.00000,10526,10551,2026-08-12 07:00:03,2.09,1.05,0.70,0.00,10526.00000
NVZ6,RFUD,NOTKM-12.26,Фьючерсный контракт NOTKM-12.26,10594,0,1.00000,2026-12-17,2026-12-18,NV,NOTKM-12.26,NOTKM,8984,10,2078.40,11611.00000,9577.00000,1.00000,10594,10628,2026-08-12 07:00:03,2.10,1.05,0.70,0.00,10594.00000
OGU6,RFUD,OGI-9.26,Фьючерсный контракт OGI-9.26,6207,0,1.00000,2026-09-17,2026-09-17,OG,OGI-9.26,OGI,1048,1,939.12,6672.00000,5742.00000,1.00000,6207,6212,2026-08-12 07:00:03,0.41,0.21,0.14,0.14,6207.00000
OGZ6,RFUD,OGI-12.26,Фьючерсный контракт OGI-12.26,6491,0,1.00000,2026-12-17,2026-12-17,OG,OGI-12.26,OGI,86,1,1039.67,7000.00000,5982.00000,1.00000,6491,6504,2026-08-12 07:00:04,0.43,0.22,0.14,0.14,6491.00000
OJU6,RFUD,ORANGE-9.26,Фьючерсный контракт ORANGE-9.26,1.453,3,0.00100,2026-09-01,2026-09-01,OJ,ORANGE-9.26,ORANGE,38960,100,2290.02,1.57300,1.33300,8.23742,1.453,1.457,2026-08-12 07:00:03,1.58,0.79,0.52,0.53,1.45300
OJX6,RFUD,ORANGE-11.26,Фьючерсный контракт ORANGE-11.26,1.545,3,0.00100,2026-11-02,2026-11-02,OJ,ORANGE-11.26,ORANGE,3540,100,2499.96,1.67400,1.41600,8.23742,1.545,1.554,2026-08-12 07:00:04,1.68,0.84,0.56,0.56,1.54500
ONU6,RFUD,OZON-9.26,Фьючерсный контракт OZON-9.26,3249,0,1.00000,2026-09-17,2026-09-18,ON,OZON-9.26,OZON,482424,1,843.41,3666.00000,2832.00000,1.00000,3249,3249,2026-08-12 07:00:03,0.64,0.32,0.21,0.00,3249.00000
ONZ6,RFUD,OZON-12.26,Фьючерсный контракт OZON-12.26,3354,0,1.00000,2026-12-17,2026-12-18,ON,OZON-12.26,OZON,46930,1,899.11,3793.00000,2915.00000,1.00000,3354,3348,2026-08-12 07:00:04,0.66,0.33,0.22,0.00,3354.00000
PDH7,RFUD,PLD-3.27,Фьючерсный контракт PLD-3.27,1419.98,2,0.01000,2027-03-19,2027-03-19,PD,PLD-3.27,PLD,170,1,28386.36,1613.59000,1226.37000,0.82374,1419.98,1411,2026-08-12 07:00:03,15.44,7.72,5.15,5.15,1419.98000
PDM7,RFUD,PLD-6.27,Фьючерсный контракт PLD-6.27,1451.15,2,0.01000,2027-06-18,2027-06-18,PD,PLD-6.27,PLD,102,1,29027.56,1648.55000,1253.75000,0.82374,1451.15,0,2026-08-12 07:00:04,15.78,7.89,5.26,5.26,1451.15000
PDU6,RFUD,PLD-9.26,Фьючерсный контракт PLD-9.26,1374,2,0.01000,2026-09-18,2026-09-18,PD,PLD-9.26,PLD,50784,1,25675.09,1551.81000,1196.19000,0.82374,1374,1371,2026-08-12 07:00:03,14.94,7.47,4.98,4.98,1374.00000
PDZ6,RFUD,PLD-12.26,Фьючерсный контракт PLD-12.26,1402.08,2,0.01000,2026-12-18,2026-12-18,PD,PLD-12.26,PLD,1304,1,27604.51,1591.13000,1213.03000,0.82374,1402.08,1396.92,2026-08-12 07:00:03,15.25,7.63,5.08,5.08,1402.08000
PHU6,RFUD,PHOR-9.26,Фьючерсный контракт PHOR-9.26,5797,0,1.00000,2026-09-17,2026-09-18,PH,PHOR-9.26,PHOR,26912,1,1040.52,6312.00000,5282.00000,1.00000,5797,5780,2026-08-12 07:00:03,1.15,0.58,0.38,0.00,5797.00000
PHZ6,RFUD,PHOR-12.26,Фьючерсный контракт PHOR-12.26,5893,0,1.00000,2026-12-17,2026-12-18,PH,PHOR-12.26,PHOR,5142,1,1131.74,6446.00000,5340.00000,1.00000,5893,5901,2026-08-12 07:00:04,1.17,0.59,0.39,0.00,5893.00000
PIU6,RFUD,PIKK-9.26,Фьючерсный контракт PIKK-9.26,5604,0,1.00000,2026-09-17,2026-09-18,PI,PIKK-9.26,PIKK,12704,10,1517.33,6355.00000,4853.00000,1.00000,5604,5624,2026-08-12 07:00:03,1.11,0.56,0.37,0.00,5604.00000
PSU6,RFUD,POSI-9.26,Фьючерсный контракт POSI-9.26,1026,0,1.00000,2026-09-17,2026-09-18,PS,POSI-9.26,POSI,210910,1,347.62,1198.00000,854.00000,1.00000,1026,1028,2026-08-12 07:00:03,0.21,0.11,0.07,0.00,1026.00000
PSZ6,RFUD,POSI-12.26,Фьючерсный контракт POSI-12.26,1046,0,1.00000,2026-12-17,2026-12-18,PS,POSI-12.26,POSI,16196,1,365.96,1224.00000,868.00000,1.00000,1046,1047,2026-08-12 07:00:04,0.21,0.11,0.07,0.00,1046.00000
PTH7,RFUD,PLT-3.27,Фьючерсный контракт PLT-3.27,1852.9,1,0.10000,2027-03-19,2027-03-19,PT,PLT-3.27,PLT,254,1,32928.13,2076.20000,1629.60000,8.23742,1852.9,1881.9,2026-08-12 07:00:03,20.14,10.07,6.71,6.72,1852.90000
PTM7,RFUD,PLT-6.27,Фьючерсный контракт PLT-6.27,1877.1,1,0.10000,2027-06-18,2027-06-18,PT,PLT-6.27,PLT,94,1,32291.71,2096.70000,1657.50000,8.23742,1877.1,1878.7,2026-08-12 07:00:04,20.41,10.21,6.80,6.80,1877.10000
PTU6,RFUD,PLT-9.26,Фьючерсный контракт PLT-9.26,1772.7,1,0.10000,2026-09-18,2026-09-18,PT,PLT-9.26,PLT,133018,1,28056.96,1967.00000,1578.40000,8.23742,1772.7,1771.1,2026-08-12 07:00:03,19.27,9.64,6.42,6.43,1772.70000
PTZ6,RFUD,PLT-12.26,Фьючерсный контракт PLT-12.26,1817.1,1,0.10000,2026-12-18,2026-12-18,PT,PLT-12.26,PLT,1128,1,31100.16,2029.50000,1604.70000,8.23742,1817.1,1814.5,2026-08-12 07:00:03,19.76,9.88,6.59,6.59,1817.10000
PXU6,RFUD,PLZLM-9.26,Фьючерсный контракт PLZLM-9.26,13438,0,1.00000,2026-09-17,2026-09-18,PX,PLZLM-9.26,PLZLM,138908,10,2444.65,14648.00000,12228.00000,1.00000,13438,13437,2026-08-12 07:00:03,2.66,1.33,0.89,0.00,13438.00000
PXZ6,RFUD,PLZLM-12.26,Фьючерсный контракт PLZLM-12.26,13907,0,1.00000,2026-12-17,2026-12-18,PX,PLZLM-12.26,PLZLM,7592,10,2662.30,15209.00000,12605.00000,1.00000,13907,13920,2026-08-12 07:00:04,2.75,1.38,0.92,0.00,13907.00000
QQQF,RFUD,QQQF,QQQF,719.2,1,0.10000,2100-01-01,2100-01-01,QQ,QQQF,QQQF,1088,1,6825.24,755.20000,683.20000,8.23742,719.2,718,2026-08-12 07:00:04,11.73,5.87,3.91,0.00,719.20000
R2U6,RFUD,R2000-9.26,Фьючерсный контракт R2000-9.26,300.4,1,0.10000,2026-09-18,2026-09-18,R2,R2000-9.26,R2000,1412,1,3036.67,316.30000,284.50000,8.23742,300.4,300.9,2026-08-12 07:00:03,4.90,2.45,1.63,1.63,300.40000
R2Z6,RFUD,R2000-12.26,Фьючерсный контракт R2000-12.26,300.7,1,0.10000,2026-12-18,2026-12-18,R2,R2000-12.26,R2000,66,1,3153.63,317.10000,284.30000,8.23742,300.7,300.1,2026-08-12 07:00:04,4.90,2.45,1.63,1.63,300.70000
RAU6,RFUD,RASP-9.26,Фьючерсный контракт RASP-9.26,1255,0,1.00000,2026-09-17,2026-09-18,RA,RASP-9.26,RASP,24318,10,229.78,1368.00000,1142.00000,1.00000,1255,1258,2026-08-12 07:00:03,0.25,0.13,0.09,0.00,1255.00000
RAZ6,RFUD,RASP-12.26,Фьючерсный контракт RASP-12.26,1275,0,1.00000,2026-12-17,2026-12-18,RA,RASP-12.26,RASP,3880,10,249.56,1397.00000,1153.00000,1.00000,1275,1284,2026-08-12 07:00:04,0.26,0.13,0.09,0.00,1275.00000
RBH7,RFUD,RGBI-3.27,Фьючерсный контракт RGBI-3.27,11677,0,1.00000,2027-03-01,2027-03-01,RB,RGBI-3.27,RGBI,61032,1,1334.81,12335.00000,11019.00000,1.00000,11677,11687,2026-08-12 07:00:03,0.77,0.39,0.26,0.26,11677.00000
RBM7,RFUD,RGBI-6.27,Фьючерсный контракт RGBI-6.27,11728,0,1.00000,2027-06-01,2027-06-01,RB,RGBI-6.27,RGBI,7150,1,1418.10,12424.00000,11032.00000,1.00000,11728,11731,2026-08-12 07:00:03,0.78,0.39,0.26,0.26,11728.00000
RBU6,RFUD,RGBI-9.26,Фьючерсный контракт RGBI-9.26,11569,0,1.00000,2026-09-01,2026-09-01,RB,RGBI-9.26,RGBI,869914,1,1198.81,12166.00000,10972.00000,1.00000,11569,11580,2026-08-12 07:00:03,0.76,0.38,0.26,0.25,11569.00000
RBZ6,RFUD,RGBI-12.26,Фьючерсный контракт RGBI-12.26,11637,0,1.00000,2026-12-01,2026-12-01,RB,RGBI-12.26,RGBI,124540,1,1269.58,12266.00000,11008.00000,1.00000,11637,11650,2026-08-12 07:00:03,0.77,0.39,0.26,0.26,11637.00000
RDU6,RFUD,RENI-9.26,Фьючерсный контракт RENI-9.26,8087,0,1.00000,2026-09-17,2026-09-18,RD,RENI-9.26,RENI,6886,100,2733.96,9440.00000,6734.00000,1.00000,8087,8089,2026-08-12 07:00:03,1.60,0.80,0.54,0.00,8087.00000
RDZ6,RFUD,RENI-12.26,Фьючерсный контракт RENI-12.26,8352,0,1.00000,2026-12-17,2026-12-18,RD,RENI-12.26,RENI,1574,100,2880.97,9761.00000,6943.00000,1.00000,8352,8315,2026-08-12 07:00:04,1.65,0.83,0.55,0.00,8352.00000
RFH7,RFUD,RUONIA-3.27,Фьючерсный контракт RUONIA-3.27,4.7845,4,0.00010,2027-03-01,2027-03-01,RF,RUONIA-3.27,RUONIA,0,1,1570.41,4.86210,4.70690,1.00000,4.7845,0,2026-08-12 07:00:03,7.90,3.95,2.63,2.63,4.78450
RFM7,RFUD,RUONIA-6.27,Фьючерсный контракт RUONIA-6.27,4.9416,4,0.00010,2027-06-01,2027-06-01,RF,RUONIA-6.27,RUONIA,2030,1,1914.63,5.03590,4.84730,1.00000,4.9416,0,2026-08-12 07:00:03,8.16,4.08,2.72,2.72,4.94160
RFU6,RFUD,RUONIA-9.26,Фьючерсный контракт RUONIA-9.26,4.4738,4,0.00010,2026-09-01,2026-09-01,RF,RUONIA-9.26,RUONIA,56,1,1045.04,4.52580,4.42180,1.00000,4.4738,0,2026-08-12 07:00:03,7.38,3.69,2.46,2.46,4.47380
RFZ6,RFUD,RUONIA-12.26,Фьючерсный контракт RUONIA-12.26,4.6286,4,0.00010,2026-12-01,2026-12-01,RF,RUONIA-12.26,RUONIA,8,1,1310.29,4.69360,4.56360,1.00000,4.6286,0,2026-08-12 07:00:03,7.64,3.82,2.54,2.55,4.62860
RGBIF,RFUD,RGBIF,RGBIF,115.26,2,0.01000,2100-01-01,2100-01-01,RG,RGBIF,RGBIF,238736,100,1154.69,121.03000,109.49000,1.00000,115.26,115.31,2026-08-12 07:00:03,0.76,0.38,0.26,11.53,115.26000
RIH7,RFUD,RTS-3.27,Фьючерсный контракт RTS-3.27,88790,0,10.00000,2027-03-18,2027-03-18,RI,RTS-3.27,RTS,540,1,24821.02,95240.00000,82340.00000,16.47484,88790,88770,2026-08-12 07:00:03,9.65,4.83,3.22,3.22,88790.00000
RIM7,RFUD,RTS-6.27,Фьючерсный контракт RTS-6.27,89690,0,10.00000,2027-06-17,2027-06-17,RI,RTS-6.27,RTS,82,1,26064.47,96430.00000,82950.00000,16.47484,89690,89650,2026-08-12 07:00:03,9.75,4.88,3.25,3.25,89690.00000
RIU6,RFUD,RTS-9.26,Фьючерсный контракт RTS-9.26,89160,0,10.00000,2026-09-17,2026-09-17,RI,RTS-9.26,RTS,70772,1,23092.97,95210.00000,83110.00000,16.47484,89160,89050,2026-08-12 07:00:03,9.69,4.85,3.23,3.23,89160.00000
RIZ6,RFUD,RTS-12.26,Фьючерсный контракт RTS-12.26,88770,0,10.00000,2026-12-17,2026-12-17,RI,RTS-12.26,RTS,8564,1,23817.83,94990.00000,82550.00000,16.47484,88770,88750,2026-08-12 07:00:03,9.65,4.83,3.22,3.22,88770.00000
RLU6,RFUD,RUAL-9.26,Фьючерсный контракт RUAL-9.26,2836,0,1.00000,2026-09-17,2026-09-18,RL,RUAL-9.26,RUAL,163416,100,508.98,3088.00000,2584.00000,1.00000,2836,2845,2026-08-12 07:00:03,0.56,0.28,0.19,0.00,2836.00000
RLZ6,RFUD,RUAL-12.26,Фьючерсный контракт RUAL-12.26,2918,0,1.00000,2026-12-17,2026-12-18,RL,RUAL-12.26,RUAL,10188,100,554.42,3189.00000,2647.00000,1.00000,2918,2923,2026-08-12 07:00:04,0.58,0.29,0.19,0.00,2918.00000
RMU6,RFUD,RTSM-9.26,Фьючерсный контракт RTSM-9.26,891,1,0.50000,2026-09-17,2026-09-17,RM,RTSM-9.26,RTSM,15758,1,2307.75,951.50000,830.50000,8.23742,891,890.5,2026-08-12 07:00:03,0.97,0.49,0.33,0.32,891.00000
RMZ6,RFUD,RTSM-12.26,Фьючерсный контракт RTSM-12.26,886.5,1,0.50000,2026-12-17,2026-12-17,RM,RTSM-12.26,RTSM,2122,1,2498.24,948.50000,824.50000,8.23742,886.5,887.5,2026-08-12 07:00:04,0.96,0.48,0.32,0.32,886.50000
RNH7,RFUD,ROSN-3.27,Фьючерсный контракт ROSN-3.27,37298,0,1.00000,2027-03-18,2027-03-19,RN,ROSN-3.27,ROSN,486,100,8445.43,41403.00000,33193.00000,1.00000,37298,37100,2026-08-12 07:00:04,7.39,3.70,2.47,0.00,37298.00000
RNM7,RFUD,ROSN-6.27,Фьючерсный контракт ROSN-6.27,37457,0,1.00000,2027-06-17,2027-06-18,RN,ROSN-6.27,ROSN,90,100,8431.88,41556.00000,33358.00000,1.00000,37457,37768,2026-08-12 07:00:04,7.41,3.71,2.47,0.00,37457.00000
RNU6,RFUD,ROSN-9.26,Фьючерсный контракт ROSN-9.26,35843,0,1.00000,2026-09-17,2026-09-18,RN,ROSN-9.26,ROSN,43748,100,7495.10,39553.00000,32133.00000,1.00000,35843,35860,2026-08-12 07:00:03,7.10,3.55,2.37,0.00,35843.00000
RNZ6,RFUD,ROSN-12.26,Фьючерсный контракт ROSN-12.26,37076,0,1.00000,2026-12-17,2026-12-18,RN,ROSN-12.26,ROSN,2468,100,8476.08,41033.00000,33119.00000,1.00000,37076,37086,2026-08-12 07:00:04,7.34,3.67,2.45,0.00,37076.00000
RQU6,RFUD,RTKMP-9.26,Фьючерсный контракт RTKMP-9.26,4645,0,1.00000,2026-09-17,2026-09-18,RQ,RTKMP-9.26,RTKMP,3260,100,1202.73,5240.00000,4050.00000,1.00000,4645,4677,2026-08-12 07:00:03,0.92,0.46,0.31,0.00,4645.00000
RQZ6,RFUD,RTKMP-12.26,Фьючерсный контракт RTKMP-12.26,4797,0,1.00000,2026-12-17,2026-12-18,RQ,RTKMP-12.26,RTKMP,370,100,1282.39,5424.00000,4170.00000,1.00000,4797,4798,2026-08-12 07:00:04,0.95,0.48,0.31,0.00,4797.00000
RRQ6,RFUD,RUON-8.26,Фьючерсный контракт RUON-8.26,86.28,2,0.01000,2026-08-31,2026-08-31,RR,RUON-8.26,RUON,0,1000000,1004.15,86.87000,85.69000,8.49315,86.28,0,2026-08-12 07:00:03,12.09,6.05,4.03,4.03,86.28000
RRU6,RFUD,RUON-9.26,Фьючерсный контракт RUON-9.26,86.28,2,0.01000,2026-09-30,2026-09-30,RR,RUON-9.26,RUON,0,1000000,1643.84,87.28000,85.28000,8.21918,86.28,0,2026-08-04 07:00:01,11.70,5.85,3.90,3.90,86.28000
RTU6,RFUD,RTKM-9.26,Фьючерсный контракт RTKM-9.26,4485,0,1.00000,2026-09-17,2026-09-18,RT,RTKM-9.26,RTKM,59662,100,805.44,4883.00000,4087.00000,1.00000,4485,4519,2026-08-12 07:00:03,0.89,0.45,0.30,0.00,4485.00000
RTZ6,RFUD,RTKM-12.26,Фьючерсный контракт RTKM-12.26,4626,0,1.00000,2026-12-17,2026-12-18,RT,RTKM-12.26,RTKM,3022,100,877.58,5055.00000,4197.00000,1.00000,4626,4650,2026-08-12 07:00:04,0.92,0.46,0.31,0.00,4626.00000
RUU6,RFUD,RNFT-9.26,Фьючерсный контракт RNFT-9.26,902,0,1.00000,2026-09-17,2026-09-18,RU,RNFT-9.26,RNFT,131836,10,233.33,1017.00000,787.00000,1.00000,902,902,2026-08-12 07:00:03,0.18,0.09,0.06,0.00,902.00000
RUZ6,RFUD,RNFT-12.26,Фьючерсный контракт RNFT-12.26,919,0,1.00000,2026-12-17,2026-12-18,RU,RNFT-12.26,RNFT,10354,10,248.50,1040.00000,798.00000,1.00000,919,918,2026-08-12 07:00:04,0.18,0.09,0.06,0.00,919.00000
S0U6,RFUD,SOFL-9.26,Фьючерсный контракт SOFL-9.26,595,0,1.00000,2026-09-17,2026-09-18,S0,SOFL-9.26,SOFL,81120,10,201.35,694.00000,496.00000,1.00000,595,594,2026-08-12 07:00:03,0.12,0.06,0.04,0.00,595.00000
S0Z6,RFUD,SOFL-12.26,Фьючерсный контракт SOFL-12.26,611,0,1.00000,2026-12-17,2026-12-18,S0,SOFL-12.26,SOFL,6278,10,212.09,714.00000,508.00000,1.00000,611,614,2026-08-12 07:00:04,0.12,0.06,0.04,0.00,611.00000
S1H7,RFUD,SILVM-3.27,Фьючерсный контракт SILVM-3.27,68.62,2,0.01000,2027-03-19,2027-03-19,S1,SILVM-3.27,SILVM,2604,1,1231.14,77.07000,60.17000,0.82374,68.62,68.27,2026-08-12 07:00:03,0.75,0.38,0.25,0.25,68.62000
S1M7,RFUD,SILVM-6.27,Фьючерсный контракт SILVM-6.27,69.8,2,0.01000,2027-06-18,2027-06-18,S1,SILVM-6.27,SILVM,990,1,1281.87,78.55000,61.05000,0.82374,69.8,69.35,2026-08-12 07:00:04,0.76,0.38,0.26,0.25,69.80000
S1U6,RFUD,SILVM-9.26,Фьючерсный контракт SILVM-9.26,65.45,2,0.01000,2026-09-18,2026-09-18,S1,SILVM-9.26,SILVM,145156,1,1137.44,73.35000,57.55000,0.82374,65.45,65.13,2026-08-12 07:00:03,0.71,0.36,0.24,0.24,65.45000
S1Z6,RFUD,SILVM-12.26,Фьючерсный контракт SILVM-12.26,67.12,2,0.01000,2026-12-18,2026-12-18,S1,SILVM-12.26,SILVM,16388,1,1181.84,75.28000,58.96000,0.82374,67.12,66.85,2026-08-12 07:00:03,0.73,0.37,0.24,0.24,67.12000
S2U6,RFUD,SL-9.26,Фьючерсный контракт SL-9.26,171.35,2,0.01000,2026-09-17,2026-09-17,S2,SL-9.26,SL,21524,100,3578.30,189.07000,153.63000,1.00000,171.35,170.79,2026-08-12 07:00:03,2.26,1.13,0.75,0.75,171.35000
S2Z6,RFUD,SL-12.26,Фьючерсный контракт SL-12.26,176.26,2,0.01000,2026-12-17,2026-12-17,S2,SL-12.26,SL,1282,100,3770.01,194.78000,157.74000,1.00000,176.26,176.2,2026-08-12 07:00:04,2.33,1.17,0.78,0.78,176.26000
S3Q6,RFUD,SOL-8.26,Фьючерсный контракт SOL-8.26,75.02,2,0.01000,2026-08-28,2026-08-28,S3,SOL-8.26,SOL,2092,1,2726.36,89.37000,60.67000,0.82374,75.02,76.29,2026-08-12 07:00:03,2.47,1.24,1.24,0.41,75.02000
S3U6,RFUD,SOL-9.26,Фьючерсный контракт SOL-9.26,77.89,2,0.01000,2026-09-25,2026-09-25,S3,SOL-9.26,SOL,956,1,2779.37,92.42000,63.36000,0.82374,77.89,78.51,2026-08-12 14:33:03,2.57,1.29,1.29,0.42,77.89000
S3V6,RFUD,SOL-10.26,Фьючерсный контракт SOL-10.26,81.23,2,0.01000,2026-10-30,2026-10-30,S3,SOL-10.26,SOL,54,1,2793.19,95.84000,66.62000,0.82374,81.23,81.99,2026-08-12 07:00:04,2.68,1.34,1.34,0.44,81.23000
SAH7,RFUD,SUGR-3.27,Фьючерсный контракт SUGR-3.27,34.18,2,0.01000,2027-02-26,2027-03-01,SA,SUGR-3.27,SUGR,568,1016,4917.43,36.55000,31.81000,10.16000,34.18,34.25,2026-08-12 07:00:04,4.59,2.30,1.53,1.53,34.18000
SAV6,RFUD,SUGR-10.26,Фьючерсный контракт SUGR-10.26,30.88,2,0.01000,2026-09-30,2026-10-01,SA,SUGR-10.26,SUGR,5108,1016,4371.23,33.01000,28.75000,10.16000,30.88,31.05,2026-08-12 07:00:03,4.14,2.07,1.38,1.38,30.88000
SBERF,RFUD,SBERF,SBERF,286.48,2,0.01000,2100-01-01,2100-01-01,SB,SBERF,SBERF,216110,100,4879.36,310.87000,262.09000,1.00000,286.48,286.27,2026-08-12 07:00:03,8.59,4.30,4.30,28.65,286.48000
SCU6,RFUD,SVCB-9.26,Фьючерсный контракт SVCB-9.26,1078,0,1.00000,2026-09-17,2026-09-18,SC,SVCB-9.26,SVCB,1129014,100,193.28,1173.00000,983.00000,1.00000,1078,1083,2026-08-12 07:00:03,0.21,0.11,0.07,0.00,1078.00000
SCZ6,RFUD,SVCB-12.26,Фьючерсный контракт SVCB-12.26,1114,0,1.00000,2026-12-17,2026-12-18,SC,SVCB-12.26,SVCB,188510,100,210.67,1217.00000,1011.00000,1.00000,1114,1118,2026-08-12 07:00:04,0.22,0.11,0.07,0.00,1114.00000
SDU6,RFUD,SAUDI-9.26,Фьючерсный контракт SAUDI-9.26,38.07,2,0.01000,2026-09-18,2026-09-18,SD,SAUDI-9.26,SAUDI,432,1,384.84,40.08000,36.06000,0.82374,38.07,38.1,2026-08-12 07:00:03,0.62,0.31,0.21,0.21,38.07000
SDZ6,RFUD,SAUDI-12.26,Фьючерсный контракт SAUDI-12.26,38.36,2,0.01000,2026-12-18,2026-12-18,SD,SAUDI-12.26,SAUDI,114,1,386.48,40.38000,36.34000,0.82374,38.36,0,2026-08-12 07:00:04,0.63,0.32,0.21,0.21,38.36000
SEU6,RFUD,SPBE-9.26,Фьючерсный контракт SPBE-9.26,1369,0,1.00000,2026-09-17,2026-09-18,SE,SPBE-9.26,SPBE,58918,10,674.00,1706.00000,1032.00000,1.00000,1369,1375,2026-08-12 07:00:03,0.28,0.14,0.09,0.00,1369.00000
SEZ6,RFUD,SPBE-12.26,Фьючерсный контракт SPBE-12.26,1394,0,1.00000,2026-12-17,2026-12-18,SE,SPBE-12.26,SPBE,5270,10,700.69,1731.00000,1057.00000,1.00000,1394,1416,2026-08-12 07:00:03,0.28,0.14,0.09,0.00,1394.00000
SFH7,RFUD,SPYF-3.27,Фьючерсный контракт SPYF-3.27,774.51,2,0.01000,2027-03-19,2027-03-19,SF,SPYF-3.27,SPYF,2836,1,8528.49,818.90000,730.12000,0.82374,774.51,773.14,2026-08-12 07:00:03,12.63,6.32,4.21,4.21,774.51000
SFM7,RFUD,SPYF-6.27,Фьючерсный контракт SPYF-6.27,775.86,2,0.01000,2027-06-18,2027-06-18,SF,SPYF-6.27,SPYF,678,1,9043.30,822.68000,729.04000,0.82374,775.86,775,2026-08-12 07:00:04,12.66,6.33,4.22,4.22,775.86000
SFU6,RFUD,SPYF-9.26,Фьючерсный контракт SPYF-9.26,771.58,2,0.01000,2026-09-18,2026-09-18,SF,SPYF-9.26,SPYF,438696,1,7799.69,812.50000,730.66000,0.82374,771.58,771.14,2026-08-12 07:00:03,12.59,6.30,4.19,4.19,771.58000
SFZ6,RFUD,SPYF-12.26,Фьючерсный контракт SPYF-12.26,773.01,2,0.01000,2026-12-18,2026-12-18,SF,SPYF-12.26,SPYF,45816,1,8393.09,815.37000,730.65000,0.82374,773.01,772.5,2026-08-12 07:00:03,12.61,6.31,4.21,4.20,773.01000
SGU6,RFUD,SNGP-9.26,Фьючерсный контракт SNGP-9.26,43487,0,1.00000,2026-09-17,2026-09-18,SG,SNGP-9.26,SNGP,22328,1000,9092.31,47988.00000,38986.00000,1.00000,43487,43476,2026-08-12 07:00:03,8.61,4.31,2.87,0.00,43487.00000
SGZ6,RFUD,SNGP-12.26,Фьючерсный контракт SNGP-12.26,45029,0,1.00000,2026-12-17,2026-12-18,SG,SNGP-12.26,SNGP,1236,1000,9812.57,49830.00000,40228.00000,1.00000,45029,44955,2026-08-12 07:00:04,8.92,4.46,2.97,0.00,45029.00000
SHU6,RFUD,SFIN-9.26,Фьючерсный контракт SFIN-9.26,638.2,1,0.20000,2026-09-17,2026-09-18,SH,SFIN-9.26,SFIN,180618,1,224.13,749.00000,527.40000,0.20000,638.2,634.4,2026-08-12 07:00:03,0.12,0.06,0.04,0.00,638.20000
SHZ6,RFUD,SFIN-12.26,Фьючерсный контракт SFIN-12.26,618.2,1,0.20000,2026-12-17,2026-12-18,SH,SFIN-12.26,SFIN,33030,1,234.88,733.00000,503.40000,0.20000,618.2,617.8,2026-08-12 07:00:04,0.12,0.06,0.04,0.00,618.20000
SiH7,RFUD,Si-3.27,Фьючерсный контракт Si-3.27,86713,0,1.00000,2027-03-18,2027-03-18,Si,Si-3.27,Si,19076,1000,13846.49,94221.00000,79205.00000,1.00000,86713,86734,2026-08-12 07:00:03,4.00,2.00,1.34,1.34,86713.00000
SiM7,RFUD,Si-6.27,Фьючерсный контракт Si-6.27,88714,0,1.00000,2027-06-17,2027-06-17,Si,Si-6.27,Si,4148,1000,14518.02,96544.00000,80884.00000,1.00000,88714,88714,2026-08-12 07:00:03,4.10,2.05,1.37,1.37,88714.00000
SiU6,RFUD,Si-9.26,Фьючерсный контракт Si-9.26,83311,0,1.00000,2026-09-17,2026-09-17,Si,Si-9.26,Si,9586924,1000,12923.95,90378.00000,76244.00000,1.00000,83311,83340,2026-08-12 07:00:03,3.85,1.93,1.29,1.28,83311.00000
SiU7,RFUD,Si-9.27,Фьючерсный контракт Si-9.27,91320,0,1.00000,2027-09-16,2027-09-16,Si,Si-9.27,Si,770,1000,15235.84,99494.00000,83146.00000,1.00000,91320,91260,2026-08-12 07:00:03,4.21,2.11,1.41,1.41,91320.00000
SiZ6,RFUD,Si-12.26,Фьючерсный контракт Si-12.26,84722,0,1.00000,2026-12-17,2026-12-17,Si,Si-12.26,Si,1433082,1000,13304.64,91971.00000,77473.00000,1.00000,84722,84761,2026-08-12 07:00:03,3.91,1.96,1.30,1.30,84722.00000
SiZ7,RFUD,Si-12.27,Фьючерсный контракт Si-12.27,93800,0,1.00000,2027-12-16,2027-12-16,Si,Si-12.27,Si,582,1000,15986.89,102335.00000,85265.00000,1.00000,93800,93727,2026-08-12 07:00:04,4.33,2.17,1.44,1.44,93800.00000
SKU6,RFUD,SAMSUNG-9.26,Фьючерсный контракт SAMSUNG-9.26,172.41,2,0.01000,2026-09-18,2026-09-18,SK,SAMSUNG-9.26,SAMSUNG,1862,1,3386.06,190.17000,154.65000,0.82374,172.41,172.8,2026-08-12 07:00:04,2.82,1.41,0.94,0.94,172.41000
SKZ6,RFUD,SAMSUNG-12.26,Фьючерсный контракт SAMSUNG-12.26,175,2,0.01000,2026-12-18,2026-12-18,SK,SAMSUNG-12.26,SAMSUNG,64,1,3461.52,193.09000,156.91000,0.82374,175,175.59,2026-08-12 07:00:04,2.85,1.43,0.95,0.95,175.00000
SLVRUBF,RFUD,SLVRUBF,SLVRUBF,168.75,2,0.01000,2100-01-01,2100-01-01,SL,SLVRUBF,SLVRUBTOM,49408,100,3383.33,185.65000,151.85000,1.00000,168.75,168.72,2026-08-12 07:00:03,2.23,1.12,0.75,16.88,168.75000
SNU6,RFUD,SNGR-9.26,Фьючерсный контракт SNGR-9.26,17326,0,1.00000,2026-09-17,2026-09-18,SN,SNGR-9.26,SNGR,32236,1000,3626.33,19121.00000,15531.00000,1.00000,17326,17299,2026-08-12 07:00:03,3.43,1.72,1.15,0.00,17326.00000
SNZ6,RFUD,SNGR-12.26,Фьючерсный контракт SNGR-12.26,17855,0,1.00000,2026-12-17,2026-12-18,SN,SNGR-12.26,SNGR,3546,1000,3911.35,19768.00000,15942.00000,1.00000,17855,17878,2026-08-12 07:00:03,3.53,1.77,1.18,0.00,17855.00000
SOU6,RFUD,SIBN-9.26,Фьючерсный контракт SIBN-9.26,5110,0,1.00000,2026-09-17,2026-09-18,SO,SIBN-9.26,SIBN,37322,10,968.42,5589.00000,4631.00000,1.00000,5110,5101,2026-08-12 07:00:03,1.01,0.51,0.33,0.00,5110.00000
SOZ6,RFUD,SIBN-12.26,Фьючерсный контракт SIBN-12.26,5063,0,1.00000,2026-12-17,2026-12-18,SO,SIBN-12.26,SIBN,4548,10,1046.43,5575.00000,4551.00000,1.00000,5063,5068,2026-08-12 07:00:03,1.01,0.51,0.33,0.00,5063.00000
SP500F,RFUD,SP500F,SP500F,772.1,1,0.10000,2100-01-01,2100-01-01,SP,SP500F,SP500F,884,1,7326.98,810.70000,733.50000,8.23742,772.1,770.2,2026-08-12 07:00:04,12.59,6.30,4.19,0.00,772.10000
SPH7,RFUD,SBPR-3.27,Фьючерсный контракт SBPR-3.27,31078,0,1.00000,2027-03-18,2027-03-19,SP,SBPR-3.27,SBPR,246,100,6000.03,33995.00000,28161.00000,1.00000,31078,0,2026-08-12 07:00:03,6.16,3.08,2.05,0.00,31078.00000
SPM7,RFUD,SBPR-6.27,Фьючерсный контракт SBPR-6.27,32079,0,1.00000,2027-06-17,2027-06-18,SP,SBPR-6.27,SBPR,122,100,6015.97,35005.00000,29153.00000,1.00000,32079,0,2026-08-12 07:00:03,6.35,3.18,2.12,0.00,32079.00000
SPU6,RFUD,SBPR-9.26,Фьючерсный контракт SBPR-9.26,29138,0,1.00000,2026-09-17,2026-09-18,SP,SBPR-9.26,SBPR,88744,100,5221.98,31723.00000,26553.00000,1.00000,29138,29090,2026-08-12 07:00:03,5.77,2.89,1.93,0.00,29138.00000
SPZ6,RFUD,SBPR-12.26,Фьючерсный контракт SBPR-12.26,30054,0,1.00000,2026-12-17,2026-12-18,SP,SBPR-12.26,SBPR,1358,100,5690.53,32839.00000,27269.00000,1.00000,30054,30024,2026-08-12 07:00:03,5.95,2.98,1.98,0.00,30054.00000
SQU6,RFUD,SOXQ-9.26,Фьючерсный контракт SOXQ-9.26,95.1,2,0.01000,2026-09-18,2026-09-18,SQ,SOXQ-9.26,SOXQ,60242,1,1051.98,100.61000,89.59000,0.82374,95.1,95.51,2026-08-12 07:00:03,1.55,0.78,0.52,0.52,95.10000
SQZ6,RFUD,SOXQ-12.26,Фьючерсный контракт SOXQ-12.26,97.01,2,0.01000,2026-12-18,2026-12-18,SQ,SOXQ-12.26,SOXQ,6960,1,1119.52,102.84000,91.18000,0.82374,97.01,97.38,2026-08-12 07:00:04,1.58,0.79,0.52,0.53,97.01000
SRH7,RFUD,SBRF-3.27,Фьючерсный контракт SBRF-3.27,31076,0,1.00000,2027-03-18,2027-03-19,SR,SBRF-3.27,SBRF,2182,100,5993.48,33990.00000,28162.00000,1.00000,31076,31089,2026-08-12 07:00:03,6.16,3.08,2.05,0.00,31076.00000
SRM7,RFUD,SBRF-6.27,Фьючерсный контракт SBRF-6.27,31388,0,1.00000,2027-06-17,2027-06-18,SR,SBRF-6.27,SBRF,962,100,5988.16,34300.00000,28476.00000,1.00000,31388,31900,2026-08-12 07:00:04,6.21,3.11,2.07,0.00,31388.00000
SRU6,RFUD,SBRF-9.26,Фьючерсный контракт SBRF-9.26,29087,0,1.00000,2026-09-17,2026-09-18,SR,SBRF-9.26,SBRF,1191496,100,5215.11,31669.00000,26505.00000,1.00000,29087,29065,2026-08-12 07:00:03,5.76,2.88,1.92,0.00,29087.00000
SRZ6,RFUD,SBRF-12.26,Фьючерсный контракт SBRF-12.26,30044,0,1.00000,2026-12-17,2026-12-18,SR,SBRF-12.26,SBRF,25868,100,5827.07,32825.00000,27263.00000,1.00000,30044,30000,2026-08-12 07:00:03,5.95,2.98,1.98,0.00,30044.00000
SSU6,RFUD,SMLT-9.26,Фьючерсный контракт SMLT-9.26,418,0,1.00000,2026-09-17,2026-09-18,SS,SMLT-9.26,SMLT,2904892,1,215.09,524.00000,312.00000,1.00000,418,418,2026-08-12 07:00:03,0.09,0.05,0.03,0.00,418.00000
SSZ6,RFUD,SMLT-12.26,Фьючерсный контракт SMLT-12.26,428,0,1.00000,2026-12-17,2026-12-18,SS,SMLT-12.26,SMLT,220748,1,223.56,537.00000,319.00000,1.00000,428,426,2026-08-12 07:00:04,0.09,0.05,0.03,0.00,428.00000
SuQ6,RFUD,SUGAR-8.26,Фьючерсный контракт SUGAR-8.26,63670,0,10.00000,2026-08-14,2026-08-14,Su,SUGAR-8.26,SUGAR,1710,100,1022.77,68780.00000,58560.00000,1.00000,63670,63500,2026-08-12 07:00:04,0.84,0.42,0.28,0.28,63670.00000
SuU6,RFUD,SUGAR-9.26,Фьючерсный контракт SUGAR-9.26,66010,0,10.00000,2026-09-15,2026-09-15,Su,SUGAR-9.26,SUGAR,484,100,1130.73,71410.00000,60610.00000,1.00000,66010,66680,2026-08-12 07:00:04,0.87,0.44,0.29,0.29,66010.00000
SuV6,RFUD,SUGAR-10.26,Фьючерсный контракт SUGAR-10.26,66100,0,10.00000,2026-10-15,2026-10-15,Su,SUGAR-10.26,SUGAR,20,100,1148.23,71750.00000,60450.00000,1.00000,66100,66480,2026-08-12 07:00:04,0.87,0.44,0.29,0.29,66100.00000
SVH7,RFUD,SILV-3.27,Фьючерсный контракт SILV-3.27,68.56,2,0.01000,2027-03-19,2027-03-19,SV,SILV-3.27,SILV,1464,10,12904.09,77.36000,59.76000,8.23742,68.56,68.32,2026-08-12 07:00:03,7.46,3.73,2.49,2.48,68.56000
SVM7,RFUD,SILV-6.27,Фьючерсный контракт SILV-6.27,69.78,2,0.01000,2027-06-18,2027-06-18,SV,SILV-6.27,SILV,590,10,13203.76,78.76000,60.80000,8.23742,69.78,70.18,2026-08-12 07:00:04,7.58,3.79,2.52,2.53,69.78000
SVU6,RFUD,SILV-9.26,Фьючерсный контракт SILV-9.26,65.43,2,0.01000,2026-09-18,2026-09-18,SV,SILV-9.26,SILV,545074,10,11602.97,73.46000,57.40000,8.23742,65.43,65.13,2026-08-12 07:00:03,7.11,3.56,2.37,2.37,65.43000
SVZ6,RFUD,SILV-12.26,Фьючерсный контракт SILV-12.26,67.05,2,0.01000,2026-12-18,2026-12-18,SV,SILV-12.26,SILV,31228,10,12891.02,75.62000,58.48000,8.23742,67.05,66.8,2026-08-12 07:00:03,7.29,3.65,2.43,2.43,67.05000
SXU6,RFUD,STOX-9.26,Фьючерсный контракт STOX-9.26,6637.8,1,0.10000,2026-09-18,2026-09-18,SX,STOX-9.26,STOX,8412,100,921.51,7056.20000,6219.40000,0.09518,6637.8,6649.9,2026-08-12 07:00:03,1.25,0.63,0.42,0.42,6637.80000
SXZ6,RFUD,STOX-12.26,Фьючерсный контракт STOX-12.26,6630,1,0.10000,2026-12-18,2026-12-18,SX,STOX-12.26,STOX,470,100,951.76,7060.70000,6199.30000,0.09518,6630,6630,2026-08-12 07:00:04,1.25,0.63,0.42,0.42,6630.00000
SYU6,RFUD,SONY-9.26,Фьючерсный контракт SONY-9.26,23.83,2,0.01000,2026-09-18,2026-09-18,SY,SONY-9.26,SONY,50,10,5588.59,26.76000,20.90000,8.23742,23.83,23.94,2026-08-12 07:00:03,3.88,1.94,1.29,1.30,23.83000
SYZ6,RFUD,SONY-12.26,Фьючерсный контракт SONY-12.26,24.35,2,0.01000,2026-12-18,2026-12-18,SY,SONY-12.26,SONY,30,10,5697.77,27.32000,21.38000,8.23742,24.35,24.41,2026-08-12 07:00:03,3.97,1.99,1.32,1.32,24.35000
SZU6,RFUD,SGZH-9.26,Фьючерсный контракт SGZH-9.26,757,0,1.00000,2026-09-17,2026-09-18,SZ,SGZH-9.26,SGZH,607786,1000,565.29,1036.00000,478.00000,1.00000,757,752,2026-08-12 07:00:03,0.15,0.08,0.05,0.00,757.00000
SZZ6,RFUD,SGZH-12.26,Фьючерсный контракт SGZH-12.26,714,0,1.00000,2026-12-17,2026-12-18,SZ,SGZH-12.26,SGZH,89718,1000,581.50,998.00000,430.00000,1.00000,714,710,2026-08-12 07:00:04,0.14,0.07,0.05,0.00,714.00000
TBU6,RFUD,T-9.26,Фьючерсный контракт T-9.26,2875,0,1.00000,2026-09-17,2026-09-18,TB,T-9.26,T,785008,10,523.03,3133.00000,2617.00000,1.00000,2875,2875,2026-08-12 07:00:03,0.57,0.29,0.19,0.00,2875.00000
TBZ6,RFUD,T-12.26,Фьючерсный контракт T-12.26,2927,0,1.00000,2026-12-17,2026-12-18,TB,T-12.26,T,50122,10,568.46,3205.00000,2649.00000,1.00000,2927,2932,2026-08-12 07:00:03,0.58,0.29,0.19,0.00,2927.00000
TCU6,RFUD,TENCENT-9.26,Фьючерсный контракт TENCENT-9.26,473.8,1,0.10000,2026-09-18,2026-09-18,TC,TENCENT-9.26,TENCENT,852,10,7254.14,503.60000,444.00000,10.49690,473.8,473.2,2026-08-12 07:00:03,9.85,4.93,3.29,3.28,473.80000
TCZ6,RFUD,TENCENT-12.26,Фьючерсный контракт TENCENT-12.26,482.2,1,0.10000,2026-12-18,2026-12-18,TC,TENCENT-12.26,TENCENT,4,10,7502.88,512.90000,451.50000,10.49690,482.2,0,2026-08-12 07:00:04,10.02,5.01,3.34,3.34,482.20000
TLU6,RFUD,TLT-9.26,Фьючерсный контракт TLT-9.26,82.63,2,0.01000,2026-09-18,2026-09-18,TL,TLT-9.26,TLT,3476,10,5202.74,85.36000,79.90000,8.23742,82.63,82.49,2026-08-12 07:00:03,13.48,6.74,4.49,4.49,82.63000
TLZ6,RFUD,TLT-12.26,Фьючерсный контракт TLT-12.26,82.42,2,0.01000,2026-12-18,2026-12-18,TL,TLT-12.26,TLT,1148,10,5510.06,85.30000,79.54000,8.23742,82.42,82.41,2026-08-12 07:00:04,13.44,6.72,4.48,4.48,82.42000
TNU6,RFUD,TRNF-9.26,Фьючерсный контракт TRNF-9.26,1115,0,1.00000,2026-09-17,2026-09-18,TN,TRNF-9.26,TRNF,400264,1,232.96,1230.00000,1000.00000,1.00000,1115,1115,2026-08-12 07:00:03,0.22,0.11,0.07,0.00,1115.00000
TNZ6,RFUD,TRNF-12.26,Фьючерсный контракт TRNF-12.26,1154,0,1.00000,2026-12-17,2026-12-18,TN,TRNF-12.26,TRNF,109250,1,251.41,1277.00000,1031.00000,1.00000,1154,1155,2026-08-12 07:00:04,0.23,0.12,0.07,0.00,1154.00000
TOU6,RFUD,TOYOTA-9.26,Фьючерсный контракт TOYOTA-9.26,190.69,2,0.01000,2026-09-18,2026-09-18,TO,TOYOTA-9.26,TOYOTA,24,1,3199.84,207.47000,173.91000,0.82374,190.69,190.2,2026-08-12 07:00:03,3.11,1.56,1.04,1.04,190.69000
TOZ6,RFUD,TOYOTA-12.26,Фьючерсный контракт TOYOTA-12.26,192.97,2,0.01000,2026-12-18,2026-12-18,TO,TOYOTA-12.26,TOYOTA,8,1,3280.74,210.12000,175.82000,0.82374,192.97,0,2026-08-12 07:00:03,3.15,1.58,1.05,1.05,192.97000
TPU6,RFUD,TATP-9.26,Фьючерсный контракт TATP-9.26,5613,0,1.00000,2026-09-17,2026-09-18,TP,TATP-9.26,TATP,49030,10,1174.26,6194.00000,5032.00000,1.00000,5613,5642,2026-08-12 07:00:03,1.11,0.56,0.37,0.00,5613.00000
TPZ6,RFUD,TATP-12.26,Фьючерсный контракт TATP-12.26,5485,0,1.00000,2026-12-17,2026-12-18,TP,TATP-12.26,TATP,1236,10,1259.60,6101.00000,4869.00000,1.00000,5485,5500,2026-08-12 07:00:03,1.08,0.54,0.36,0.00,5485.00000
TRU6,RFUD,UTRY-9.26,Фьючерсный контракт UTRY-9.26,48.2473,4,0.00010,2026-09-17,2026-09-17,TR,UTRY-9.26,UTRY,0,1000,28440.17,54.51640,41.97820,0.17281,48.2473,0,2026-08-12 07:00:03,3.85,1.93,1.29,1.28,48.24730
TRZ6,RFUD,UTRY-12.26,Фьючерсный контракт UTRY-12.26,49.4225,4,0.00010,2026-12-17,2026-12-17,TR,UTRY-12.26,UTRY,0,1000,31579.32,56.24570,42.59930,0.17281,49.4225,0,2026-08-12 07:00:04,3.95,1.98,1.32,1.32,49.42250
TSU6,RFUD,TSM-9.26,Фьючерсный контракт TSM-9.26,427.2,1,0.10000,2026-09-18,2026-09-18,TS,TSM-9.26,TSM,1374,1,8797.19,473.30000,381.10000,8.23742,427.2,428.5,2026-08-12 07:00:03,6.97,3.49,2.33,2.32,427.20000
TSZ6,RFUD,TSM-12.26,Фьючерсный контракт TSM-12.26,445.5,1,0.10000,2026-12-18,2026-12-18,TS,TSM-12.26,TSM,64,1,9097.60,492.50000,398.50000,8.23742,445.5,0,2026-08-12 07:00:03,7.27,3.64,2.42,2.42,445.50000
TTU6,RFUD,TATN-9.26,Фьючерсный контракт TATN-9.26,57536,0,1.00000,2026-09-17,2026-09-18,TT,TATN-9.26,TATN,9680,100,10326.00,62648.00000,52424.00000,1.00000,57536,57920,2026-08-12 07:00:03,11.39,5.70,3.79,0.00,57536.00000
TTZ6,RFUD,TATN-12.26,Фьючерсный контракт TATN-12.26,56652,0,1.00000,2026-12-17,2026-12-18,TT,TATN-12.26,TATN,1178,100,11188.54,62127.00000,51177.00000,1.00000,56652,56871,2026-08-12 07:00:04,11.22,5.61,3.74,0.00,56652.00000
TXQ6,RFUD,TRX-8.26,Фьючерсный контракт TRX-8.26,0.3361,4,0.00010,2026-08-28,2026-08-28,TX,TRX-8.26,TRX,3912,1,966.07,0.38690,0.28530,0.82374,0.3361,0.3361,2026-08-12 07:00:03,1.11,0.56,0.56,0.18,0.33610
TXU6,RFUD,TRX-9.26,Фьючерсный контракт TRX-9.26,0.3372,4,0.00010,2026-09-25,2026-09-25,TX,TRX-9.26,TRX,14,1,985.29,0.38880,0.28560,0.82374,0.3372,0.3378,2026-08-12 07:00:04,1.11,0.56,0.56,0.18,0.33720
TXV6,RFUD,TRX-10.26,Фьючерсный контракт TRX-10.26,0.3386,4,0.00010,2026-10-30,2026-10-30,TX,TRX-10.26,TRX,52,1,992.27,0.39050,0.28670,0.82374,0.3386,0,2026-08-12 07:00:04,1.11,0.56,0.56,0.18,0.33860
TYU6,RFUD,TRY-9.26,Фьючерсный контракт TRY-9.26,1.676,3,0.00100,2026-09-17,2026-09-17,TY,TRY-9.26,TRY,1954,1000,540.20,2.07700,1.27500,1.00000,1.676,1.685,2026-08-12 07:00:03,0.07,0.04,0.02,0.03,1.67600
TYZ6,RFUD,TRY-12.26,Фьючерсный контракт TRY-12.26,1.665,3,0.00100,2026-12-17,2026-12-17,TY,TRY-12.26,TRY,110,1000,564.08,2.07900,1.25100,1.00000,1.665,0,2026-08-12 07:00:04,0.07,0.04,0.02,0.03,1.66500
UCH7,RFUD,UCNY-3.27,Фьючерсный контракт UCNY-3.27,6.756,3,0.00100,2027-03-18,2027-03-18,UC,UCNY-3.27,UCNY,34,1000,9136.04,7.23600,6.27600,12.24350,6.756,6.756,2026-08-12 07:00:03,3.83,1.92,1.27,1.27,6.75600
UCM7,RFUD,UCNY-6.27,Фьючерсный контракт UCNY-6.27,6.783,3,0.00100,2027-06-17,2027-06-17,UC,UCNY-6.27,UCNY,26,1000,9796.05,7.29500,6.27100,12.24350,6.783,0,2026-08-12 07:00:04,3.83,1.92,1.27,1.28,6.78300
UCU6,RFUD,UCNY-9.26,Фьючерсный контракт UCNY-9.26,6.739,3,0.00100,2026-09-17,2026-09-17,UC,UCNY-9.26,UCNY,196642,1000,7995.92,7.16300,6.31500,12.24350,6.739,6.739,2026-08-12 07:00:03,3.81,1.91,1.27,1.27,6.73900
UCZ6,RFUD,UCNY-12.26,Фьючерсный контракт UCNY-12.26,6.737,3,0.00100,2026-12-17,2026-12-17,UC,UCNY-12.26,UCNY,52830,1000,8591.80,7.19000,6.28400,12.24350,6.737,6.737,2026-08-12 07:00:03,3.81,1.91,1.27,1.27,6.73700
UMU6,RFUD,USDM-9.26,Фьючерсный контракт USDM-9.26,83.3,2,0.01000,2026-09-17,2026-09-17,UM,USDM-9.26,USDM,9470,100,1306.36,90.44000,76.16000,1.00000,83.3,83.33,2026-08-12 07:00:04,0.38,0.19,0.12,0.13,83.30000
UMZ6,RFUD,USDM-12.26,Фьючерсный контракт USDM-12.26,84.83,2,0.01000,2026-12-17,2026-12-17,UM,USDM-12.26,USDM,3008,100,1344.60,92.15000,77.51000,1.00000,84.83,84.78,2026-08-12 07:00:04,0.40,0.20,0.14,0.13,84.83000
UNU6,RFUD,UPRO-9.26,Фьючерсный контракт UPRO-9.26,11423,0,1.00000,2026-09-17,2026-09-18,UN,UPRO-9.26,UPRO,10086,10000,2383.25,12602.00000,10244.00000,1.00000,11423,11424,2026-08-12 07:00:03,2.26,1.13,0.75,0.00,11423.00000
UNZ6,RFUD,UPRO-12.26,Фьючерсный контракт UPRO-12.26,11670,0,1.00000,2026-12-17,2026-12-18,UN,UPRO-12.26,UPRO,692,10000,2568.69,12926.00000,10414.00000,1.00000,11670,11750,2026-08-12 07:00:03,2.31,1.16,0.77,0.00,11670.00000
USDRUBF,RFUD,USDRUBF,USDRUBF,82.37,2,0.01000,2100-01-01,2100-01-01,US,USDRUBF,USDRUBTOM,1180400,1000,12371.71,89.17000,75.57000,10.00000,82.37,82.71,2026-08-12 07:00:03,3.81,1.91,1.27,82.37,82.37000
UTU6,RFUD,UKZT-9.26,Фьючерсный контракт UKZT-9.26,499.3,1,0.10000,2026-09-17,2026-09-17,UT,UKZT-9.26,UKZT,0,1000,16190.73,542.10000,456.50000,17.98000,499.3,0,2026-08-12 07:00:03,4.14,2.07,1.38,1.38,499.30000
UTZ6,RFUD,UKZT-12.26,Фьючерсный контракт UKZT-12.26,510.4,1,0.10000,2026-12-17,2026-12-17,UT,UKZT-12.26,UKZT,0,1000,16668.50,554.30000,466.50000,17.98000,510.4,0,2026-08-12 07:00:04,4.24,2.12,1.41,1.41,510.40000
VBU6,RFUD,VTBR-9.26,Фьючерсный контракт VTBR-9.26,5962,0,1.00000,2026-09-17,2026-09-18,VB,VTBR-9.26,VTBR,1013304,100,1068.30,6490.00000,5434.00000,1.00000,5962,5940,2026-08-12 07:00:03,1.18,0.59,0.40,0.00,5962.00000
VBZ6,RFUD,VTBR-12.26,Фьючерсный контракт VTBR-12.26,6159,0,1.00000,2026-12-17,2026-12-18,VB,VTBR-12.26,VTBR,118602,100,1164.40,6728.00000,5590.00000,1.00000,6159,6145,2026-08-12 07:00:04,1.22,0.61,0.40,0.00,6159.00000
VIQ6,RFUD,RVI-8.26,Фьючерсный контракт RVI-8.26,40.4,2,0.05000,2026-08-20,2026-08-20,VI,RVI-8.26,RVI,3014,1,2680.11,47.45000,33.35000,8.23742,40.4,40.1,2026-08-12 07:00:04,0.44,0.22,0.14,0.15,40.40000
VIU6,RFUD,RVI-9.26,Фьючерсный контракт RVI-9.26,39.35,2,0.05000,2026-09-17,2026-09-17,VI,RVI-9.26,RVI,542,1,2764.27,46.40000,32.30000,8.23742,39.35,39.35,2026-08-12 07:00:04,0.43,0.22,0.14,0.14,39.35000
VIV6,RFUD,RVI-10.26,Фьючерсный контракт RVI-10.26,40.4,2,0.05000,2026-10-15,2026-10-15,VI,RVI-10.26,RVI,0,1,2688.04,47.45000,33.35000,8.23742,40.4,0,2026-08-12 07:00:04,0.44,0.22,0.14,0.15,40.40000
VKU6,RFUD,VKCO-9.26,Фьючерсный контракт VKCO-9.26,1628,0,1.00000,2026-09-17,2026-09-18,VK,VKCO-9.26,VKCO,295468,10,437.36,1844.00000,1412.00000,1.00000,1628,1644,2026-08-12 07:00:03,0.33,0.17,0.11,0.00,1628.00000
VKZ6,RFUD,VKCO-12.26,Фьючерсный контракт VKCO-12.26,1679,0,1.00000,2026-12-17,2026-12-18,VK,VKCO-12.26,VKCO,39920,10,465.42,1906.00000,1452.00000,1.00000,1679,1702,2026-08-12 07:00:04,0.33,0.17,0.11,0.00,1679.00000
W4F7,RFUD,WHEAT-1.27,Фьючерсный контракт WHEAT-1.27,17860,0,10.00000,2027-01-29,2027-01-29,W4,WHEAT-1.27,WHEAT,3618,1,1945.78,18800.00000,16920.00000,10.00000,17860,17970,2026-08-12 07:00:03,2.36,1.18,0.78,0.79,17860.00000
W4G7,RFUD,WHEAT-2.27,Фьючерсный контракт WHEAT-2.27,18250,0,10.00000,2027-02-26,2027-02-26,W4,WHEAT-2.27,WHEAT,2136,1,1995.79,19220.00000,17280.00000,10.00000,18250,18370,2026-08-12 07:00:03,2.41,1.21,0.80,0.80,18250.00000
W4H7,RFUD,WHEAT-3.27,Фьючерсный контракт WHEAT-3.27,18340,0,10.00000,2027-03-31,2027-03-31,W4,WHEAT-3.27,WHEAT,232,1,2007.14,19310.00000,17370.00000,10.00000,18340,18380,2026-08-12 07:00:03,2.42,1.21,0.80,0.81,18340.00000
W4J7,RFUD,WHEAT-4.27,Фьючерсный контракт WHEAT-4.27,18580,0,10.00000,2027-04-30,2027-04-30,W4,WHEAT-4.27,WHEAT,114,1,1998.86,19550.00000,17610.00000,10.00000,18580,18580,2026-08-12 07:00:03,2.45,1.23,0.82,0.82,18580.00000
W4K7,RFUD,WHEAT-5.27,Фьючерсный контракт WHEAT-5.27,18700,0,10.00000,2027-05-31,2027-05-31,W4,WHEAT-5.27,WHEAT,154,1,2004.89,19670.00000,17730.00000,10.00000,18700,18700,2026-08-12 07:00:03,2.47,1.24,0.82,0.82,18700.00000
W4M7,RFUD,WHEAT-6.27,Фьючерсный контракт WHEAT-6.27,18900,0,10.00000,2027-06-30,2027-06-30,W4,WHEAT-6.27,WHEAT,148,1,2017.52,19880.00000,17920.00000,10.00000,18900,19060,2026-08-12 07:00:04,2.49,1.25,0.83,0.83,18900.00000
W4N7,RFUD,WHEAT-7.27,Фьючерсный контракт WHEAT-7.27,19160,0,10.00000,2027-07-30,2027-07-30,W4,WHEAT-7.27,WHEAT,30,1,2021.17,20140.00000,18180.00000,10.00000,19160,19630,2026-08-12 07:00:04,2.52,1.26,0.84,0.84,19160.00000
W4Q6,RFUD,WHEAT-8.26,Фьючерсный контракт WHEAT-8.26,13900,0,10.00000,2026-08-31,2026-08-31,W4,WHEAT-8.26,WHEAT,21914,1,1469.80,14630.00000,13170.00000,10.00000,13900,13920,2026-08-12 07:00:03,1.84,0.92,0.61,0.61,13900.00000
W4U6,RFUD,WHEAT-9.26,Фьючерсный контракт WHEAT-9.26,15270,0,10.00000,2026-09-30,2026-09-30,W4,WHEAT-9.26,WHEAT,23340,1,1615.17,16060.00000,14480.00000,10.00000,15270,15380,2026-08-12 07:00:03,2.02,1.01,0.68,0.67,15270.00000
W4V6,RFUD,WHEAT-10.26,Фьючерсный контракт WHEAT-10.26,16070,0,10.00000,2026-10-30,2026-10-30,W4,WHEAT-10.26,WHEAT,6488,1,1698.80,16900.00000,15240.00000,10.00000,16070,16160,2026-08-12 07:00:03,2.12,1.06,0.71,0.71,16070.00000
W4X6,RFUD,WHEAT-11.26,Фьючерсный контракт WHEAT-11.26,17230,0,10.00000,2026-11-30,2026-11-30,W4,WHEAT-11.26,WHEAT,4530,1,1774.25,18100.00000,16360.00000,10.00000,17230,17270,2026-08-12 07:00:03,2.28,1.14,0.76,0.76,17230.00000
W4Z6,RFUD,WHEAT-12.26,Фьючерсный контракт WHEAT-12.26,17440,0,10.00000,2026-12-30,2026-12-30,W4,WHEAT-12.26,WHEAT,4544,1,1861.25,18350.00000,16530.00000,10.00000,17440,17810,2026-08-12 07:00:03,2.30,1.15,0.77,0.77,17440.00000
WTF7,RFUD,WTI-1.27,Фьючерсный контракт WTI-1.27,79.09,2,0.01000,2027-01-20,2027-01-20,WT,WTI-1.27,WTI,0,10,19122.70,92.07000,66.11000,8.23742,79.09,0,2026-08-12 07:00:04,8.59,4.30,2.87,2.87,79.09000
WTG7,RFUD,WTI-2.27,Фьючерсный контракт WTI-2.27,76.89,2,0.01000,2027-02-22,2027-02-22,WT,WTI-2.27,WTI,0,10,19326.18,89.98000,63.80000,8.23742,76.89,0,2026-08-12 07:00:04,8.36,4.18,2.78,2.79,76.89000
WTQ6,RFUD,WTI-8.26,Фьючерсный контракт WTI-8.26,83.35,2,0.01000,2026-08-20,2026-08-20,WT,WTI-8.26,WTI,2226,10,16790.76,95.02000,71.68000,8.23742,83.35,83.35,2026-08-12 07:00:04,9.06,4.53,3.02,3.02,83.35000
WTU6,RFUD,WTI-9.26,Фьючерсный контракт WTI-9.26,81,2,0.01000,2026-09-22,2026-09-22,WT,WTI-9.26,WTI,58,10,17635.21,93.15000,68.85000,8.23742,81,80.47,2026-08-12 07:00:04,8.80,4.40,2.94,2.94,81.00000
WTV6,RFUD,WTI-10.26,Фьючерсный контракт WTI-10.26,80.1,2,0.01000,2026-10-20,2026-10-20,WT,WTI-10.26,WTI,10,10,18185.46,92.56000,67.64000,8.23742,80.1,80.1,2026-08-12 07:00:04,8.71,4.36,2.90,2.90,80.10000
WTX6,RFUD,WTI-11.26,Фьючерсный контракт WTI-11.26,78.22,2,0.01000,2026-11-20,2026-11-20,WT,WTI-11.26,WTI,14,10,18308.84,90.74000,65.70000,8.23742,78.22,0,2026-08-12 07:00:04,8.50,4.25,2.83,2.84,78.22000
WTZ6,RFUD,WTI-12.26,Фьючерсный контракт WTI-12.26,77.92,2,0.01000,2026-12-21,2026-12-21,WT,WTI-12.26,WTI,0,10,18729.48,90.68000,65.16000,8.23742,77.92,0,2026-08-12 07:00:04,8.47,4.24,2.82,2.82,77.92000
WUU6,RFUD,WUSH-9.26,Фьючерсный контракт WUSH-9.26,564,0,1.00000,2026-09-17,2026-09-18,WU,WUSH-9.26,WUSH,708152,10,191.33,658.00000,470.00000,1.00000,564,569,2026-08-12 07:00:03,0.11,0.06,0.04,0.00,564.00000
WUZ6,RFUD,WUSH-12.26,Фьючерсный контракт WUSH-12.26,572,0,1.00000,2026-12-17,2026-12-18,WU,WUSH-12.26,WUSH,26796,10,201.35,670.00000,474.00000,1.00000,572,576,2026-08-12 07:00:03,0.12,0.06,0.04,0.00,572.00000
X5U6,RFUD,X5-9.26,Фьючерсный контракт X5-9.26,2145,0,1.00000,2026-09-17,2026-09-18,X5,X5-9.26,X5,979412,1,384.82,2335.00000,1955.00000,1.00000,2145,2155,2026-08-12 07:00:03,0.42,0.21,0.14,0.00,2145.00000
X5Z6,RFUD,X5-12.26,Фьючерсный контракт X5-12.26,2220,0,1.00000,2026-12-17,2026-12-18,X5,X5-12.26,X5,30148,1,419.49,2425.00000,2015.00000,1.00000,2220,2224,2026-08-12 07:00:04,0.44,0.22,0.14,0.00,2220.00000
XIU6,RFUD,XIA-9.26,Фьючерсный контракт XIA-9.26,27.06,2,0.01000,2026-09-18,2026-09-18,XI,XIA-9.26,XIA,1572,100,4800.33,29.03000,25.09000,10.49690,27.06,26.72,2026-08-12 07:00:03,5.62,2.81,1.88,1.87,27.06000
XIZ6,RFUD,XIA-12.26,Фьючерсный контракт XIA-12.26,27.45,2,0.01000,2026-12-18,2026-12-18,XI,XIA-12.26,XIA,82,100,4943.76,29.47000,25.43000,10.49690,27.45,0,2026-08-12 07:00:04,5.70,2.85,1.90,1.90,27.45000
XRQ6,RFUD,XRP-8.26,Фьючерсный контракт XRP-8.26,1.0176,4,0.00010,2026-08-28,2026-08-28,XR,XRP-8.26,XRP,11670,1,4181.40,1.23770,0.79750,0.82374,1.0176,1.0353,2026-08-12 07:00:03,3.36,1.68,1.67,0.55,1.01760
XRU6,RFUD,XRP-9.26,Фьючерсный контракт XRP-9.26,1.0346,4,0.00010,2026-09-25,2026-09-25,XR,XRP-9.26,XRP,212,1,4246.33,1.25710,0.81210,0.82374,1.0346,1.0421,2026-08-12 07:00:04,3.41,1.71,1.70,0.56,1.03460
XRV6,RFUD,XRP-10.26,Фьючерсный контракт XRP-10.26,1.05,4,0.00010,2026-10-30,2026-10-30,XR,XRP-10.26,XRP,28,1,4270.70,1.27340,0.82660,0.82374,1.05,1.05,2026-08-12 07:00:04,3.46,1.73,1.73,0.57,1.05000
YDU6,RFUD,YDEX-9.26,Фьючерсный контракт YDEX-9.26,4078,0,1.00000,2026-09-17,2026-09-18,YD,YDEX-9.26,YDEX,479522,1,730.80,4439.00000,3717.00000,1.00000,4078,4074,2026-08-12 07:00:03,0.80,0.40,0.26,0.00,4078.00000
YDZ6,RFUD,YDEX-12.26,Фьючерсный контракт YDEX-12.26,4105,0,1.00000,2026-12-17,2026-12-18,YD,YDEX-12.26,YDEX,28014,1,806.05,4493.00000,3717.00000,1.00000,4105,4104,2026-08-12 07:00:04,0.82,0.41,0.28,0.00,4105.00000
ZCU6,RFUD,ZINC-9.26,Фьючерсный контракт ZINC-9.26,3736,1,0.50000,2026-09-15,2026-09-15,ZC,ZINC-9.26,ZINC,366,100,3757.32,3933.00000,3539.00000,4.11871,3736,3736,2026-08-12 07:00:03,4.07,2.04,1.36,1.35,3736.00000
ZCZ6,RFUD,ZINC-12.26,Фьючерсный контракт ZINC-12.26,3715,1,0.50000,2026-12-15,2026-12-15,ZC,ZINC-12.26,ZINC,192,100,4238.05,3935.00000,3495.00000,4.11871,3715,3745,2026-08-12 07:00:03,4.04,2.02,1.34,1.35,3715.00000
