Date,cl_period,KEY_PERIOD,BC,r
2026-08-12,CL,1D,1MFR,0.0
2026-08-12,CL,1W,1MFR,0.0
2026-08-12,CL,2W,1MFR,0.0
2026-08-12,CL,1M,1MFR,0.0
2026-08-12,CL,2M,1MFR,0.0
2026-08-12,CL,3M,1MFR,0.0
2026-08-12,CL,6M,1MFR,0.0
2026-08-12,CL,9M,1MFR,0.0
2026-08-12,CL,1Y,1MFR,0.0
2026-08-12,CL,2Y,1MFR,0.0
2026-08-12,CL,3Y,1MFR,0.0
2026-08-12,CL,4Y,1MFR,0.0
2026-08-12,CL,5Y,1MFR,0.0
2026-08-12,CL,6Y,1MFR,0.0
2026-08-12,CL,7Y,1MFR,0.0
2026-08-12,CL,8Y,1MFR,0.0
2026-08-12,CL,9Y,1MFR,0.0
2026-08-12,CL,10Y,1MFR,0.0
2026-08-12,CL,1D,AED,0.0634924282299266
2026-08-12,CL,1W,AED,0.0634924282299266
2026-08-12,CL,2W,AED,0.0634924282299266
2026-08-12,CL,1M,AED,0.0634924282299266
2026-08-12,CL,2M,AED,0.0634924282299266
2026-08-12,CL,3M,AED,0.0634924282299266
2026-08-12,CL,6M,AED,0.0634924282299266
2026-08-12,CL,9M,AED,0.0634924282299266
2026-08-12,CL,1Y,AED,0.0634924282299266
2026-08-12,CL,2Y,AED,0.0634924282299266
2026-08-12,CL,3Y,AED,0.0634924282299266
2026-08-12,CL,4Y,AED,0.0634924282299266
2026-08-12,CL,5Y,AED,0.0634924282299266
2026-08-12,CL,6Y,AED,0.0634924282299266
2026-08-12,CL,7Y,AED,0.0634924282299266
2026-08-12,CL,8Y,AED,0.0634924282299266
2026-08-12,CL,9Y,AED,0.0634924282299266
2026-08-12,CL,10Y,AED,0.0634924282299266
2026-08-12,CL,1D,AFKS,0.06193863822842169
2026-08-12,CL,1W,AFKS,0.06193863822842169
2026-08-12,CL,2W,AFKS,0.06193863822842169
2026-08-12,CL,1M,AFKS,0.06193863822842169
2026-08-12,CL,2M,AFKS,0.07108261810477277
2026-08-12,CL,3M,AFKS,0.08251259295021163
2026-08-12,CL,6M,AFKS,0.09660956192625289
2026-08-12,CL,9M,AFKS,0.09660956192625289
2026-08-12,CL,1Y,AFKS,0.09660956192625289
2026-08-12,CL,2Y,AFKS,0.09660956192625289
2026-08-12,CL,3Y,AFKS,0.09660956192625289
2026-08-12,CL,4Y,AFKS,0.09660956192625289
2026-08-12,CL,5Y,AFKS,0.09660956192625289
2026-08-12,CL,6Y,AFKS,0.09660956192625289
2026-08-12,CL,7Y,AFKS,0.09660956192625289
2026-08-12,CL,8Y,AFKS,0.09660956192625289
2026-08-12,CL,9Y,AFKS,0.09660956192625289
2026-08-12,CL,10Y,AFKS,0.09660956192625289
2026-08-12,CL,1D,AFLT,0.08962612077045756
2026-08-12,CL,1W,AFLT,0.08962612077045756
2026-08-12,CL,2W,AFLT,0.08962612077045756
2026-08-12,CL,1M,AFLT,0.08962612077045756
2026-08-12,CL,2M,AFLT,0.0932539762803015
2026-08-12,CL,3M,AFLT,0.09778879566760643
2026-08-12,CL,6M,AFLT,0.10338173957861584
2026-08-12,CL,9M,AFLT,0.10338173957861584
2026-08-12,CL,1Y,AFLT,0.10338173957861584
2026-08-12,CL,2Y,AFLT,0.10338173957861584
2026-08-12,CL,3Y,AFLT,0.10338173957861584
2026-08-12,CL,4Y,AFLT,0.10338173957861584
2026-08-12,CL,5Y,AFLT,0.10338173957861584
2026-08-12,CL,6Y,AFLT,0.10338173957861584
2026-08-12,CL,7Y,AFLT,0.10338173957861584
2026-08-12,CL,8Y,AFLT,0.10338173957861584
2026-08-12,CL,9Y,AFLT,0.10338173957861584
2026-08-12,CL,10Y,AFLT,0.10338173957861584
2026-08-12,CL,1D,AFRICA,0.02973234264100547
2026-08-12,CL,1W,AFRICA,0.02973234264100547
2026-08-12,CL,2W,AFRICA,0.02973234264100547
2026-08-12,CL,1M,AFRICA,0.02973234264100547
2026-08-12,CL,2M,AFRICA,0.02973234264100547
2026-08-12,CL,3M,AFRICA,0.02973234264100547
2026-08-12,CL,6M,AFRICA,0.02973234264100547
2026-08-12,CL,9M,AFRICA,0.02973234264100547
2026-08-12,CL,1Y,AFRICA,0.02973234264100547
2026-08-12,CL,2Y,AFRICA,0.02973234264100547
2026-08-12,CL,3Y,AFRICA,0.02973234264100547
2026-08-12,CL,4Y,AFRICA,0.02973234264100547
2026-08-12,CL,5Y,AFRICA,0.02973234264100547
2026-08-12,CL,6Y,AFRICA,0.02973234264100547
2026-08-12,CL,7Y,AFRICA,0.02973234264100547
2026-08-12,CL,8Y,AFRICA,0.02973234264100547
2026-08-12,CL,9Y,AFRICA,0.02973234264100547
2026-08-12,CL,10Y,AFRICA,0.02973234264100547
2026-08-12,CL,1D,AI92,0.15450263050928684
2026-08-12,CL,1W,AI92,0.15450263050928684
2026-08-12,CL,2W,AI92,0.15450263050928684
2026-08-12,CL,1M,AI92,0.15450263050928684
2026-08-12,CL,2M,AI92,0.10153597980507913
2026-08-12,CL,3M,AI92,0.09775264761192143
2026-08-12,CL,6M,AI92,0.09775264761192143
2026-08-12,CL,9M,AI92,0.09775264761192143
2026-08-12,CL,1Y,AI92,0.09775264761192143
2026-08-12,CL,2Y,AI92,0.09775264761192143
2026-08-12,CL,3Y,AI92,0.09775264761192143
2026-08-12,CL,4Y,AI92,0.09775264761192143
2026-08-12,CL,5Y,AI92,0.09775264761192143
2026-08-12,CL,6Y,AI92,0.09775264761192143
2026-08-12,CL,7Y,AI92,0.09775264761192143
2026-08-12,CL,8Y,AI92,0.09775264761192143
2026-08-12,CL,9Y,AI92,0.09775264761192143
2026-08-12,CL,10Y,AI92,0.09775264761192143
2026-08-12,CL,1D,AI95,0.2555106841108078
2026-08-12,CL,1W,AI95,0.2555106841108078
2026-08-12,CL,2W,AI95,0.2555106841108078
2026-08-12,CL,1M,AI95,0.2555106841108078
2026-08-12,CL,2M,AI95,0.12340082748328726
2026-08-12,CL,3M,AI95,0.11396440915275007
2026-08-12,CL,6M,AI95,0.11396440915275007
2026-08-12,CL,9M,AI95,0.11396440915275007
2026-08-12,CL,1Y,AI95,0.11396440915275007
2026-08-12,CL,2Y,AI95,0.11396440915275007
2026-08-12,CL,3Y,AI95,0.11396440915275007
2026-08-12,CL,4Y,AI95,0.11396440915275007
2026-08-12,CL,5Y,AI95,0.11396440915275007
2026-08-12,CL,6Y,AI95,0.11396440915275007
2026-08-12,CL,7Y,AI95,0.11396440915275007
2026-08-12,CL,8Y,AI95,0.11396440915275007
2026-08-12,CL,9Y,AI95,0.11396440915275007
2026-08-12,CL,10Y,AI95,0.11396440915275007
2026-08-12,CL,1D,ALIBABA,0.08722943526337822
2026-08-12,CL,1W,ALIBABA,0.08722943526337822
2026-08-12,CL,2W,ALIBABA,0.08722943526337822
2026-08-12,CL,1M,ALIBABA,0.08722943526337822
2026-08-12,CL,2M,ALIBABA,0.08722943526337822
2026-08-12,CL,3M,ALIBABA,0.08722943526337822
2026-08-12,CL,6M,ALIBABA,0.08722943526337822
2026-08-12,CL,9M,ALIBABA,0.08722943526337822
2026-08-12,CL,1Y,ALIBABA,0.08722943526337822
2026-08-12,CL,2Y,ALIBABA,0.08722943526337822
2026-08-12,CL,3Y,ALIBABA,0.08722943526337822
2026-08-12,CL,4Y,ALIBABA,0.08722943526337822
2026-08-12,CL,5Y,ALIBABA,0.08722943526337822
2026-08-12,CL,6Y,ALIBABA,0.08722943526337822
2026-08-12,CL,7Y,ALIBABA,0.08722943526337822
2026-08-12,CL,8Y,ALIBABA,0.08722943526337822
2026-08-12,CL,9Y,ALIBABA,0.08722943526337822
2026-08-12,CL,10Y,ALIBABA,0.08722943526337822
2026-08-12,CL,1D,ALRS,-0.07850693340426572
2026-08-12,CL,1W,ALRS,-0.07850693340426572
2026-08-12,CL,2W,ALRS,-0.07850693340426572
2026-08-12,CL,1M,ALRS,-0.07850693340426572
2026-08-12,CL,2M,ALRS,-0.038112852422283724
2026-08-12,CL,3M,ALRS,0.012379748805193769
2026-08-12,CL,6M,ALRS,0.07465395698574935
2026-08-12,CL,9M,ALRS,0.07465395698574935
2026-08-12,CL,1Y,ALRS,0.07465395698574935
2026-08-12,CL,2Y,ALRS,0.07465395698574935
2026-08-12,CL,3Y,ALRS,0.07465395698574935
2026-08-12,CL,4Y,ALRS,0.07465395698574935
2026-08-12,CL,5Y,ALRS,0.07465395698574935
2026-08-12,CL,6Y,ALRS,0.07465395698574935
2026-08-12,CL,7Y,ALRS,0.07465395698574935
2026-08-12,CL,8Y,ALRS,0.07465395698574935
2026-08-12,CL,9Y,ALRS,0.07465395698574935
2026-08-12,CL,10Y,ALRS,0.07465395698574935
2026-08-12,CL,1D,ALUM,-0.014432359838813476
2026-08-12,CL,1W,ALUM,-0.014432359838813476
2026-08-12,CL,2W,ALUM,-0.014432359838813476
2026-08-12,CL,1M,ALUM,-0.014432359838813476
2026-08-12,CL,2M,ALUM,-0.014432359838813476
2026-08-12,CL,3M,ALUM,-0.014432359838813476
2026-08-12,CL,6M,ALUM,-0.014432359838813476
2026-08-12,CL,9M,ALUM,-0.014432359838813476
2026-08-12,CL,1Y,ALUM,-0.014432359838813476
2026-08-12,CL,2Y,ALUM,-0.014432359838813476
2026-08-12,CL,3Y,ALUM,-0.014432359838813476
2026-08-12,CL,4Y,ALUM,-0.014432359838813476
2026-08-12,CL,5Y,ALUM,-0.014432359838813476
2026-08-12,CL,6Y,ALUM,-0.014432359838813476
2026-08-12,CL,7Y,ALUM,-0.014432359838813476
2026-08-12,CL,8Y,ALUM,-0.014432359838813476
2026-08-12,CL,9Y,ALUM,-0.014432359838813476
2026-08-12,CL,10Y,ALUM,-0.014432359838813476
2026-08-12,CL,1D,AMD,0.2448225026090292
2026-08-12,CL,1W,AMD,0.2448225026090292
2026-08-12,CL,2W,AMD,0.2448225026090292
2026-08-12,CL,1M,AMD,0.2448225026090292
2026-08-12,CL,2M,AMD,0.2448225026090292
2026-08-12,CL,3M,AMD,0.2448225026090292
2026-08-12,CL,6M,AMD,0.2448225026090292
2026-08-12,CL,9M,AMD,0.2448225026090292
2026-08-12,CL,1Y,AMD,0.2448225026090292
2026-08-12,CL,2Y,AMD,0.2448225026090292
2026-08-12,CL,3Y,AMD,0.2448225026090292
2026-08-12,CL,4Y,AMD,0.2448225026090292
2026-08-12,CL,5Y,AMD,0.2448225026090292
2026-08-12,CL,6Y,AMD,0.2448225026090292
2026-08-12,CL,7Y,AMD,0.2448225026090292
2026-08-12,CL,8Y,AMD,0.2448225026090292
2026-08-12,CL,9Y,AMD,0.2448225026090292
2026-08-12,CL,10Y,AMD,0.2448225026090292
2026-08-12,CL,1D,ARGT,0.02999437009673788
2026-08-12,CL,1W,ARGT,0.02999437009673788
2026-08-12,CL,2W,ARGT,0.02999437009673788
2026-08-12,CL,1M,ARGT,0.02999437009673788
2026-08-12,CL,2M,ARGT,0.02999437009673788
2026-08-12,CL,3M,ARGT,0.02999437009673788
2026-08-12,CL,6M,ARGT,0.02999437009673788
2026-08-12,CL,9M,ARGT,0.02999437009673788
2026-08-12,CL,1Y,ARGT,0.02999437009673788
2026-08-12,CL,2Y,ARGT,0.02999437009673788
2026-08-12,CL,3Y,ARGT,0.02999437009673788
2026-08-12,CL,4Y,ARGT,0.02999437009673788
2026-08-12,CL,5Y,ARGT,0.02999437009673788
2026-08-12,CL,6Y,ARGT,0.02999437009673788
2026-08-12,CL,7Y,ARGT,0.02999437009673788
2026-08-12,CL,8Y,ARGT,0.02999437009673788
2026-08-12,CL,9Y,ARGT,0.02999437009673788
2026-08-12,CL,10Y,ARGT,0.02999437009673788
2026-08-12,CL,1D,ASML,0.04596675371123863
2026-08-12,CL,1W,ASML,0.04596675371123863
2026-08-12,CL,2W,ASML,0.04596675371123863
2026-08-12,CL,1M,ASML,0.04596675371123863
2026-08-12,CL,2M,ASML,0.04596675371123863
2026-08-12,CL,3M,ASML,0.04596675371123863
2026-08-12,CL,6M,ASML,0.04596675371123863
2026-08-12,CL,9M,ASML,0.04596675371123863
2026-08-12,CL,1Y,ASML,0.04596675371123863
2026-08-12,CL,2Y,ASML,0.04596675371123863
2026-08-12,CL,3Y,ASML,0.04596675371123863
2026-08-12,CL,4Y,ASML,0.04596675371123863
2026-08-12,CL,5Y,ASML,0.04596675371123863
2026-08-12,CL,6Y,ASML,0.04596675371123863
2026-08-12,CL,7Y,ASML,0.04596675371123863
2026-08-12,CL,8Y,ASML,0.04596675371123863
2026-08-12,CL,9Y,ASML,0.04596675371123863
2026-08-12,CL,10Y,ASML,0.04596675371123863
2026-08-12,CL,1D,ASTR,-0.027001051614209348
2026-08-12,CL,1W,ASTR,-0.027001051614209348
2026-08-12,CL,2W,ASTR,-0.027001051614209348
2026-08-12,CL,1M,ASTR,-0.027001051614209348
2026-08-12,CL,2M,ASTR,-0.008541630955746782
2026-08-12,CL,3M,ASTR,0.014532644867331426
2026-08-12,CL,6M,ASTR,0.042990918382461225
2026-08-12,CL,9M,ASTR,0.042990918382461225
2026-08-12,CL,1Y,ASTR,0.042990918382461225
2026-08-12,CL,2Y,ASTR,0.042990918382461225
2026-08-12,CL,3Y,ASTR,0.042990918382461225
2026-08-12,CL,4Y,ASTR,0.042990918382461225
2026-08-12,CL,5Y,ASTR,0.042990918382461225
2026-08-12,CL,6Y,ASTR,0.042990918382461225
2026-08-12,CL,7Y,ASTR,0.042990918382461225
2026-08-12,CL,8Y,ASTR,0.042990918382461225
2026-08-12,CL,9Y,ASTR,0.042990918382461225
2026-08-12,CL,10Y,ASTR,0.042990918382461225
2026-08-12,CL,1D,AUDU,0.0067982880867782204
2026-08-12,CL,1W,AUDU,0.0067982880867782204
2026-08-12,CL,2W,AUDU,0.0067982880867782204
2026-08-12,CL,1M,AUDU,0.0067982880867782204
2026-08-12,CL,2M,AUDU,0.0067982880867782204
2026-08-12,CL,3M,AUDU,0.0067982880867782204
2026-08-12,CL,6M,AUDU,0.0067982880867782204
2026-08-12,CL,9M,AUDU,0.0067982880867782204
2026-08-12,CL,1Y,AUDU,0.0067982880867782204
2026-08-12,CL,2Y,AUDU,0.0067982880867782204
2026-08-12,CL,3Y,AUDU,0.0067982880867782204
2026-08-12,CL,4Y,AUDU,0.0067982880867782204
2026-08-12,CL,5Y,AUDU,0.0067982880867782204
2026-08-12,CL,6Y,AUDU,0.0067982880867782204
2026-08-12,CL,7Y,AUDU,0.0067982880867782204
2026-08-12,CL,8Y,AUDU,0.0067982880867782204
2026-08-12,CL,9Y,AUDU,0.0067982880867782204
2026-08-12,CL,10Y,AUDU,0.0067982880867782204
2026-08-12,CL,1D,BAIDU,0.13256981754026184
2026-08-12,CL,1W,BAIDU,0.13256981754026184
2026-08-12,CL,2W,BAIDU,0.13256981754026184
2026-08-12,CL,1M,BAIDU,0.13256981754026184
2026-08-12,CL,2M,BAIDU,0.13256981754026184
2026-08-12,CL,3M,BAIDU,0.13256981754026184
2026-08-12,CL,6M,BAIDU,0.13256981754026184
2026-08-12,CL,9M,BAIDU,0.13256981754026184
2026-08-12,CL,1Y,BAIDU,0.13256981754026184
2026-08-12,CL,2Y,BAIDU,0.13256981754026184
2026-08-12,CL,3Y,BAIDU,0.13256981754026184
2026-08-12,CL,4Y,BAIDU,0.13256981754026184
2026-08-12,CL,5Y,BAIDU,0.13256981754026184
2026-08-12,CL,6Y,BAIDU,0.13256981754026184
2026-08-12,CL,7Y,BAIDU,0.13256981754026184
2026-08-12,CL,8Y,BAIDU,0.13256981754026184
2026-08-12,CL,9Y,BAIDU,0.13256981754026184
2026-08-12,CL,10Y,BAIDU,0.13256981754026184
2026-08-12,CL,1D,BANE,0.20148075181890132
2026-08-12,CL,1W,BANE,0.20148075181890132
2026-08-12,CL,2W,BANE,0.20148075181890132
2026-08-12,CL,1M,BANE,0.20148075181890132
2026-08-12,CL,2M,BANE,0.17616464039063767
2026-08-12,CL,3M,BANE,0.14451950110530815
2026-08-12,CL,6M,BANE,0.10549049598673502
2026-08-12,CL,9M,BANE,0.10549049598673502
2026-08-12,CL,1Y,BANE,0.10549049598673502
2026-08-12,CL,2Y,BANE,0.10549049598673502
2026-08-12,CL,3Y,BANE,0.10549049598673502
2026-08-12,CL,4Y,BANE,0.10549049598673502
2026-08-12,CL,5Y,BANE,0.10549049598673502
2026-08-12,CL,6Y,BANE,0.10549049598673502
2026-08-12,CL,7Y,BANE,0.10549049598673502
2026-08-12,CL,8Y,BANE,0.10549049598673502
2026-08-12,CL,9Y,BANE,0.10549049598673502
2026-08-12,CL,10Y,BANE,0.10549049598673502
2026-08-12,CL,1D,BELUGA,0.08975581637310387
2026-08-12,CL,1W,BELUGA,0.08975581637310387
2026-08-12,CL,2W,BELUGA,0.08975581637310387
2026-08-12,CL,1M,BELUGA,0.08975581637310387
2026-08-12,CL,2M,BELUGA,0.05459123919002914
2026-08-12,CL,3M,BELUGA,0.010635517711185719
2026-08-12,CL,6M,BELUGA,-0.04357653877938783
2026-08-12,CL,9M,BELUGA,-0.04357653877938783
2026-08-12,CL,1Y,BELUGA,-0.04357653877938783
2026-08-12,CL,2Y,BELUGA,-0.04357653877938783
2026-08-12,CL,3Y,BELUGA,-0.04357653877938783
2026-08-12,CL,4Y,BELUGA,-0.04357653877938783
2026-08-12,CL,5Y,BELUGA,-0.04357653877938783
2026-08-12,CL,6Y,BELUGA,-0.04357653877938783
2026-08-12,CL,7Y,BELUGA,-0.04357653877938783
2026-08-12,CL,8Y,BELUGA,-0.04357653877938783
2026-08-12,CL,9Y,BELUGA,-0.04357653877938783
2026-08-12,CL,10Y,BELUGA,-0.04357653877938783
2026-08-12,CL,1D,BR,-0.31431951996980734
2026-08-12,CL,1W,BR,-0.31431951996980734
2026-08-12,CL,2W,BR,-0.31431951996980734
2026-08-12,CL,1M,BR,-0.31431951996980734
2026-08-12,CL,2M,BR,-0.2825378049540612
2026-08-12,CL,3M,BR,-0.2633369251821894
2026-08-12,CL,6M,BR,-0.19119335193954257
2026-08-12,CL,9M,BR,-0.1905119919555776
2026-08-12,CL,1Y,BR,-0.1905119919555776
2026-08-12,CL,2Y,BR,-0.1905119919555776
2026-08-12,CL,3Y,BR,-0.1905119919555776
2026-08-12,CL,4Y,BR,-0.1905119919555776
2026-08-12,CL,5Y,BR,-0.1905119919555776
2026-08-12,CL,6Y,BR,-0.1905119919555776
2026-08-12,CL,7Y,BR,-0.1905119919555776
2026-08-12,CL,8Y,BR,-0.1905119919555776
2026-08-12,CL,9Y,BR,-0.1905119919555776
2026-08-12,CL,10Y,BR,-0.1905119919555776
2026-08-12,CL,1D,BRAZIL,0.030079666292220496
2026-08-12,CL,1W,BRAZIL,0.030079666292220496
2026-08-12,CL,2W,BRAZIL,0.030079666292220496
2026-08-12,CL,1M,BRAZIL,0.030079666292220496
2026-08-12,CL,2M,BRAZIL,0.030079666292220496
2026-08-12,CL,3M,BRAZIL,0.030079666292220496
2026-08-12,CL,6M,BRAZIL,0.030079666292220496
2026-08-12,CL,9M,BRAZIL,0.030079666292220496
2026-08-12,CL,1Y,BRAZIL,0.030079666292220496
2026-08-12,CL,2Y,BRAZIL,0.030079666292220496
2026-08-12,CL,3Y,BRAZIL,0.030079666292220496
2026-08-12,CL,4Y,BRAZIL,0.030079666292220496
2026-08-12,CL,5Y,BRAZIL,0.030079666292220496
2026-08-12,CL,6Y,BRAZIL,0.030079666292220496
2026-08-12,CL,7Y,BRAZIL,0.030079666292220496
2026-08-12,CL,8Y,BRAZIL,0.030079666292220496
2026-08-12,CL,9Y,BRAZIL,0.030079666292220496
2026-08-12,CL,10Y,BRAZIL,0.030079666292220496
2026-08-12,CL,1D,BRM,-0.31034242364812675
2026-08-12,CL,1W,BRM,-0.31034242364812675
2026-08-12,CL,2W,BRM,-0.31034242364812675
2026-08-12,CL,1M,BRM,-0.31034242364812675
2026-08-12,CL,2M,BRM,-0.2803914355106147
2026-08-12,CL,3M,BRM,-0.2606218218238925
2026-08-12,CL,6M,BRM,-0.17219698586475296
2026-08-12,CL,9M,BRM,-0.1703168268145984
2026-08-12,CL,1Y,BRM,-0.1703168268145984
2026-08-12,CL,2Y,BRM,-0.1703168268145984
2026-08-12,CL,3Y,BRM,-0.1703168268145984
2026-08-12,CL,4Y,BRM,-0.1703168268145984
2026-08-12,CL,5Y,BRM,-0.1703168268145984
2026-08-12,CL,6Y,BRM,-0.1703168268145984
2026-08-12,CL,7Y,BRM,-0.1703168268145984
2026-08-12,CL,8Y,BRM,-0.1703168268145984
2026-08-12,CL,9Y,BRM,-0.1703168268145984
2026-08-12,CL,10Y,BRM,-0.1703168268145984
2026-08-12,CL,1D,BSPB,-0.01792907432530087
2026-08-12,CL,1W,BSPB,-0.01792907432530087
2026-08-12,CL,2W,BSPB,-0.01792907432530087
2026-08-12,CL,1M,BSPB,-0.01792907432530087
2026-08-12,CL,2M,BSPB,-0.03983300127934056
2026-08-12,CL,3M,BSPB,-0.06721290997189015
2026-08-12,CL,6M,BSPB,-0.10098146402603467
2026-08-12,CL,9M,BSPB,-0.10098146402603467
2026-08-12,CL,1Y,BSPB,-0.10098146402603467
2026-08-12,CL,2Y,BSPB,-0.10098146402603467
2026-08-12,CL,3Y,BSPB,-0.10098146402603467
2026-08-12,CL,4Y,BSPB,-0.10098146402603467
2026-08-12,CL,5Y,BSPB,-0.10098146402603467
2026-08-12,CL,6Y,BSPB,-0.10098146402603467
2026-08-12,CL,7Y,BSPB,-0.10098146402603467
2026-08-12,CL,8Y,BSPB,-0.10098146402603467
2026-08-12,CL,9Y,BSPB,-0.10098146402603467
2026-08-12,CL,10Y,BSPB,-0.10098146402603467
2026-08-12,CL,1D,BTC,0.2520180381479211
2026-08-12,CL,1W,BTC,0.2520180381479211
2026-08-12,CL,2W,BTC,0.2520180381479211
2026-08-12,CL,1M,BTC,0.19799189385377114
2026-08-12,CL,2M,BTC,0.1297644462121901
2026-08-12,CL,3M,BTC,0.11290039848711574
2026-08-12,CL,6M,BTC,0.11290039848711574
2026-08-12,CL,9M,BTC,0.11290039848711574
2026-08-12,CL,1Y,BTC,0.11290039848711574
2026-08-12,CL,2Y,BTC,0.11290039848711574
2026-08-12,CL,3Y,BTC,0.11290039848711574
2026-08-12,CL,4Y,BTC,0.11290039848711574
2026-08-12,CL,5Y,BTC,0.11290039848711574
2026-08-12,CL,6Y,BTC,0.11290039848711574
2026-08-12,CL,7Y,BTC,0.11290039848711574
2026-08-12,CL,8Y,BTC,0.11290039848711574
2026-08-12,CL,9Y,BTC,0.11290039848711574
2026-08-12,CL,10Y,BTC,0.11290039848711574
2026-08-12,CL,1D,BYN,0.12476211904018963
2026-08-12,CL,1W,BYN,0.12476211904018963
2026-08-12,CL,2W,BYN,0.12476211904018963
2026-08-12,CL,1M,BYN,0.12476211904018963
2026-08-12,CL,2M,BYN,0.12476211904018963
2026-08-12,CL,3M,BYN,0.12476211904018963
2026-08-12,CL,6M,BYN,0.12476211904018963
2026-08-12,CL,9M,BYN,0.12476211904018963
2026-08-12,CL,1Y,BYN,0.12476211904018963
2026-08-12,CL,2Y,BYN,0.12476211904018963
2026-08-12,CL,3Y,BYN,0.12476211904018963
2026-08-12,CL,4Y,BYN,0.12476211904018963
2026-08-12,CL,5Y,BYN,0.12476211904018963
2026-08-12,CL,6Y,BYN,0.12476211904018963
2026-08-12,CL,7Y,BYN,0.12476211904018963
2026-08-12,CL,8Y,BYN,0.12476211904018963
2026-08-12,CL,9Y,BYN,0.12476211904018963
2026-08-12,CL,10Y,BYN,0.12476211904018963
2026-08-12,CL,1D,CBOM,0.12471115277230181
2026-08-12,CL,1W,CBOM,0.12471115277230181
2026-08-12,CL,2W,CBOM,0.12471115277230181
2026-08-12,CL,1M,CBOM,0.12471115277230181
2026-08-12,CL,2M,CBOM,0.049695054179768994
2026-08-12,CL,3M,CBOM,-0.04407506906089702
2026-08-12,CL,6M,CBOM,-0.15972488772438512
2026-08-12,CL,9M,CBOM,-0.15972488772438512
2026-08-12,CL,1Y,CBOM,-0.15972488772438512
2026-08-12,CL,2Y,CBOM,-0.15972488772438512
2026-08-12,CL,3Y,CBOM,-0.15972488772438512
2026-08-12,CL,4Y,CBOM,-0.15972488772438512
2026-08-12,CL,5Y,CBOM,-0.15972488772438512
2026-08-12,CL,6Y,CBOM,-0.15972488772438512
2026-08-12,CL,7Y,CBOM,-0.15972488772438512
2026-08-12,CL,8Y,CBOM,-0.15972488772438512
2026-08-12,CL,9Y,CBOM,-0.15972488772438512
2026-08-12,CL,10Y,CBOM,-0.15972488772438512
2026-08-12,CL,1D,CHINA,0.030184972857477173
2026-08-12,CL,1W,CHINA,0.030184972857477173
2026-08-12,CL,2W,CHINA,0.030184972857477173
2026-08-12,CL,1M,CHINA,0.030184972857477173
2026-08-12,CL,2M,CHINA,0.030184972857477173
2026-08-12,CL,3M,CHINA,0.030184972857477173
2026-08-12,CL,6M,CHINA,0.030184972857477173
2026-08-12,CL,9M,CHINA,0.030184972857477173
2026-08-12,CL,1Y,CHINA,0.030184972857477173
2026-08-12,CL,2Y,CHINA,0.030184972857477173
2026-08-12,CL,3Y,CHINA,0.030184972857477173
2026-08-12,CL,4Y,CHINA,0.030184972857477173
2026-08-12,CL,5Y,CHINA,0.030184972857477173
2026-08-12,CL,6Y,CHINA,0.030184972857477173
2026-08-12,CL,7Y,CHINA,0.030184972857477173
2026-08-12,CL,8Y,CHINA,0.030184972857477173
2026-08-12,CL,9Y,CHINA,0.030184972857477173
2026-08-12,CL,10Y,CHINA,0.030184972857477173
2026-08-12,CL,1D,CHMFM,0.09459090313120957
2026-08-12,CL,1W,CHMFM,0.09459090313120957
2026-08-12,CL,2W,CHMFM,0.09459090313120957
2026-08-12,CL,1M,CHMFM,0.09459090313120957
2026-08-12,CL,2M,CHMFM,0.10138505306313653
2026-08-12,CL,3M,CHMFM,0.1098777404780452
2026-08-12,CL,6M,CHMFM,0.12035205495643259
2026-08-12,CL,9M,CHMFM,0.12035205495643259
2026-08-12,CL,1Y,CHMFM,0.12035205495643259
2026-08-12,CL,2Y,CHMFM,0.12035205495643259
2026-08-12,CL,3Y,CHMFM,0.12035205495643259
2026-08-12,CL,4Y,CHMFM,0.12035205495643259
2026-08-12,CL,5Y,CHMFM,0.12035205495643259
2026-08-12,CL,6Y,CHMFM,0.12035205495643259
2026-08-12,CL,7Y,CHMFM,0.12035205495643259
2026-08-12,CL,8Y,CHMFM,0.12035205495643259
2026-08-12,CL,9Y,CHMFM,0.12035205495643259
2026-08-12,CL,10Y,CHMFM,0.12035205495643259
2026-08-12,CL,1D,CNI,0.11624008652360734
2026-08-12,CL,1W,CNI,0.11624008652360734
2026-08-12,CL,2W,CNI,0.11624008652360734
2026-08-12,CL,1M,CNI,0.11624008652360734
2026-08-12,CL,2M,CNI,0.10835402514533929
2026-08-12,CL,3M,CNI,0.09849644842250421
2026-08-12,CL,6M,CNI,0.08633877046434096
2026-08-12,CL,9M,CNI,0.08633877046434096
2026-08-12,CL,1Y,CNI,0.08633877046434096
2026-08-12,CL,2Y,CNI,0.08633877046434096
2026-08-12,CL,3Y,CNI,0.08633877046434096
2026-08-12,CL,4Y,CNI,0.08633877046434096
2026-08-12,CL,5Y,CNI,0.08633877046434096
2026-08-12,CL,6Y,CNI,0.08633877046434096
2026-08-12,CL,7Y,CNI,0.08633877046434096
2026-08-12,CL,8Y,CNI,0.08633877046434096
2026-08-12,CL,9Y,CNI,0.08633877046434096
2026-08-12,CL,10Y,CNI,0.08633877046434096
2026-08-12,CL,1D,CNY,0.0684063707376163
2026-08-12,CL,1W,CNY,0.0684063707376163
2026-08-12,CL,2W,CNY,0.0684063707376163
2026-08-12,CL,1M,CNY,0.0684063707376163
2026-08-12,CL,2M,CNY,0.0684063707376163
2026-08-12,CL,3M,CNY,0.0684063707376163
2026-08-12,CL,6M,CNY,0.06845783497008832
2026-08-12,CL,9M,CNY,0.0662183811116356
2026-08-12,CL,1Y,CNY,0.07173716442649966
2026-08-12,CL,2Y,CNY,0.07408071517466798
2026-08-12,CL,3Y,CNY,0.07408071517466798
2026-08-12,CL,4Y,CNY,0.07408071517466798
2026-08-12,CL,5Y,CNY,0.07408071517466798
2026-08-12,CL,6Y,CNY,0.07408071517466798
2026-08-12,CL,7Y,CNY,0.07408071517466798
2026-08-12,CL,8Y,CNY,0.07408071517466798
2026-08-12,CL,9Y,CNY,0.07408071517466798
2026-08-12,CL,10Y,CNY,0.07408071517466798
2026-08-12,CL,1D,CNYRUBTOM,0.0684063707376163
2026-08-12,CL,1W,CNYRUBTOM,0.0684063707376163
2026-08-12,CL,2W,CNYRUBTOM,0.0684063707376163
2026-08-12,CL,1M,CNYRUBTOM,0.0684063707376163
2026-08-12,CL,2M,CNYRUBTOM,0.0684063707376163
2026-08-12,CL,3M,CNYRUBTOM,0.0684063707376163
2026-08-12,CL,6M,CNYRUBTOM,0.06845783497008832
2026-08-12,CL,9M,CNYRUBTOM,0.0662183811116356
2026-08-12,CL,1Y,CNYRUBTOM,0.07173716442649966
2026-08-12,CL,2Y,CNYRUBTOM,0.07408071517466798
2026-08-12,CL,3Y,CNYRUBTOM,0.07408071517466798
2026-08-12,CL,4Y,CNYRUBTOM,0.07408071517466798
2026-08-12,CL,5Y,CNYRUBTOM,0.07408071517466798
2026-08-12,CL,6Y,CNYRUBTOM,0.07408071517466798
2026-08-12,CL,7Y,CNYRUBTOM,0.07408071517466798
2026-08-12,CL,8Y,CNYRUBTOM,0.07408071517466798
2026-08-12,CL,9Y,CNYRUBTOM,0.07408071517466798
2026-08-12,CL,10Y,CNYRUBTOM,0.07408071517466798
2026-08-12,CL,1D,COCOA,0.12654463240139827
2026-08-12,CL,1W,COCOA,0.12654463240139827
2026-08-12,CL,2W,COCOA,0.12654463240139827
2026-08-12,CL,1M,COCOA,0.12654463240139827
2026-08-12,CL,2M,COCOA,0.12654463240139827
2026-08-12,CL,3M,COCOA,0.12654463240139827
2026-08-12,CL,6M,COCOA,0.12654463240139827
2026-08-12,CL,9M,COCOA,0.12654463240139827
2026-08-12,CL,1Y,COCOA,0.12654463240139827
2026-08-12,CL,2Y,COCOA,0.12654463240139827
2026-08-12,CL,3Y,COCOA,0.12654463240139827
2026-08-12,CL,4Y,COCOA,0.12654463240139827
2026-08-12,CL,5Y,COCOA,0.12654463240139827
2026-08-12,CL,6Y,COCOA,0.12654463240139827
2026-08-12,CL,7Y,COCOA,0.12654463240139827
2026-08-12,CL,8Y,COCOA,0.12654463240139827
2026-08-12,CL,9Y,COCOA,0.12654463240139827
2026-08-12,CL,10Y,COCOA,0.12654463240139827
2026-08-12,CL,1D,COFFEE,-0.15977396929724455
2026-08-12,CL,1W,COFFEE,-0.15977396929724455
2026-08-12,CL,2W,COFFEE,-0.15977396929724455
2026-08-12,CL,1M,COFFEE,-0.15977396929724455
2026-08-12,CL,2M,COFFEE,-0.15977396929724455
2026-08-12,CL,3M,COFFEE,-0.15977396929724455
2026-08-12,CL,6M,COFFEE,-0.15977396929724455
2026-08-12,CL,9M,COFFEE,-0.15977396929724455
2026-08-12,CL,1Y,COFFEE,-0.15977396929724455
2026-08-12,CL,2Y,COFFEE,-0.15977396929724455
2026-08-12,CL,3Y,COFFEE,-0.15977396929724455
2026-08-12,CL,4Y,COFFEE,-0.15977396929724455
2026-08-12,CL,5Y,COFFEE,-0.15977396929724455
2026-08-12,CL,6Y,COFFEE,-0.15977396929724455
2026-08-12,CL,7Y,COFFEE,-0.15977396929724455
2026-08-12,CL,8Y,COFFEE,-0.15977396929724455
2026-08-12,CL,9Y,COFFEE,-0.15977396929724455
2026-08-12,CL,10Y,COFFEE,-0.15977396929724455
2026-08-12,CL,1D,COPPER,0.008384177406864876
2026-08-12,CL,1W,COPPER,0.008384177406864876
2026-08-12,CL,2W,COPPER,0.008384177406864876
2026-08-12,CL,1M,COPPER,0.008384177406864876
2026-08-12,CL,2M,COPPER,0.008384177406864876
2026-08-12,CL,3M,COPPER,0.008384177406864876
2026-08-12,CL,6M,COPPER,0.008384177406864876
2026-08-12,CL,9M,COPPER,0.008384177406864876
2026-08-12,CL,1Y,COPPER,0.008384177406864876
2026-08-12,CL,2Y,COPPER,0.008384177406864876
2026-08-12,CL,3Y,COPPER,0.008384177406864876
2026-08-12,CL,4Y,COPPER,0.008384177406864876
2026-08-12,CL,5Y,COPPER,0.008384177406864876
2026-08-12,CL,6Y,COPPER,0.008384177406864876
2026-08-12,CL,7Y,COPPER,0.008384177406864876
2026-08-12,CL,8Y,COPPER,0.008384177406864876
2026-08-12,CL,9Y,COPPER,0.008384177406864876
2026-08-12,CL,10Y,COPPER,0.008384177406864876
2026-08-12,CL,1D,DAX,-0.017191959862063982
2026-08-12,CL,1W,DAX,-0.017191959862063982
2026-08-12,CL,2W,DAX,-0.017191959862063982
2026-08-12,CL,1M,DAX,-0.017191959862063982
2026-08-12,CL,2M,DAX,-0.017191959862063982
2026-08-12,CL,3M,DAX,-0.017191959862063982
2026-08-12,CL,6M,DAX,-0.017191959862063982
2026-08-12,CL,9M,DAX,-0.017191959862063982
2026-08-12,CL,1Y,DAX,-0.017191959862063982
2026-08-12,CL,2Y,DAX,-0.017191959862063982
2026-08-12,CL,3Y,DAX,-0.017191959862063982
2026-08-12,CL,4Y,DAX,-0.017191959862063982
2026-08-12,CL,5Y,DAX,-0.017191959862063982
2026-08-12,CL,6Y,DAX,-0.017191959862063982
2026-08-12,CL,7Y,DAX,-0.017191959862063982
2026-08-12,CL,8Y,DAX,-0.017191959862063982
2026-08-12,CL,9Y,DAX,-0.017191959862063982
2026-08-12,CL,10Y,DAX,-0.017191959862063982
2026-08-12,CL,1D,DJ30,-0.0037238782834450954
2026-08-12,CL,1W,DJ30,-0.0037238782834450954
2026-08-12,CL,2W,DJ30,-0.0037238782834450954
2026-08-12,CL,1M,DJ30,-0.0037238782834450954
2026-08-12,CL,2M,DJ30,-0.0037238782834450954
2026-08-12,CL,3M,DJ30,-0.0037238782834450954
2026-08-12,CL,6M,DJ30,-0.0037238782834450954
2026-08-12,CL,9M,DJ30,-0.0037238782834450954
2026-08-12,CL,1Y,DJ30,-0.0037238782834450954
2026-08-12,CL,2Y,DJ30,-0.0037238782834450954
2026-08-12,CL,3Y,DJ30,-0.0037238782834450954
2026-08-12,CL,4Y,DJ30,-0.0037238782834450954
2026-08-12,CL,5Y,DJ30,-0.0037238782834450954
2026-08-12,CL,6Y,DJ30,-0.0037238782834450954
2026-08-12,CL,7Y,DJ30,-0.0037238782834450954
2026-08-12,CL,8Y,DJ30,-0.0037238782834450954
2026-08-12,CL,9Y,DJ30,-0.0037238782834450954
2026-08-12,CL,10Y,DJ30,-0.0037238782834450954
2026-08-12,CL,1D,DOMRF,0.0982471202466074
2026-08-12,CL,1W,DOMRF,0.0982471202466074
2026-08-12,CL,2W,DOMRF,0.0982471202466074
2026-08-12,CL,1M,DOMRF,0.0982471202466074
2026-08-12,CL,2M,DOMRF,0.10430870339502671
2026-08-12,CL,3M,DOMRF,0.11188568233055084
2026-08-12,CL,6M,DOMRF,0.12123062301769727
2026-08-12,CL,9M,DOMRF,0.12123062301769727
2026-08-12,CL,1Y,DOMRF,0.12123062301769727
2026-08-12,CL,2Y,DOMRF,0.12123062301769727
2026-08-12,CL,3Y,DOMRF,0.12123062301769727
2026-08-12,CL,4Y,DOMRF,0.12123062301769727
2026-08-12,CL,5Y,DOMRF,0.12123062301769727
2026-08-12,CL,6Y,DOMRF,0.12123062301769727
2026-08-12,CL,7Y,DOMRF,0.12123062301769727
2026-08-12,CL,8Y,DOMRF,0.12123062301769727
2026-08-12,CL,9Y,DOMRF,0.12123062301769727
2026-08-12,CL,10Y,DOMRF,0.12123062301769727
2026-08-12,CL,1D,DTL,-0.026145261902595758
2026-08-12,CL,1W,DTL,-0.026145261902595758
2026-08-12,CL,2W,DTL,-0.026145261902595758
2026-08-12,CL,1M,DTL,-0.026145261902595758
2026-08-12,CL,2M,DTL,-0.06650462309618263
2026-08-12,CL,3M,DTL,-0.06938743461001026
2026-08-12,CL,6M,DTL,-0.06938743461001026
2026-08-12,CL,9M,DTL,-0.06938743461001026
2026-08-12,CL,1Y,DTL,-0.06938743461001026
2026-08-12,CL,2Y,DTL,-0.06938743461001026
2026-08-12,CL,3Y,DTL,-0.06938743461001026
2026-08-12,CL,4Y,DTL,-0.06938743461001026
2026-08-12,CL,5Y,DTL,-0.06938743461001026
2026-08-12,CL,6Y,DTL,-0.06938743461001026
2026-08-12,CL,7Y,DTL,-0.06938743461001026
2026-08-12,CL,8Y,DTL,-0.06938743461001026
2026-08-12,CL,9Y,DTL,-0.06938743461001026
2026-08-12,CL,10Y,DTL,-0.06938743461001026
2026-08-12,CL,1D,ECAD,0.009140310881633652
2026-08-12,CL,1W,ECAD,0.009140310881633652
2026-08-12,CL,2W,ECAD,0.009140310881633652
2026-08-12,CL,1M,ECAD,0.009140310881633652
2026-08-12,CL,2M,ECAD,0.009140310881633652
2026-08-12,CL,3M,ECAD,0.009140310881633652
2026-08-12,CL,6M,ECAD,0.009140310881633652
2026-08-12,CL,9M,ECAD,0.009140310881633652
2026-08-12,CL,1Y,ECAD,0.009140310881633652
2026-08-12,CL,2Y,ECAD,0.009140310881633652
2026-08-12,CL,3Y,ECAD,0.009140310881633652
2026-08-12,CL,4Y,ECAD,0.009140310881633652
2026-08-12,CL,5Y,ECAD,0.009140310881633652
2026-08-12,CL,6Y,ECAD,0.009140310881633652
2026-08-12,CL,7Y,ECAD,0.009140310881633652
2026-08-12,CL,8Y,ECAD,0.009140310881633652
2026-08-12,CL,9Y,ECAD,0.009140310881633652
2026-08-12,CL,10Y,ECAD,0.009140310881633652
2026-08-12,CL,1D,ED,-0.0017385414909561875
2026-08-12,CL,1W,ED,-0.0017385414909561875
2026-08-12,CL,2W,ED,-0.0017385414909561875
2026-08-12,CL,1M,ED,-0.0017385414909561875
2026-08-12,CL,2M,ED,-0.0017385414909561875
2026-08-12,CL,3M,ED,-0.0017385414909561875
2026-08-12,CL,6M,ED,0.0014911609031794664
2026-08-12,CL,9M,ED,0.0016194059285068868
2026-08-12,CL,1Y,ED,0.0016213036822604117
2026-08-12,CL,2Y,ED,0.0016213036822604117
2026-08-12,CL,3Y,ED,0.0016213036822604117
2026-08-12,CL,4Y,ED,0.0016213036822604117
2026-08-12,CL,5Y,ED,0.0016213036822604117
2026-08-12,CL,6Y,ED,0.0016213036822604117
2026-08-12,CL,7Y,ED,0.0016213036822604117
2026-08-12,CL,8Y,ED,0.0016213036822604117
2026-08-12,CL,9Y,ED,0.0016213036822604117
2026-08-12,CL,10Y,ED,0.0016213036822604117
2026-08-12,CL,1D,EGBP,0.00970863695949071
2026-08-12,CL,1W,EGBP,0.00970863695949071
2026-08-12,CL,2W,EGBP,0.00970863695949071
2026-08-12,CL,1M,EGBP,0.00970863695949071
2026-08-12,CL,2M,EGBP,0.00970863695949071
2026-08-12,CL,3M,EGBP,0.00970863695949071
2026-08-12,CL,6M,EGBP,0.00970863695949071
2026-08-12,CL,9M,EGBP,0.00970863695949071
2026-08-12,CL,1Y,EGBP,0.00970863695949071
2026-08-12,CL,2Y,EGBP,0.00970863695949071
2026-08-12,CL,3Y,EGBP,0.00970863695949071
2026-08-12,CL,4Y,EGBP,0.00970863695949071
2026-08-12,CL,5Y,EGBP,0.00970863695949071
2026-08-12,CL,6Y,EGBP,0.00970863695949071
2026-08-12,CL,7Y,EGBP,0.00970863695949071
2026-08-12,CL,8Y,EGBP,0.00970863695949071
2026-08-12,CL,9Y,EGBP,0.00970863695949071
2026-08-12,CL,10Y,EGBP,0.00970863695949071
2026-08-12,CL,1D,EJPY,0.004652991502656291
2026-08-12,CL,1W,EJPY,0.004652991502656291
2026-08-12,CL,2W,EJPY,0.004652991502656291
2026-08-12,CL,1M,EJPY,0.004652991502656291
2026-08-12,CL,2M,EJPY,0.004652991502656291
2026-08-12,CL,3M,EJPY,0.004652991502656291
2026-08-12,CL,6M,EJPY,0.004652991502656291
2026-08-12,CL,9M,EJPY,0.004652991502656291
2026-08-12,CL,1Y,EJPY,0.004652991502656291
2026-08-12,CL,2Y,EJPY,0.004652991502656291
2026-08-12,CL,3Y,EJPY,0.004652991502656291
2026-08-12,CL,4Y,EJPY,0.004652991502656291
2026-08-12,CL,5Y,EJPY,0.004652991502656291
2026-08-12,CL,6Y,EJPY,0.004652991502656291
2026-08-12,CL,7Y,EJPY,0.004652991502656291
2026-08-12,CL,8Y,EJPY,0.004652991502656291
2026-08-12,CL,9Y,EJPY,0.004652991502656291
2026-08-12,CL,10Y,EJPY,0.004652991502656291
2026-08-12,CL,1D,EM,0.060173410777174925
2026-08-12,CL,1W,EM,0.060173410777174925
2026-08-12,CL,2W,EM,0.060173410777174925
2026-08-12,CL,1M,EM,0.060173410777174925
2026-08-12,CL,2M,EM,0.060173410777174925
2026-08-12,CL,3M,EM,0.060173410777174925
2026-08-12,CL,6M,EM,0.060173410777174925
2026-08-12,CL,9M,EM,0.060173410777174925
2026-08-12,CL,1Y,EM,0.060173410777174925
2026-08-12,CL,2Y,EM,0.060173410777174925
2026-08-12,CL,3Y,EM,0.060173410777174925
2026-08-12,CL,4Y,EM,0.060173410777174925
2026-08-12,CL,5Y,EM,0.060173410777174925
2026-08-12,CL,6Y,EM,0.060173410777174925
2026-08-12,CL,7Y,EM,0.060173410777174925
2026-08-12,CL,8Y,EM,0.060173410777174925
2026-08-12,CL,9Y,EM,0.060173410777174925
2026-08-12,CL,10Y,EM,0.060173410777174925
2026-08-12,CL,1D,ENPG,-0.17061405775145708
2026-08-12,CL,1W,ENPG,-0.17061405775145708
2026-08-12,CL,2W,ENPG,-0.17061405775145708
2026-08-12,CL,1M,ENPG,-0.17061405775145708
2026-08-12,CL,2M,ENPG,-0.11126553758074575
2026-08-12,CL,3M,ENPG,-0.037079887367356595
2026-08-12,CL,6M,ENPG,0.054415747895823374
2026-08-12,CL,9M,ENPG,0.054415747895823374
2026-08-12,CL,1Y,ENPG,0.054415747895823374
2026-08-12,CL,2Y,ENPG,0.054415747895823374
2026-08-12,CL,3Y,ENPG,0.054415747895823374
2026-08-12,CL,4Y,ENPG,0.054415747895823374
2026-08-12,CL,5Y,ENPG,0.054415747895823374
2026-08-12,CL,6Y,ENPG,0.054415747895823374
2026-08-12,CL,7Y,ENPG,0.054415747895823374
2026-08-12,CL,8Y,ENPG,0.054415747895823374
2026-08-12,CL,9Y,ENPG,0.054415747895823374
2026-08-12,CL,10Y,ENPG,0.054415747895823374
2026-08-12,CL,1D,ETH,0.6551386994554564
2026-08-12,CL,1W,ETH,0.6551386994554564
2026-08-12,CL,2W,ETH,0.6551386994554564
2026-08-12,CL,1M,ETH,0.46782758409094005
2026-08-12,CL,2M,ETH,0.25038042564535096
2026-08-12,CL,3M,ETH,0.2145938744865772
2026-08-12,CL,6M,ETH,0.2145938744865772
2026-08-12,CL,9M,ETH,0.2145938744865772
2026-08-12,CL,1Y,ETH,0.2145938744865772
2026-08-12,CL,2Y,ETH,0.2145938744865772
2026-08-12,CL,3Y,ETH,0.2145938744865772
2026-08-12,CL,4Y,ETH,0.2145938744865772
2026-08-12,CL,5Y,ETH,0.2145938744865772
2026-08-12,CL,6Y,ETH,0.2145938744865772
2026-08-12,CL,7Y,ETH,0.2145938744865772
2026-08-12,CL,8Y,ETH,0.2145938744865772
2026-08-12,CL,9Y,ETH,0.2145938744865772
2026-08-12,CL,10Y,ETH,0.2145938744865772
2026-08-12,CL,1D,ETHA,0.12974680616389628
2026-08-12,CL,1W,ETHA,0.12974680616389628
2026-08-12,CL,2W,ETHA,0.12974680616389628
2026-08-12,CL,1M,ETHA,0.12974680616389628
2026-08-12,CL,2M,ETHA,0.12974680616389628
2026-08-12,CL,3M,ETHA,0.12974680616389628
2026-08-12,CL,6M,ETHA,0.12974680616389628
2026-08-12,CL,9M,ETHA,0.12974680616389628
2026-08-12,CL,1Y,ETHA,0.12974680616389628
2026-08-12,CL,2Y,ETHA,0.12974680616389628
2026-08-12,CL,3Y,ETHA,0.12974680616389628
2026-08-12,CL,4Y,ETHA,0.12974680616389628
2026-08-12,CL,5Y,ETHA,0.12974680616389628
2026-08-12,CL,6Y,ETHA,0.12974680616389628
2026-08-12,CL,7Y,ETHA,0.12974680616389628
2026-08-12,CL,8Y,ETHA,0.12974680616389628
2026-08-12,CL,9Y,ETHA,0.12974680616389628
2026-08-12,CL,10Y,ETHA,0.12974680616389628
2026-08-12,CL,1D,EURM,0.06370065903491202
2026-08-12,CL,1W,EURM,0.06370065903491202
2026-08-12,CL,2W,EURM,0.06370065903491202
2026-08-12,CL,1M,EURM,0.06370065903491202
2026-08-12,CL,2M,EURM,0.06370065903491202
2026-08-12,CL,3M,EURM,0.06370065903491202
2026-08-12,CL,6M,EURM,0.06370065903491202
2026-08-12,CL,9M,EURM,0.06370065903491202
2026-08-12,CL,1Y,EURM,0.06370065903491202
2026-08-12,CL,2Y,EURM,0.06370065903491202
2026-08-12,CL,3Y,EURM,0.06370065903491202
2026-08-12,CL,4Y,EURM,0.06370065903491202
2026-08-12,CL,5Y,EURM,0.06370065903491202
2026-08-12,CL,6Y,EURM,0.06370065903491202
2026-08-12,CL,7Y,EURM,0.06370065903491202
2026-08-12,CL,8Y,EURM,0.06370065903491202
2026-08-12,CL,9Y,EURM,0.06370065903491202
2026-08-12,CL,10Y,EURM,0.06370065903491202
2026-08-12,CL,1D,EURRUBTOM,0.06638083507688876
2026-08-12,CL,1W,EURRUBTOM,0.06638083507688876
2026-08-12,CL,2W,EURRUBTOM,0.06638083507688876
2026-08-12,CL,1M,EURRUBTOM,0.06638083507688876
2026-08-12,CL,2M,EURRUBTOM,0.06638083507688876
2026-08-12,CL,3M,EURRUBTOM,0.06638083507688876
2026-08-12,CL,6M,EURRUBTOM,0.08078428121152922
2026-08-12,CL,9M,EURRUBTOM,0.07967770755113872
2026-08-12,CL,1Y,EURRUBTOM,0.07962894914407384
2026-08-12,CL,2Y,EURRUBTOM,0.07962894914407384
2026-08-12,CL,3Y,EURRUBTOM,0.07962894914407384
2026-08-12,CL,4Y,EURRUBTOM,0.07962894914407384
2026-08-12,CL,5Y,EURRUBTOM,0.07962894914407384
2026-08-12,CL,6Y,EURRUBTOM,0.07962894914407384
2026-08-12,CL,7Y,EURRUBTOM,0.07962894914407384
2026-08-12,CL,8Y,EURRUBTOM,0.07962894914407384
2026-08-12,CL,9Y,EURRUBTOM,0.07962894914407384
2026-08-12,CL,10Y,EURRUBTOM,0.07962894914407384
2026-08-12,CL,1D,Eu,0.06638083507688876
2026-08-12,CL,1W,Eu,0.06638083507688876
2026-08-12,CL,2W,Eu,0.06638083507688876
2026-08-12,CL,1M,Eu,0.06638083507688876
2026-08-12,CL,2M,Eu,0.06638083507688876
2026-08-12,CL,3M,Eu,0.06638083507688876
2026-08-12,CL,6M,Eu,0.08078428121152922
2026-08-12,CL,9M,Eu,0.07967770755113872
2026-08-12,CL,1Y,Eu,0.07962894914407384
2026-08-12,CL,2Y,Eu,0.07962894914407384
2026-08-12,CL,3Y,Eu,0.07962894914407384
2026-08-12,CL,4Y,Eu,0.07962894914407384
2026-08-12,CL,5Y,Eu,0.07962894914407384
2026-08-12,CL,6Y,Eu,0.07962894914407384
2026-08-12,CL,7Y,Eu,0.07962894914407384
2026-08-12,CL,8Y,Eu,0.07962894914407384
2026-08-12,CL,9Y,Eu,0.07962894914407384
2026-08-12,CL,10Y,Eu,0.07962894914407384
2026-08-12,CL,1D,FEES,-0.032377431686974455
2026-08-12,CL,1W,FEES,-0.032377431686974455
2026-08-12,CL,2W,FEES,-0.032377431686974455
2026-08-12,CL,1M,FEES,-0.032377431686974455
2026-08-12,CL,2M,FEES,-0.0014277629542724934
2026-08-12,CL,3M,FEES,0.03725932296160495
2026-08-12,CL,6M,FEES,0.08497339559118713
2026-08-12,CL,9M,FEES,0.08497339559118713
2026-08-12,CL,1Y,FEES,0.08497339559118713
2026-08-12,CL,2Y,FEES,0.08497339559118713
2026-08-12,CL,3Y,FEES,0.08497339559118713
2026-08-12,CL,4Y,FEES,0.08497339559118713
2026-08-12,CL,5Y,FEES,0.08497339559118713
2026-08-12,CL,6Y,FEES,0.08497339559118713
2026-08-12,CL,7Y,FEES,0.08497339559118713
2026-08-12,CL,8Y,FEES,0.08497339559118713
2026-08-12,CL,9Y,FEES,0.08497339559118713
2026-08-12,CL,10Y,FEES,0.08497339559118713
2026-08-12,CL,1D,FESH,0.14054777680096406
2026-08-12,CL,1W,FESH,0.14054777680096406
2026-08-12,CL,2W,FESH,0.14054777680096406
2026-08-12,CL,1M,FESH,0.14054777680096406
2026-08-12,CL,2M,FESH,0.12888577838991092
2026-08-12,CL,3M,FESH,0.11430828037609447
2026-08-12,CL,6M,FESH,0.0963293661590542
2026-08-12,CL,9M,FESH,0.0963293661590542
2026-08-12,CL,1Y,FESH,0.0963293661590542
2026-08-12,CL,2Y,FESH,0.0963293661590542
2026-08-12,CL,3Y,FESH,0.0963293661590542
2026-08-12,CL,4Y,FESH,0.0963293661590542
2026-08-12,CL,5Y,FESH,0.0963293661590542
2026-08-12,CL,6Y,FESH,0.0963293661590542
2026-08-12,CL,7Y,FESH,0.0963293661590542
2026-08-12,CL,8Y,FESH,0.0963293661590542
2026-08-12,CL,9Y,FESH,0.0963293661590542
2026-08-12,CL,10Y,FESH,0.0963293661590542
2026-08-12,CL,1D,FLOT,0.22499303919571823
2026-08-12,CL,1W,FLOT,0.22499303919571823
2026-08-12,CL,2W,FLOT,0.22499303919571823
2026-08-12,CL,1M,FLOT,0.22499303919571823
2026-08-12,CL,2M,FLOT,0.19856199567769367
2026-08-12,CL,3M,FLOT,0.165523191280163
2026-08-12,CL,6M,FLOT,0.12477533252320845
2026-08-12,CL,9M,FLOT,0.12477533252320845
2026-08-12,CL,1Y,FLOT,0.12477533252320845
2026-08-12,CL,2Y,FLOT,0.12477533252320845
2026-08-12,CL,3Y,FLOT,0.12477533252320845
2026-08-12,CL,4Y,FLOT,0.12477533252320845
2026-08-12,CL,5Y,FLOT,0.12477533252320845
2026-08-12,CL,6Y,FLOT,0.12477533252320845
2026-08-12,CL,7Y,FLOT,0.12477533252320845
2026-08-12,CL,8Y,FLOT,0.12477533252320845
2026-08-12,CL,9Y,FLOT,0.12477533252320845
2026-08-12,CL,10Y,FLOT,0.12477533252320845
2026-08-12,CL,1D,FNI,0.09946004106537483
2026-08-12,CL,1W,FNI,0.09946004106537483
2026-08-12,CL,2W,FNI,0.09946004106537483
2026-08-12,CL,1M,FNI,0.09946004106537483
2026-08-12,CL,2M,FNI,0.1149741055829842
2026-08-12,CL,3M,FNI,0.1343666862299959
2026-08-12,CL,6M,FNI,0.15828420236131033
2026-08-12,CL,9M,FNI,0.15828420236131033
2026-08-12,CL,1Y,FNI,0.15828420236131033
2026-08-12,CL,2Y,FNI,0.15828420236131033
2026-08-12,CL,3Y,FNI,0.15828420236131033
2026-08-12,CL,4Y,FNI,0.15828420236131033
2026-08-12,CL,5Y,FNI,0.15828420236131033
2026-08-12,CL,6Y,FNI,0.15828420236131033
2026-08-12,CL,7Y,FNI,0.15828420236131033
2026-08-12,CL,8Y,FNI,0.15828420236131033
2026-08-12,CL,9Y,FNI,0.15828420236131033
2026-08-12,CL,10Y,FNI,0.15828420236131033
2026-08-12,CL,1D,GAZPF,-0.0379064812760987
2026-08-12,CL,1W,GAZPF,-0.0379064812760987
2026-08-12,CL,2W,GAZPF,-0.0379064812760987
2026-08-12,CL,1M,GAZPF,-0.0379064812760987
2026-08-12,CL,2M,GAZPF,-0.004200403481835188
2026-08-12,CL,3M,GAZPF,0.037932193760994194
2026-08-12,CL,6M,GAZPF,0.1022978236801526
2026-08-12,CL,9M,GAZPF,0.1164919100798902
2026-08-12,CL,1Y,GAZPF,0.12046842469836205
2026-08-12,CL,2Y,GAZPF,0.12046842469836205
2026-08-12,CL,3Y,GAZPF,0.12046842469836205
2026-08-12,CL,4Y,GAZPF,0.12046842469836205
2026-08-12,CL,5Y,GAZPF,0.12046842469836205
2026-08-12,CL,6Y,GAZPF,0.12046842469836205
2026-08-12,CL,7Y,GAZPF,0.12046842469836205
2026-08-12,CL,8Y,GAZPF,0.12046842469836205
2026-08-12,CL,9Y,GAZPF,0.12046842469836205
2026-08-12,CL,10Y,GAZPF,0.12046842469836205
2026-08-12,CL,1D,GAZR,-0.0379064812760987
2026-08-12,CL,1W,GAZR,-0.0379064812760987
2026-08-12,CL,2W,GAZR,-0.0379064812760987
2026-08-12,CL,1M,GAZR,-0.0379064812760987
2026-08-12,CL,2M,GAZR,-0.004200403481835188
2026-08-12,CL,3M,GAZR,0.037932193760994194
2026-08-12,CL,6M,GAZR,0.1022978236801526
2026-08-12,CL,9M,GAZR,0.1164919100798902
2026-08-12,CL,1Y,GAZR,0.12046842469836205
2026-08-12,CL,2Y,GAZR,0.12046842469836205
2026-08-12,CL,3Y,GAZR,0.12046842469836205
2026-08-12,CL,4Y,GAZR,0.12046842469836205
2026-08-12,CL,5Y,GAZR,0.12046842469836205
2026-08-12,CL,6Y,GAZR,0.12046842469836205
2026-08-12,CL,7Y,GAZR,0.12046842469836205
2026-08-12,CL,8Y,GAZR,0.12046842469836205
2026-08-12,CL,9Y,GAZR,0.12046842469836205
2026-08-12,CL,10Y,GAZR,0.12046842469836205
2026-08-12,CL,1D,GBPU,-0.013096146725244935
2026-08-12,CL,1W,GBPU,-0.013096146725244935
2026-08-12,CL,2W,GBPU,-0.013096146725244935
2026-08-12,CL,1M,GBPU,-0.013096146725244935
2026-08-12,CL,2M,GBPU,-0.013096146725244935
2026-08-12,CL,3M,GBPU,-0.013096146725244935
2026-08-12,CL,6M,GBPU,-0.013096146725244935
2026-08-12,CL,9M,GBPU,-0.013096146725244935
2026-08-12,CL,1Y,GBPU,-0.013096146725244935
2026-08-12,CL,2Y,GBPU,-0.013096146725244935
2026-08-12,CL,3Y,GBPU,-0.013096146725244935
2026-08-12,CL,4Y,GBPU,-0.013096146725244935
2026-08-12,CL,5Y,GBPU,-0.013096146725244935
2026-08-12,CL,6Y,GBPU,-0.013096146725244935
2026-08-12,CL,7Y,GBPU,-0.013096146725244935
2026-08-12,CL,8Y,GBPU,-0.013096146725244935
2026-08-12,CL,9Y,GBPU,-0.013096146725244935
2026-08-12,CL,10Y,GBPU,-0.013096146725244935
2026-08-12,CL,1D,GL,0.1084559346305472
2026-08-12,CL,1W,GL,0.1084559346305472
2026-08-12,CL,2W,GL,0.1084559346305472
2026-08-12,CL,1M,GL,0.1084559346305472
2026-08-12,CL,2M,GL,0.1084559346305472
2026-08-12,CL,3M,GL,0.1084559346305472
2026-08-12,CL,6M,GL,0.10683983598731273
2026-08-12,CL,9M,GL,0.10208315094139477
2026-08-12,CL,1Y,GL,0.10192222929744676
2026-08-12,CL,2Y,GL,0.10192222929744676
2026-08-12,CL,3Y,GL,0.10192222929744676
2026-08-12,CL,4Y,GL,0.10192222929744676
2026-08-12,CL,5Y,GL,0.10192222929744676
2026-08-12,CL,6Y,GL,0.10192222929744676
2026-08-12,CL,7Y,GL,0.10192222929744676
2026-08-12,CL,8Y,GL,0.10192222929744676
2026-08-12,CL,9Y,GL,0.10192222929744676
2026-08-12,CL,10Y,GL,0.10192222929744676
2026-08-12,CL,1D,GLDRUBTOM,0.038296933894349766
2026-08-12,CL,1W,GLDRUBTOM,0.038296933894349766
2026-08-12,CL,2W,GLDRUBTOM,0.038296933894349766
2026-08-12,CL,1M,GLDRUBTOM,0.038296933894349766
2026-08-12,CL,2M,GLDRUBTOM,0.038296933894349766
2026-08-12,CL,3M,GLDRUBTOM,0.038296933894349766
2026-08-12,CL,6M,GLDRUBTOM,0.04015575885502423
2026-08-12,CL,9M,GLDRUBTOM,0.046811909684120356
2026-08-12,CL,1Y,GLDRUBTOM,0.04703739989372258
2026-08-12,CL,2Y,GLDRUBTOM,0.04703739989372258
2026-08-12,CL,3Y,GLDRUBTOM,0.04703739989372258
2026-08-12,CL,4Y,GLDRUBTOM,0.04703739989372258
2026-08-12,CL,5Y,GLDRUBTOM,0.04703739989372258
2026-08-12,CL,6Y,GLDRUBTOM,0.04703739989372258
2026-08-12,CL,7Y,GLDRUBTOM,0.04703739989372258
2026-08-12,CL,8Y,GLDRUBTOM,0.04703739989372258
2026-08-12,CL,9Y,GLDRUBTOM,0.04703739989372258
2026-08-12,CL,10Y,GLDRUBTOM,0.04703739989372258
2026-08-12,CL,1D,GMKN,-0.009728664321262437
2026-08-12,CL,1W,GMKN,-0.009728664321262437
2026-08-12,CL,2W,GMKN,-0.009728664321262437
2026-08-12,CL,1M,GMKN,-0.009728664321262437
2026-08-12,CL,2M,GMKN,0.011860969970908125
2026-08-12,CL,3M,GMKN,0.038848012836121326
2026-08-12,CL,6M,GMKN,0.07213203236988429
2026-08-12,CL,9M,GMKN,0.07213203236988429
2026-08-12,CL,1Y,GMKN,0.07213203236988429
2026-08-12,CL,2Y,GMKN,0.07213203236988429
2026-08-12,CL,3Y,GMKN,0.07213203236988429
2026-08-12,CL,4Y,GMKN,0.07213203236988429
2026-08-12,CL,5Y,GMKN,0.07213203236988429
2026-08-12,CL,6Y,GMKN,0.07213203236988429
2026-08-12,CL,7Y,GMKN,0.07213203236988429
2026-08-12,CL,8Y,GMKN,0.07213203236988429
2026-08-12,CL,9Y,GMKN,0.07213203236988429
2026-08-12,CL,10Y,GMKN,0.07213203236988429
2026-08-12,CL,1D,GOLD,0.038296933894349766
2026-08-12,CL,1W,GOLD,0.038296933894349766
2026-08-12,CL,2W,GOLD,0.038296933894349766
2026-08-12,CL,1M,GOLD,0.038296933894349766
2026-08-12,CL,2M,GOLD,0.038296933894349766
2026-08-12,CL,3M,GOLD,0.038296933894349766
2026-08-12,CL,6M,GOLD,0.04015575885502423
2026-08-12,CL,9M,GOLD,0.046811909684120356
2026-08-12,CL,1Y,GOLD,0.04703739989372258
2026-08-12,CL,2Y,GOLD,0.04703739989372258
2026-08-12,CL,3Y,GOLD,0.04703739989372258
2026-08-12,CL,4Y,GOLD,0.04703739989372258
2026-08-12,CL,5Y,GOLD,0.04703739989372258
2026-08-12,CL,6Y,GOLD,0.04703739989372258
2026-08-12,CL,7Y,GOLD,0.04703739989372258
2026-08-12,CL,8Y,GOLD,0.04703739989372258
2026-08-12,CL,9Y,GOLD,0.04703739989372258
2026-08-12,CL,10Y,GOLD,0.04703739989372258
2026-08-12,CL,1D,GOLDM,0.03820574915081128
2026-08-12,CL,1W,GOLDM,0.03820574915081128
2026-08-12,CL,2W,GOLDM,0.03820574915081128
2026-08-12,CL,1M,GOLDM,0.03820574915081128
2026-08-12,CL,2M,GOLDM,0.03820574915081128
2026-08-12,CL,3M,GOLDM,0.03820574915081128
2026-08-12,CL,6M,GOLDM,0.04253170697711048
2026-08-12,CL,9M,GOLDM,0.04952963875878469
2026-08-12,CL,1Y,GOLDM,0.04976489055127054
2026-08-12,CL,2Y,GOLDM,0.04976489055127054
2026-08-12,CL,3Y,GOLDM,0.04976489055127054
2026-08-12,CL,4Y,GOLDM,0.04976489055127054
2026-08-12,CL,5Y,GOLDM,0.04976489055127054
2026-08-12,CL,6Y,GOLDM,0.04976489055127054
2026-08-12,CL,7Y,GOLDM,0.04976489055127054
2026-08-12,CL,8Y,GOLDM,0.04976489055127054
2026-08-12,CL,9Y,GOLDM,0.04976489055127054
2026-08-12,CL,10Y,GOLDM,0.04976489055127054
2026-08-12,CL,1D,HANG,0.021651403580075407
2026-08-12,CL,1W,HANG,0.021651403580075407
2026-08-12,CL,2W,HANG,0.021651403580075407
2026-08-12,CL,1M,HANG,0.021651403580075407
2026-08-12,CL,2M,HANG,0.021651403580075407
2026-08-12,CL,3M,HANG,0.021651403580075407
2026-08-12,CL,6M,HANG,0.021651403580075407
2026-08-12,CL,9M,HANG,0.021651403580075407
2026-08-12,CL,1Y,HANG,0.021651403580075407
2026-08-12,CL,2Y,HANG,0.021651403580075407
2026-08-12,CL,3Y,HANG,0.021651403580075407
2026-08-12,CL,4Y,HANG,0.021651403580075407
2026-08-12,CL,5Y,HANG,0.021651403580075407
2026-08-12,CL,6Y,HANG,0.021651403580075407
2026-08-12,CL,7Y,HANG,0.021651403580075407
2026-08-12,CL,8Y,HANG,0.021651403580075407
2026-08-12,CL,9Y,HANG,0.021651403580075407
2026-08-12,CL,10Y,HANG,0.021651403580075407
2026-08-12,CL,1D,HEAD,0.14568616493586928
2026-08-12,CL,1W,HEAD,0.14568616493586928
2026-08-12,CL,2W,HEAD,0.14568616493586928
2026-08-12,CL,1M,HEAD,0.14568616493586928
2026-08-12,CL,2M,HEAD,0.09515231755418416
2026-08-12,CL,3M,HEAD,0.03198500832707776
2026-08-12,CL,6M,HEAD,-0.045921339719686816
2026-08-12,CL,9M,HEAD,-0.045921339719686816
2026-08-12,CL,1Y,HEAD,-0.045921339719686816
2026-08-12,CL,2Y,HEAD,-0.045921339719686816
2026-08-12,CL,3Y,HEAD,-0.045921339719686816
2026-08-12,CL,4Y,HEAD,-0.045921339719686816
2026-08-12,CL,5Y,HEAD,-0.045921339719686816
2026-08-12,CL,6Y,HEAD,-0.045921339719686816
2026-08-12,CL,7Y,HEAD,-0.045921339719686816
2026-08-12,CL,8Y,HEAD,-0.045921339719686816
2026-08-12,CL,9Y,HEAD,-0.045921339719686816
2026-08-12,CL,10Y,HEAD,-0.045921339719686816
2026-08-12,CL,1D,HKD,0.14744275479837754
2026-08-12,CL,1W,HKD,0.14744275479837754
2026-08-12,CL,2W,HKD,0.14744275479837754
2026-08-12,CL,1M,HKD,0.14744275479837754
2026-08-12,CL,2M,HKD,0.14744275479837754
2026-08-12,CL,3M,HKD,0.14744275479837754
2026-08-12,CL,6M,HKD,0.14744275479837754
2026-08-12,CL,9M,HKD,0.14744275479837754
2026-08-12,CL,1Y,HKD,0.14744275479837754
2026-08-12,CL,2Y,HKD,0.14744275479837754
2026-08-12,CL,3Y,HKD,0.14744275479837754
2026-08-12,CL,4Y,HKD,0.14744275479837754
2026-08-12,CL,5Y,HKD,0.14744275479837754
2026-08-12,CL,6Y,HKD,0.14744275479837754
2026-08-12,CL,7Y,HKD,0.14744275479837754
2026-08-12,CL,8Y,HKD,0.14744275479837754
2026-08-12,CL,9Y,HKD,0.14744275479837754
2026-08-12,CL,10Y,HKD,0.14744275479837754
2026-08-12,CL,1D,HOME,0.10997992545785636
2026-08-12,CL,1W,HOME,0.10997992545785636
2026-08-12,CL,2W,HOME,0.10997992545785636
2026-08-12,CL,1M,HOME,0.10997992545785636
2026-08-12,CL,2M,HOME,0.10997992545785636
2026-08-12,CL,3M,HOME,0.10997992545785636
2026-08-12,CL,6M,HOME,0.10997992545785636
2026-08-12,CL,9M,HOME,0.10997992545785636
2026-08-12,CL,1Y,HOME,0.10997992545785636
2026-08-12,CL,2Y,HOME,0.10997992545785636
2026-08-12,CL,3Y,HOME,0.10997992545785636
2026-08-12,CL,4Y,HOME,0.10997992545785636
2026-08-12,CL,5Y,HOME,0.10997992545785636
2026-08-12,CL,6Y,HOME,0.10997992545785636
2026-08-12,CL,7Y,HOME,0.10997992545785636
2026-08-12,CL,8Y,HOME,0.10997992545785636
2026-08-12,CL,9Y,HOME,0.10997992545785636
2026-08-12,CL,10Y,HOME,0.10997992545785636
2026-08-12,CL,1D,HYDR,-0.017145813932053902
2026-08-12,CL,1W,HYDR,-0.017145813932053902
2026-08-12,CL,2W,HYDR,-0.017145813932053902
2026-08-12,CL,1M,HYDR,-0.017145813932053902
2026-08-12,CL,2M,HYDR,0.0013349305677149252
2026-08-12,CL,3M,HYDR,0.02443586119242596
2026-08-12,CL,6M,HYDR,0.05292700896290291
2026-08-12,CL,9M,HYDR,0.05292700896290291
2026-08-12,CL,1Y,HYDR,0.05292700896290291
2026-08-12,CL,2Y,HYDR,0.05292700896290291
2026-08-12,CL,3Y,HYDR,0.05292700896290291
2026-08-12,CL,4Y,HYDR,0.05292700896290291
2026-08-12,CL,5Y,HYDR,0.05292700896290291
2026-08-12,CL,6Y,HYDR,0.05292700896290291
2026-08-12,CL,7Y,HYDR,0.05292700896290291
2026-08-12,CL,8Y,HYDR,0.05292700896290291
2026-08-12,CL,9Y,HYDR,0.05292700896290291
2026-08-12,CL,10Y,HYDR,0.05292700896290291
2026-08-12,CL,1D,HYNIX,0.023993309681361392
2026-08-12,CL,1W,HYNIX,0.023993309681361392
2026-08-12,CL,2W,HYNIX,0.023993309681361392
2026-08-12,CL,1M,HYNIX,0.023993309681361392
2026-08-12,CL,2M,HYNIX,0.023993309681361392
2026-08-12,CL,3M,HYNIX,0.023993309681361392
2026-08-12,CL,6M,HYNIX,0.023993309681361392
2026-08-12,CL,9M,HYNIX,0.023993309681361392
2026-08-12,CL,1Y,HYNIX,0.023993309681361392
2026-08-12,CL,2Y,HYNIX,0.023993309681361392
2026-08-12,CL,3Y,HYNIX,0.023993309681361392
2026-08-12,CL,4Y,HYNIX,0.023993309681361392
2026-08-12,CL,5Y,HYNIX,0.023993309681361392
2026-08-12,CL,6Y,HYNIX,0.023993309681361392
2026-08-12,CL,7Y,HYNIX,0.023993309681361392
2026-08-12,CL,8Y,HYNIX,0.023993309681361392
2026-08-12,CL,9Y,HYNIX,0.023993309681361392
2026-08-12,CL,10Y,HYNIX,0.023993309681361392
2026-08-12,CL,1D,IBIT,0.13329651578425955
2026-08-12,CL,1W,IBIT,0.13329651578425955
2026-08-12,CL,2W,IBIT,0.13329651578425955
2026-08-12,CL,1M,IBIT,0.13329651578425955
2026-08-12,CL,2M,IBIT,0.13329651578425955
2026-08-12,CL,3M,IBIT,0.13329651578425955
2026-08-12,CL,6M,IBIT,0.13329651578425955
2026-08-12,CL,9M,IBIT,0.13329651578425955
2026-08-12,CL,1Y,IBIT,0.13329651578425955
2026-08-12,CL,2Y,IBIT,0.13329651578425955
2026-08-12,CL,3Y,IBIT,0.13329651578425955
2026-08-12,CL,4Y,IBIT,0.13329651578425955
2026-08-12,CL,5Y,IBIT,0.13329651578425955
2026-08-12,CL,6Y,IBIT,0.13329651578425955
2026-08-12,CL,7Y,IBIT,0.13329651578425955
2026-08-12,CL,8Y,IBIT,0.13329651578425955
2026-08-12,CL,9Y,IBIT,0.13329651578425955
2026-08-12,CL,10Y,IBIT,0.13329651578425955
2026-08-12,CL,1D,IMOEX,-7.532919197716576e-05
2026-08-12,CL,1W,IMOEX,-7.532919197716576e-05
2026-08-12,CL,2W,IMOEX,-7.532919197716576e-05
2026-08-12,CL,1M,IMOEX,-7.532919197716576e-05
2026-08-12,CL,2M,IMOEX,-7.532919197716576e-05
2026-08-12,CL,3M,IMOEX,-7.532919197716576e-05
2026-08-12,CL,6M,IMOEX,-7.532919197716576e-05
2026-08-12,CL,9M,IMOEX,-7.532919197716576e-05
2026-08-12,CL,1Y,IMOEX,-7.532919197716576e-05
2026-08-12,CL,2Y,IMOEX,-7.532919197716576e-05
2026-08-12,CL,3Y,IMOEX,-7.532919197716576e-05
2026-08-12,CL,4Y,IMOEX,-7.532919197716576e-05
2026-08-12,CL,5Y,IMOEX,-7.532919197716576e-05
2026-08-12,CL,6Y,IMOEX,-7.532919197716576e-05
2026-08-12,CL,7Y,IMOEX,-7.532919197716576e-05
2026-08-12,CL,8Y,IMOEX,-7.532919197716576e-05
2026-08-12,CL,9Y,IMOEX,-7.532919197716576e-05
2026-08-12,CL,10Y,IMOEX,-7.532919197716576e-05
2026-08-12,CL,1D,INDIA,0.08036738884367917
2026-08-12,CL,1W,INDIA,0.08036738884367917
2026-08-12,CL,2W,INDIA,0.08036738884367917
2026-08-12,CL,1M,INDIA,0.08036738884367917
2026-08-12,CL,2M,INDIA,0.08036738884367917
2026-08-12,CL,3M,INDIA,0.08036738884367917
2026-08-12,CL,6M,INDIA,0.08036738884367917
2026-08-12,CL,9M,INDIA,0.08036738884367917
2026-08-12,CL,1Y,INDIA,0.08036738884367917
2026-08-12,CL,2Y,INDIA,0.08036738884367917
2026-08-12,CL,3Y,INDIA,0.08036738884367917
2026-08-12,CL,4Y,INDIA,0.08036738884367917
2026-08-12,CL,5Y,INDIA,0.08036738884367917
2026-08-12,CL,6Y,INDIA,0.08036738884367917
2026-08-12,CL,7Y,INDIA,0.08036738884367917
2026-08-12,CL,8Y,INDIA,0.08036738884367917
2026-08-12,CL,9Y,INDIA,0.08036738884367917
2026-08-12,CL,10Y,INDIA,0.08036738884367917
2026-08-12,CL,1D,INR,0.07118665642904527
2026-08-12,CL,1W,INR,0.07118665642904527
2026-08-12,CL,2W,INR,0.07118665642904527
2026-08-12,CL,1M,INR,0.07118665642904527
2026-08-12,CL,2M,INR,0.07118665642904527
2026-08-12,CL,3M,INR,0.07118665642904527
2026-08-12,CL,6M,INR,0.07118665642904527
2026-08-12,CL,9M,INR,0.07118665642904527
2026-08-12,CL,1Y,INR,0.07118665642904527
2026-08-12,CL,2Y,INR,0.07118665642904527
2026-08-12,CL,3Y,INR,0.07118665642904527
2026-08-12,CL,4Y,INR,0.07118665642904527
2026-08-12,CL,5Y,INR,0.07118665642904527
2026-08-12,CL,6Y,INR,0.07118665642904527
2026-08-12,CL,7Y,INR,0.07118665642904527
2026-08-12,CL,8Y,INR,0.07118665642904527
2026-08-12,CL,9Y,INR,0.07118665642904527
2026-08-12,CL,10Y,INR,0.07118665642904527
2026-08-12,CL,1D,IPO,0.016438318636070596
2026-08-12,CL,1W,IPO,0.016438318636070596
2026-08-12,CL,2W,IPO,0.016438318636070596
2026-08-12,CL,1M,IPO,0.016438318636070596
2026-08-12,CL,2M,IPO,0.046695879278950726
2026-08-12,CL,3M,IPO,0.08451783008255088
2026-08-12,CL,6M,IPO,0.1311649027403244
2026-08-12,CL,9M,IPO,0.1311649027403244
2026-08-12,CL,1Y,IPO,0.1311649027403244
2026-08-12,CL,2Y,IPO,0.1311649027403244
2026-08-12,CL,3Y,IPO,0.1311649027403244
2026-08-12,CL,4Y,IPO,0.1311649027403244
2026-08-12,CL,5Y,IPO,0.1311649027403244
2026-08-12,CL,6Y,IPO,0.1311649027403244
2026-08-12,CL,7Y,IPO,0.1311649027403244
2026-08-12,CL,8Y,IPO,0.1311649027403244
2026-08-12,CL,9Y,IPO,0.1311649027403244
2026-08-12,CL,10Y,IPO,0.1311649027403244
2026-08-12,CL,1D,IRAO,0.0793959649430456
2026-08-12,CL,1W,IRAO,0.0793959649430456
2026-08-12,CL,2W,IRAO,0.0793959649430456
2026-08-12,CL,1M,IRAO,0.0793959649430456
2026-08-12,CL,2M,IRAO,0.0888590815649512
2026-08-12,CL,3M,IRAO,0.1006879773423332
2026-08-12,CL,6M,IRAO,0.11527694880110433
2026-08-12,CL,9M,IRAO,0.11527694880110433
2026-08-12,CL,1Y,IRAO,0.11527694880110433
2026-08-12,CL,2Y,IRAO,0.11527694880110433
2026-08-12,CL,3Y,IRAO,0.11527694880110433
2026-08-12,CL,4Y,IRAO,0.11527694880110433
2026-08-12,CL,5Y,IRAO,0.11527694880110433
2026-08-12,CL,6Y,IRAO,0.11527694880110433
2026-08-12,CL,7Y,IRAO,0.11527694880110433
2026-08-12,CL,8Y,IRAO,0.11527694880110433
2026-08-12,CL,9Y,IRAO,0.11527694880110433
2026-08-12,CL,10Y,IRAO,0.11527694880110433
2026-08-12,CL,1D,ISKJ,-0.738224365003682
2026-08-12,CL,1W,ISKJ,-0.738224365003682
2026-08-12,CL,2W,ISKJ,-0.738224365003682
2026-08-12,CL,1M,ISKJ,-0.738224365003682
2026-08-12,CL,2M,ISKJ,-0.5813280978295431
2026-08-12,CL,3M,ISKJ,-0.38520776386186945
2026-08-12,CL,6M,ISKJ,-0.14332601863507183
2026-08-12,CL,9M,ISKJ,-0.14332601863507183
2026-08-12,CL,1Y,ISKJ,-0.14332601863507183
2026-08-12,CL,2Y,ISKJ,-0.14332601863507183
2026-08-12,CL,3Y,ISKJ,-0.14332601863507183
2026-08-12,CL,4Y,ISKJ,-0.14332601863507183
2026-08-12,CL,5Y,ISKJ,-0.14332601863507183
2026-08-12,CL,6Y,ISKJ,-0.14332601863507183
2026-08-12,CL,7Y,ISKJ,-0.14332601863507183
2026-08-12,CL,8Y,ISKJ,-0.14332601863507183
2026-08-12,CL,9Y,ISKJ,-0.14332601863507183
2026-08-12,CL,10Y,ISKJ,-0.14332601863507183
2026-08-12,CL,1D,IVAT,-0.6796027907047908
2026-08-12,CL,1W,IVAT,-0.6796027907047908
2026-08-12,CL,2W,IVAT,-0.6796027907047908
2026-08-12,CL,1M,IVAT,-0.6796027907047908
2026-08-12,CL,2M,IVAT,-0.5512827207431475
2026-08-12,CL,3M,IVAT,-0.39088263329109346
2026-08-12,CL,6M,IVAT,-0.1930558587668934
2026-08-12,CL,9M,IVAT,-0.1930558587668934
2026-08-12,CL,1Y,IVAT,-0.1930558587668934
2026-08-12,CL,2Y,IVAT,-0.1930558587668934
2026-08-12,CL,3Y,IVAT,-0.1930558587668934
2026-08-12,CL,4Y,IVAT,-0.1930558587668934
2026-08-12,CL,5Y,IVAT,-0.1930558587668934
2026-08-12,CL,6Y,IVAT,-0.1930558587668934
2026-08-12,CL,7Y,IVAT,-0.1930558587668934
2026-08-12,CL,8Y,IVAT,-0.1930558587668934
2026-08-12,CL,9Y,IVAT,-0.1930558587668934
2026-08-12,CL,10Y,IVAT,-0.1930558587668934
2026-08-12,CL,1D,JDCOM,0.03286678153294691
2026-08-12,CL,1W,JDCOM,0.03286678153294691
2026-08-12,CL,2W,JDCOM,0.03286678153294691
2026-08-12,CL,1M,JDCOM,0.03286678153294691
2026-08-12,CL,2M,JDCOM,0.03286678153294691
2026-08-12,CL,3M,JDCOM,0.03286678153294691
2026-08-12,CL,6M,JDCOM,0.03286678153294691
2026-08-12,CL,9M,JDCOM,0.03286678153294691
2026-08-12,CL,1Y,JDCOM,0.03286678153294691
2026-08-12,CL,2Y,JDCOM,0.03286678153294691
2026-08-12,CL,3Y,JDCOM,0.03286678153294691
2026-08-12,CL,4Y,JDCOM,0.03286678153294691
2026-08-12,CL,5Y,JDCOM,0.03286678153294691
2026-08-12,CL,6Y,JDCOM,0.03286678153294691
2026-08-12,CL,7Y,JDCOM,0.03286678153294691
2026-08-12,CL,8Y,JDCOM,0.03286678153294691
2026-08-12,CL,9Y,JDCOM,0.03286678153294691
2026-08-12,CL,10Y,JDCOM,0.03286678153294691
2026-08-12,CL,1D,KMAZ,-0.2737940148600369
2026-08-12,CL,1W,KMAZ,-0.2737940148600369
2026-08-12,CL,2W,KMAZ,-0.2737940148600369
2026-08-12,CL,1M,KMAZ,-0.2737940148600369
2026-08-12,CL,2M,KMAZ,-0.2083463099842051
2026-08-12,CL,3M,KMAZ,-0.12653667888941536
2026-08-12,CL,6M,KMAZ,-0.02563813387250798
2026-08-12,CL,9M,KMAZ,-0.02563813387250798
2026-08-12,CL,1Y,KMAZ,-0.02563813387250798
2026-08-12,CL,2Y,KMAZ,-0.02563813387250798
2026-08-12,CL,3Y,KMAZ,-0.02563813387250798
2026-08-12,CL,4Y,KMAZ,-0.02563813387250798
2026-08-12,CL,5Y,KMAZ,-0.02563813387250798
2026-08-12,CL,6Y,KMAZ,-0.02563813387250798
2026-08-12,CL,7Y,KMAZ,-0.02563813387250798
2026-08-12,CL,8Y,KMAZ,-0.02563813387250798
2026-08-12,CL,9Y,KMAZ,-0.02563813387250798
2026-08-12,CL,10Y,KMAZ,-0.02563813387250798
2026-08-12,CL,1D,KOREA,0.1087590250802388
2026-08-12,CL,1W,KOREA,0.1087590250802388
2026-08-12,CL,2W,KOREA,0.1087590250802388
2026-08-12,CL,1M,KOREA,0.1087590250802388
2026-08-12,CL,2M,KOREA,0.1087590250802388
2026-08-12,CL,3M,KOREA,0.1087590250802388
2026-08-12,CL,6M,KOREA,0.1087590250802388
2026-08-12,CL,9M,KOREA,0.1087590250802388
2026-08-12,CL,1Y,KOREA,0.1087590250802388
2026-08-12,CL,2Y,KOREA,0.1087590250802388
2026-08-12,CL,3Y,KOREA,0.1087590250802388
2026-08-12,CL,4Y,KOREA,0.1087590250802388
2026-08-12,CL,5Y,KOREA,0.1087590250802388
2026-08-12,CL,6Y,KOREA,0.1087590250802388
2026-08-12,CL,7Y,KOREA,0.1087590250802388
2026-08-12,CL,8Y,KOREA,0.1087590250802388
2026-08-12,CL,9Y,KOREA,0.1087590250802388
2026-08-12,CL,10Y,KOREA,0.1087590250802388
2026-08-12,CL,1D,KZT,-0.07061662069947389
2026-08-12,CL,1W,KZT,-0.07061662069947389
2026-08-12,CL,2W,KZT,-0.07061662069947389
2026-08-12,CL,1M,KZT,-0.07061662069947389
2026-08-12,CL,2M,KZT,-0.07061662069947389
2026-08-12,CL,3M,KZT,-0.07061662069947389
2026-08-12,CL,6M,KZT,-0.07061662069947389
2026-08-12,CL,9M,KZT,-0.07061662069947389
2026-08-12,CL,1Y,KZT,-0.07061662069947389
2026-08-12,CL,2Y,KZT,-0.07061662069947389
2026-08-12,CL,3Y,KZT,-0.07061662069947389
2026-08-12,CL,4Y,KZT,-0.07061662069947389
2026-08-12,CL,5Y,KZT,-0.07061662069947389
2026-08-12,CL,6Y,KZT,-0.07061662069947389
2026-08-12,CL,7Y,KZT,-0.07061662069947389
2026-08-12,CL,8Y,KZT,-0.07061662069947389
2026-08-12,CL,9Y,KZT,-0.07061662069947389
2026-08-12,CL,10Y,KZT,-0.07061662069947389
2026-08-12,CL,1D,LEAS,0.04384881605688998
2026-08-12,CL,1W,LEAS,0.04384881605688998
2026-08-12,CL,2W,LEAS,0.04384881605688998
2026-08-12,CL,1M,LEAS,0.04384881605688998
2026-08-12,CL,2M,LEAS,0.04384881605688998
2026-08-12,CL,3M,LEAS,0.04384881605688998
2026-08-12,CL,6M,LEAS,0.04384881605688998
2026-08-12,CL,9M,LEAS,0.04384881605688998
2026-08-12,CL,1Y,LEAS,0.04384881605688998
2026-08-12,CL,2Y,LEAS,0.04384881605688998
2026-08-12,CL,3Y,LEAS,0.04384881605688998
2026-08-12,CL,4Y,LEAS,0.04384881605688998
2026-08-12,CL,5Y,LEAS,0.04384881605688998
2026-08-12,CL,6Y,LEAS,0.04384881605688998
2026-08-12,CL,7Y,LEAS,0.04384881605688998
2026-08-12,CL,8Y,LEAS,0.04384881605688998
2026-08-12,CL,9Y,LEAS,0.04384881605688998
2026-08-12,CL,10Y,LEAS,0.04384881605688998
2026-08-12,CL,1D,LENT,0.15013436551598094
2026-08-12,CL,1W,LENT,0.15013436551598094
2026-08-12,CL,2W,LENT,0.15013436551598094
2026-08-12,CL,1M,LENT,0.15013436551598094
2026-08-12,CL,2M,LENT,0.10978427771444796
2026-08-12,CL,3M,LENT,0.05934666796253173
2026-08-12,CL,6M,LENT,-0.0028597173981649575
2026-08-12,CL,9M,LENT,-0.0028597173981649575
2026-08-12,CL,1Y,LENT,-0.0028597173981649575
2026-08-12,CL,2Y,LENT,-0.0028597173981649575
2026-08-12,CL,3Y,LENT,-0.0028597173981649575
2026-08-12,CL,4Y,LENT,-0.0028597173981649575
2026-08-12,CL,5Y,LENT,-0.0028597173981649575
2026-08-12,CL,6Y,LENT,-0.0028597173981649575
2026-08-12,CL,7Y,LENT,-0.0028597173981649575
2026-08-12,CL,8Y,LENT,-0.0028597173981649575
2026-08-12,CL,9Y,LENT,-0.0028597173981649575
2026-08-12,CL,10Y,LENT,-0.0028597173981649575
2026-08-12,CL,1D,LKOH,0.06404499589074336
2026-08-12,CL,1W,LKOH,0.06404499589074336
2026-08-12,CL,2W,LKOH,0.06404499589074336
2026-08-12,CL,1M,LKOH,0.06404499589074336
2026-08-12,CL,2M,LKOH,0.053536615671999785
2026-08-12,CL,3M,LKOH,0.04040114039857031
2026-08-12,CL,6M,LKOH,0.06317148666267539
2026-08-12,CL,9M,LKOH,0.08230266789523544
2026-08-12,CL,1Y,LKOH,0.07569507600101318
2026-08-12,CL,2Y,LKOH,0.07569507600101318
2026-08-12,CL,3Y,LKOH,0.07569507600101318
2026-08-12,CL,4Y,LKOH,0.07569507600101318
2026-08-12,CL,5Y,LKOH,0.07569507600101318
2026-08-12,CL,6Y,LKOH,0.07569507600101318
2026-08-12,CL,7Y,LKOH,0.07569507600101318
2026-08-12,CL,8Y,LKOH,0.07569507600101318
2026-08-12,CL,9Y,LKOH,0.07569507600101318
2026-08-12,CL,10Y,LKOH,0.07569507600101318
2026-08-12,CL,1D,MAGN,-0.06665900940440106
2026-08-12,CL,1W,MAGN,-0.06665900940440106
2026-08-12,CL,2W,MAGN,-0.06665900940440106
2026-08-12,CL,1M,MAGN,-0.06665900940440106
2026-08-12,CL,2M,MAGN,-0.03093936172041764
2026-08-12,CL,3M,MAGN,0.013710197884561626
2026-08-12,CL,6M,MAGN,0.06877798806403608
2026-08-12,CL,9M,MAGN,0.06877798806403608
2026-08-12,CL,1Y,MAGN,0.06877798806403608
2026-08-12,CL,2Y,MAGN,0.06877798806403608
2026-08-12,CL,3Y,MAGN,0.06877798806403608
2026-08-12,CL,4Y,MAGN,0.06877798806403608
2026-08-12,CL,5Y,MAGN,0.06877798806403608
2026-08-12,CL,6Y,MAGN,0.06877798806403608
2026-08-12,CL,7Y,MAGN,0.06877798806403608
2026-08-12,CL,8Y,MAGN,0.06877798806403608
2026-08-12,CL,9Y,MAGN,0.06877798806403608
2026-08-12,CL,10Y,MAGN,0.06877798806403608
2026-08-12,CL,1D,MDMG,0.180417342271124
2026-08-12,CL,1W,MDMG,0.180417342271124
2026-08-12,CL,2W,MDMG,0.180417342271124
2026-08-12,CL,1M,MDMG,0.180417342271124
2026-08-12,CL,2M,MDMG,0.16055138518050488
2026-08-12,CL,3M,MDMG,0.13571893881723102
2026-08-12,CL,6M,MDMG,0.10509225496919325
2026-08-12,CL,9M,MDMG,0.10509225496919325
2026-08-12,CL,1Y,MDMG,0.10509225496919325
2026-08-12,CL,2Y,MDMG,0.10509225496919325
2026-08-12,CL,3Y,MDMG,0.10509225496919325
2026-08-12,CL,4Y,MDMG,0.10509225496919325
2026-08-12,CL,5Y,MDMG,0.10509225496919325
2026-08-12,CL,6Y,MDMG,0.10509225496919325
2026-08-12,CL,7Y,MDMG,0.10509225496919325
2026-08-12,CL,8Y,MDMG,0.10509225496919325
2026-08-12,CL,9Y,MDMG,0.10509225496919325
2026-08-12,CL,10Y,MDMG,0.10509225496919325
2026-08-12,CL,1D,MGNT,0.038373780450979826
2026-08-12,CL,1W,MGNT,0.038373780450979826
2026-08-12,CL,2W,MGNT,0.038373780450979826
2026-08-12,CL,1M,MGNT,0.038373780450979826
2026-08-12,CL,2M,MGNT,0.05646421550896773
2026-08-12,CL,3M,MGNT,0.07907725933145261
2026-08-12,CL,6M,MGNT,0.10696668004585064
2026-08-12,CL,9M,MGNT,0.10696668004585064
2026-08-12,CL,1Y,MGNT,0.10696668004585064
2026-08-12,CL,2Y,MGNT,0.10696668004585064
2026-08-12,CL,3Y,MGNT,0.10696668004585064
2026-08-12,CL,4Y,MGNT,0.10696668004585064
2026-08-12,CL,5Y,MGNT,0.10696668004585064
2026-08-12,CL,6Y,MGNT,0.10696668004585064
2026-08-12,CL,7Y,MGNT,0.10696668004585064
2026-08-12,CL,8Y,MGNT,0.10696668004585064
2026-08-12,CL,9Y,MGNT,0.10696668004585064
2026-08-12,CL,10Y,MGNT,0.10696668004585064
2026-08-12,CL,1D,MIX,0.08013341131619228
2026-08-12,CL,1W,MIX,0.08013341131619228
2026-08-12,CL,2W,MIX,0.08013341131619228
2026-08-12,CL,1M,MIX,0.08013341131619228
2026-08-12,CL,2M,MIX,0.08013341131619228
2026-08-12,CL,3M,MIX,0.08013341131619228
2026-08-12,CL,6M,MIX,0.08358848725109184
2026-08-12,CL,9M,MIX,0.09286202800159632
2026-08-12,CL,1Y,MIX,0.08842565531839065
2026-08-12,CL,2Y,MIX,0.11014160640396561
2026-08-12,CL,3Y,MIX,0.11014160640396561
2026-08-12,CL,4Y,MIX,0.11014160640396561
2026-08-12,CL,5Y,MIX,0.11014160640396561
2026-08-12,CL,6Y,MIX,0.11014160640396561
2026-08-12,CL,7Y,MIX,0.11014160640396561
2026-08-12,CL,8Y,MIX,0.11014160640396561
2026-08-12,CL,9Y,MIX,0.11014160640396561
2026-08-12,CL,10Y,MIX,0.11014160640396561
2026-08-12,CL,1D,MMI,-0.0012413332438805044
2026-08-12,CL,1W,MMI,-0.0012413332438805044
2026-08-12,CL,2W,MMI,-0.0012413332438805044
2026-08-12,CL,1M,MMI,-0.0012413332438805044
2026-08-12,CL,2M,MMI,0.01278809711331224
2026-08-12,CL,3M,MMI,0.030324885059803172
2026-08-12,CL,6M,MMI,0.05195359019380865
2026-08-12,CL,9M,MMI,0.05195359019380865
2026-08-12,CL,1Y,MMI,0.05195359019380865
2026-08-12,CL,2Y,MMI,0.05195359019380865
2026-08-12,CL,3Y,MMI,0.05195359019380865
2026-08-12,CL,4Y,MMI,0.05195359019380865
2026-08-12,CL,5Y,MMI,0.05195359019380865
2026-08-12,CL,6Y,MMI,0.05195359019380865
2026-08-12,CL,7Y,MMI,0.05195359019380865
2026-08-12,CL,8Y,MMI,0.05195359019380865
2026-08-12,CL,9Y,MMI,0.05195359019380865
2026-08-12,CL,10Y,MMI,0.05195359019380865
2026-08-12,CL,1D,MOEX,0.03141700855679857
2026-08-12,CL,1W,MOEX,0.03141700855679857
2026-08-12,CL,2W,MOEX,0.03141700855679857
2026-08-12,CL,1M,MOEX,0.03141700855679857
2026-08-12,CL,2M,MOEX,0.050120679122426945
2026-08-12,CL,3M,MOEX,0.07350026732946241
2026-08-12,CL,6M,MOEX,0.10233509278480614
2026-08-12,CL,9M,MOEX,0.10233509278480614
2026-08-12,CL,1Y,MOEX,0.10233509278480614
2026-08-12,CL,2Y,MOEX,0.10233509278480614
2026-08-12,CL,3Y,MOEX,0.10233509278480614
2026-08-12,CL,4Y,MOEX,0.10233509278480614
2026-08-12,CL,5Y,MOEX,0.10233509278480614
2026-08-12,CL,6Y,MOEX,0.10233509278480614
2026-08-12,CL,7Y,MOEX,0.10233509278480614
2026-08-12,CL,8Y,MOEX,0.10233509278480614
2026-08-12,CL,9Y,MOEX,0.10233509278480614
2026-08-12,CL,10Y,MOEX,0.10233509278480614
2026-08-12,CL,1D,MOEXCNY,-0.022505866930117913
2026-08-12,CL,1W,MOEXCNY,-0.022505866930117913
2026-08-12,CL,2W,MOEXCNY,-0.022505866930117913
2026-08-12,CL,1M,MOEXCNY,-0.022505866930117913
2026-08-12,CL,2M,MOEXCNY,-0.010048972046173894
2026-08-12,CL,3M,MOEXCNY,0.00552214655875613
2026-08-12,CL,6M,MOEXCNY,0.02472652617150316
2026-08-12,CL,9M,MOEXCNY,0.02472652617150316
2026-08-12,CL,1Y,MOEXCNY,0.02472652617150316
2026-08-12,CL,2Y,MOEXCNY,0.02472652617150316
2026-08-12,CL,3Y,MOEXCNY,0.02472652617150316
2026-08-12,CL,4Y,MOEXCNY,0.02472652617150316
2026-08-12,CL,5Y,MOEXCNY,0.02472652617150316
2026-08-12,CL,6Y,MOEXCNY,0.02472652617150316
2026-08-12,CL,7Y,MOEXCNY,0.02472652617150316
2026-08-12,CL,8Y,MOEXCNY,0.02472652617150316
2026-08-12,CL,9Y,MOEXCNY,0.02472652617150316
2026-08-12,CL,10Y,MOEXCNY,0.02472652617150316
2026-08-12,CL,1D,MTLR,-0.6527280989417791
2026-08-12,CL,1W,MTLR,-0.6527280989417791
2026-08-12,CL,2W,MTLR,-0.6527280989417791
2026-08-12,CL,1M,MTLR,-0.6527280989417791
2026-08-12,CL,2M,MTLR,-0.5230074603022346
2026-08-12,CL,3M,MTLR,-0.36085666200280403
2026-08-12,CL,6M,MTLR,-0.1608706774335063
2026-08-12,CL,9M,MTLR,-0.1608706774335063
2026-08-12,CL,1Y,MTLR,-0.1608706774335063
2026-08-12,CL,2Y,MTLR,-0.1608706774335063
2026-08-12,CL,3Y,MTLR,-0.1608706774335063
2026-08-12,CL,4Y,MTLR,-0.1608706774335063
2026-08-12,CL,5Y,MTLR,-0.1608706774335063
2026-08-12,CL,6Y,MTLR,-0.1608706774335063
2026-08-12,CL,7Y,MTLR,-0.1608706774335063
2026-08-12,CL,8Y,MTLR,-0.1608706774335063
2026-08-12,CL,9Y,MTLR,-0.1608706774335063
2026-08-12,CL,10Y,MTLR,-0.1608706774335063
2026-08-12,CL,1D,MTSI,0.1825486389292535
2026-08-12,CL,1W,MTSI,0.1825486389292535
2026-08-12,CL,2W,MTSI,0.1825486389292535
2026-08-12,CL,1M,MTSI,0.1825486389292535
2026-08-12,CL,2M,MTSI,0.1666051828684162
2026-08-12,CL,3M,MTSI,0.1466758627923696
2026-08-12,CL,6M,MTSI,0.12209636803191211
2026-08-12,CL,9M,MTSI,0.12209636803191211
2026-08-12,CL,1Y,MTSI,0.12209636803191211
2026-08-12,CL,2Y,MTSI,0.12209636803191211
2026-08-12,CL,3Y,MTSI,0.12209636803191211
2026-08-12,CL,4Y,MTSI,0.12209636803191211
2026-08-12,CL,5Y,MTSI,0.12209636803191211
2026-08-12,CL,6Y,MTSI,0.12209636803191211
2026-08-12,CL,7Y,MTSI,0.12209636803191211
2026-08-12,CL,8Y,MTSI,0.12209636803191211
2026-08-12,CL,9Y,MTSI,0.12209636803191211
2026-08-12,CL,10Y,MTSI,0.12209636803191211
2026-08-12,CL,1D,MVID,-0.4319556564817573
2026-08-12,CL,1W,MVID,-0.4319556564817573
2026-08-12,CL,2W,MVID,-0.4319556564817573
2026-08-12,CL,1M,MVID,-0.4319556564817573
2026-08-12,CL,2M,MVID,-0.3882745137866282
2026-08-12,CL,3M,MVID,-0.3336730854177168
2026-08-12,CL,6M,MVID,-0.266331323762726
2026-08-12,CL,9M,MVID,-0.266331323762726
2026-08-12,CL,1Y,MVID,-0.266331323762726
2026-08-12,CL,2Y,MVID,-0.266331323762726
2026-08-12,CL,3Y,MVID,-0.266331323762726
2026-08-12,CL,4Y,MVID,-0.266331323762726
2026-08-12,CL,5Y,MVID,-0.266331323762726
2026-08-12,CL,6Y,MVID,-0.266331323762726
2026-08-12,CL,7Y,MVID,-0.266331323762726
2026-08-12,CL,8Y,MVID,-0.266331323762726
2026-08-12,CL,9Y,MVID,-0.266331323762726
2026-08-12,CL,10Y,MVID,-0.266331323762726
2026-08-12,CL,1D,MXI,0.07468108036348724
2026-08-12,CL,1W,MXI,0.07468108036348724
2026-08-12,CL,2W,MXI,0.07468108036348724
2026-08-12,CL,1M,MXI,0.07468108036348724
2026-08-12,CL,2M,MXI,0.07601609519286923
2026-08-12,CL,3M,MXI,0.07768486372959672
2026-08-12,CL,6M,MXI,0.08326751202474272
2026-08-12,CL,9M,MXI,0.0888982448726127
2026-08-12,CL,1Y,MXI,0.09009865300105149
2026-08-12,CL,2Y,MXI,0.0919854065519151
2026-08-12,CL,3Y,MXI,0.0919854065519151
2026-08-12,CL,4Y,MXI,0.0919854065519151
2026-08-12,CL,5Y,MXI,0.0919854065519151
2026-08-12,CL,6Y,MXI,0.0919854065519151
2026-08-12,CL,7Y,MXI,0.0919854065519151
2026-08-12,CL,8Y,MXI,0.0919854065519151
2026-08-12,CL,9Y,MXI,0.0919854065519151
2026-08-12,CL,10Y,MXI,0.0919854065519151
2026-08-12,CL,1D,NASD,0.01171721679962733
2026-08-12,CL,1W,NASD,0.01171721679962733
2026-08-12,CL,2W,NASD,0.01171721679962733
2026-08-12,CL,1M,NASD,0.01171721679962733
2026-08-12,CL,2M,NASD,0.01171721679962733
2026-08-12,CL,3M,NASD,0.01171721679962733
2026-08-12,CL,6M,NASD,0.004276753717565724
2026-08-12,CL,9M,NASD,0.010916185628098186
2026-08-12,CL,1Y,NASD,0.011148229946101831
2026-08-12,CL,2Y,NASD,0.011148229946101831
2026-08-12,CL,3Y,NASD,0.011148229946101831
2026-08-12,CL,4Y,NASD,0.011148229946101831
2026-08-12,CL,5Y,NASD,0.011148229946101831
2026-08-12,CL,6Y,NASD,0.011148229946101831
2026-08-12,CL,7Y,NASD,0.011148229946101831
2026-08-12,CL,8Y,NASD,0.011148229946101831
2026-08-12,CL,9Y,NASD,0.011148229946101831
2026-08-12,CL,10Y,NASD,0.011148229946101831
2026-08-12,CL,1D,NG,0.25183912447643203
2026-08-12,CL,1W,NG,0.25183912447643203
2026-08-12,CL,2W,NG,0.25183912447643203
2026-08-12,CL,1M,NG,0.25183912447643203
2026-08-12,CL,2M,NG,0.6104834771228231
2026-08-12,CL,3M,NG,1.174607100341038
2026-08-12,CL,6M,NG,0.3322434615597721
2026-08-12,CL,9M,NG,0.3143242282208647
2026-08-12,CL,1Y,NG,0.3143242282208647
2026-08-12,CL,2Y,NG,0.3143242282208647
2026-08-12,CL,3Y,NG,0.3143242282208647
2026-08-12,CL,4Y,NG,0.3143242282208647
2026-08-12,CL,5Y,NG,0.3143242282208647
2026-08-12,CL,6Y,NG,0.3143242282208647
2026-08-12,CL,7Y,NG,0.3143242282208647
2026-08-12,CL,8Y,NG,0.3143242282208647
2026-08-12,CL,9Y,NG,0.3143242282208647
2026-08-12,CL,10Y,NG,0.3143242282208647
2026-08-12,CL,1D,NGM,0.2477979375431036
2026-08-12,CL,1W,NGM,0.2477979375431036
2026-08-12,CL,2W,NGM,0.2477979375431036
2026-08-12,CL,1M,NGM,0.2477979375431036
2026-08-12,CL,2M,NGM,0.6152535145031329
2026-08-12,CL,3M,NGM,1.1677879430320468
2026-08-12,CL,6M,NGM,0.37768344557020345
2026-08-12,CL,9M,NGM,0.36134514435474374
2026-08-12,CL,1Y,NGM,0.36134514435474374
2026-08-12,CL,2Y,NGM,0.36134514435474374
2026-08-12,CL,3Y,NGM,0.36134514435474374
2026-08-12,CL,4Y,NGM,0.36134514435474374
2026-08-12,CL,5Y,NGM,0.36134514435474374
2026-08-12,CL,6Y,NGM,0.36134514435474374
2026-08-12,CL,7Y,NGM,0.36134514435474374
2026-08-12,CL,8Y,NGM,0.36134514435474374
2026-08-12,CL,9Y,NGM,0.36134514435474374
2026-08-12,CL,10Y,NGM,0.36134514435474374
2026-08-12,CL,1D,NICKEL,0.06485644632205975
2026-08-12,CL,1W,NICKEL,0.06485644632205975
2026-08-12,CL,2W,NICKEL,0.06485644632205975
2026-08-12,CL,1M,NICKEL,0.06485644632205975
2026-08-12,CL,2M,NICKEL,0.06485644632205975
2026-08-12,CL,3M,NICKEL,0.06485644632205975
2026-08-12,CL,6M,NICKEL,0.06485644632205975
2026-08-12,CL,9M,NICKEL,0.06485644632205975
2026-08-12,CL,1Y,NICKEL,0.06485644632205975
2026-08-12,CL,2Y,NICKEL,0.06485644632205975
2026-08-12,CL,3Y,NICKEL,0.06485644632205975
2026-08-12,CL,4Y,NICKEL,0.06485644632205975
2026-08-12,CL,5Y,NICKEL,0.06485644632205975
2026-08-12,CL,6Y,NICKEL,0.06485644632205975
2026-08-12,CL,7Y,NICKEL,0.06485644632205975
2026-08-12,CL,8Y,NICKEL,0.06485644632205975
2026-08-12,CL,9Y,NICKEL,0.06485644632205975
2026-08-12,CL,10Y,NICKEL,0.06485644632205975
2026-08-12,CL,1D,NIKK,-0.045525061200884724
2026-08-12,CL,1W,NIKK,-0.045525061200884724
2026-08-12,CL,2W,NIKK,-0.045525061200884724
2026-08-12,CL,1M,NIKK,-0.045525061200884724
2026-08-12,CL,2M,NIKK,-0.045525061200884724
2026-08-12,CL,3M,NIKK,-0.045525061200884724
2026-08-12,CL,6M,NIKK,-0.045525061200884724
2026-08-12,CL,9M,NIKK,-0.045525061200884724
2026-08-12,CL,1Y,NIKK,-0.045525061200884724
2026-08-12,CL,2Y,NIKK,-0.045525061200884724
2026-08-12,CL,3Y,NIKK,-0.045525061200884724
2026-08-12,CL,4Y,NIKK,-0.045525061200884724
2026-08-12,CL,5Y,NIKK,-0.045525061200884724
2026-08-12,CL,6Y,NIKK,-0.045525061200884724
2026-08-12,CL,7Y,NIKK,-0.045525061200884724
2026-08-12,CL,8Y,NIKK,-0.045525061200884724
2026-08-12,CL,9Y,NIKK,-0.045525061200884724
2026-08-12,CL,10Y,NIKK,-0.045525061200884724
2026-08-12,CL,1D,NLMK,0.1063343662605595
2026-08-12,CL,1W,NLMK,0.1063343662605595
2026-08-12,CL,2W,NLMK,0.1063343662605595
2026-08-12,CL,1M,NLMK,0.1063343662605595
2026-08-12,CL,2M,NLMK,0.11055789121960374
2026-08-12,CL,3M,NLMK,0.11583729741840904
2026-08-12,CL,6M,NLMK,0.12234856506360224
2026-08-12,CL,9M,NLMK,0.12234856506360224
2026-08-12,CL,1Y,NLMK,0.12234856506360224
2026-08-12,CL,2Y,NLMK,0.12234856506360224
2026-08-12,CL,3Y,NLMK,0.12234856506360224
2026-08-12,CL,4Y,NLMK,0.12234856506360224
2026-08-12,CL,5Y,NLMK,0.12234856506360224
2026-08-12,CL,6Y,NLMK,0.12234856506360224
2026-08-12,CL,7Y,NLMK,0.12234856506360224
2026-08-12,CL,8Y,NLMK,0.12234856506360224
2026-08-12,CL,9Y,NLMK,0.12234856506360224
2026-08-12,CL,10Y,NLMK,0.12234856506360224
2026-08-12,CL,1D,NOTKM,0.03691465012794794
2026-08-12,CL,1W,NOTKM,0.03691465012794794
2026-08-12,CL,2W,NOTKM,0.03691465012794794
2026-08-12,CL,1M,NOTKM,0.03691465012794794
2026-08-12,CL,2M,NOTKM,0.051872215132295035
2026-08-12,CL,3M,NOTKM,0.07056917138772892
2026-08-12,CL,6M,NOTKM,0.0936287507694307
2026-08-12,CL,9M,NOTKM,0.0936287507694307
2026-08-12,CL,1Y,NOTKM,0.0936287507694307
2026-08-12,CL,2Y,NOTKM,0.0936287507694307
2026-08-12,CL,3Y,NOTKM,0.0936287507694307
2026-08-12,CL,4Y,NOTKM,0.0936287507694307
2026-08-12,CL,5Y,NOTKM,0.0936287507694307
2026-08-12,CL,6Y,NOTKM,0.0936287507694307
2026-08-12,CL,7Y,NOTKM,0.0936287507694307
2026-08-12,CL,8Y,NOTKM,0.0936287507694307
2026-08-12,CL,9Y,NOTKM,0.0936287507694307
2026-08-12,CL,10Y,NOTKM,0.0936287507694307
2026-08-12,CL,1D,NOVARTIS,0.07004686350363218
2026-08-12,CL,1W,NOVARTIS,0.07004686350363218
2026-08-12,CL,2W,NOVARTIS,0.07004686350363218
2026-08-12,CL,1M,NOVARTIS,0.07004686350363218
2026-08-12,CL,2M,NOVARTIS,0.07004686350363218
2026-08-12,CL,3M,NOVARTIS,0.07004686350363218
2026-08-12,CL,6M,NOVARTIS,0.07004686350363218
2026-08-12,CL,9M,NOVARTIS,0.07004686350363218
2026-08-12,CL,1Y,NOVARTIS,0.07004686350363218
2026-08-12,CL,2Y,NOVARTIS,0.07004686350363218
2026-08-12,CL,3Y,NOVARTIS,0.07004686350363218
2026-08-12,CL,4Y,NOVARTIS,0.07004686350363218
2026-08-12,CL,5Y,NOVARTIS,0.07004686350363218
2026-08-12,CL,6Y,NOVARTIS,0.07004686350363218
2026-08-12,CL,7Y,NOVARTIS,0.07004686350363218
2026-08-12,CL,8Y,NOVARTIS,0.07004686350363218
2026-08-12,CL,9Y,NOVARTIS,0.07004686350363218
2026-08-12,CL,10Y,NOVARTIS,0.07004686350363218
2026-08-12,CL,1D,OGI,0.06790715083051986
2026-08-12,CL,1W,OGI,0.06790715083051986
2026-08-12,CL,2W,OGI,0.06790715083051986
2026-08-12,CL,1M,OGI,0.06790715083051986
2026-08-12,CL,2M,OGI,0.09469056523314781
2026-08-12,CL,3M,OGI,0.12816983323643275
2026-08-12,CL,6M,OGI,0.16946093044048416
2026-08-12,CL,9M,OGI,0.16946093044048416
2026-08-12,CL,1Y,OGI,0.16946093044048416
2026-08-12,CL,2Y,OGI,0.16946093044048416
2026-08-12,CL,3Y,OGI,0.16946093044048416
2026-08-12,CL,4Y,OGI,0.16946093044048416
2026-08-12,CL,5Y,OGI,0.16946093044048416
2026-08-12,CL,6Y,OGI,0.16946093044048416
2026-08-12,CL,7Y,OGI,0.16946093044048416
2026-08-12,CL,8Y,OGI,0.16946093044048416
2026-08-12,CL,9Y,OGI,0.16946093044048416
2026-08-12,CL,10Y,OGI,0.16946093044048416
2026-08-12,CL,1D,ORANGE,0.33627355451309116
2026-08-12,CL,1W,ORANGE,0.33627355451309116
2026-08-12,CL,2W,ORANGE,0.33627355451309116
2026-08-12,CL,1M,ORANGE,0.33627355451309116
2026-08-12,CL,2M,ORANGE,0.33627355451309116
2026-08-12,CL,3M,ORANGE,0.33627355451309116
2026-08-12,CL,6M,ORANGE,0.33627355451309116
2026-08-12,CL,9M,ORANGE,0.33627355451309116
2026-08-12,CL,1Y,ORANGE,0.33627355451309116
2026-08-12,CL,2Y,ORANGE,0.33627355451309116
2026-08-12,CL,3Y,ORANGE,0.33627355451309116
2026-08-12,CL,4Y,ORANGE,0.33627355451309116
2026-08-12,CL,5Y,ORANGE,0.33627355451309116
2026-08-12,CL,6Y,ORANGE,0.33627355451309116
2026-08-12,CL,7Y,ORANGE,0.33627355451309116
2026-08-12,CL,8Y,ORANGE,0.33627355451309116
2026-08-12,CL,9Y,ORANGE,0.33627355451309116
2026-08-12,CL,10Y,ORANGE,0.33627355451309116
2026-08-12,CL,1D,OZON,0.48107844167211333
2026-08-12,CL,1W,OZON,0.48107844167211333
2026-08-12,CL,2W,OZON,0.48107844167211333
2026-08-12,CL,1M,OZON,0.48107844167211333
2026-08-12,CL,2M,OZON,0.41411013878831604
2026-08-12,CL,3M,OZON,0.3303997601835694
2026-08-12,CL,6M,OZON,0.227156959904382
2026-08-12,CL,9M,OZON,0.227156959904382
2026-08-12,CL,1Y,OZON,0.227156959904382
2026-08-12,CL,2Y,OZON,0.227156959904382
2026-08-12,CL,3Y,OZON,0.227156959904382
2026-08-12,CL,4Y,OZON,0.227156959904382
2026-08-12,CL,5Y,OZON,0.227156959904382
2026-08-12,CL,6Y,OZON,0.227156959904382
2026-08-12,CL,7Y,OZON,0.227156959904382
2026-08-12,CL,8Y,OZON,0.227156959904382
2026-08-12,CL,9Y,OZON,0.227156959904382
2026-08-12,CL,10Y,OZON,0.227156959904382
2026-08-12,CL,1D,PDD,0.16900043063985762
2026-08-12,CL,1W,PDD,0.16900043063985762
2026-08-12,CL,2W,PDD,0.16900043063985762
2026-08-12,CL,1M,PDD,0.16900043063985762
2026-08-12,CL,2M,PDD,0.16900043063985762
2026-08-12,CL,3M,PDD,0.16900043063985762
2026-08-12,CL,6M,PDD,0.16900043063985762
2026-08-12,CL,9M,PDD,0.16900043063985762
2026-08-12,CL,1Y,PDD,0.16900043063985762
2026-08-12,CL,2Y,PDD,0.16900043063985762
2026-08-12,CL,3Y,PDD,0.16900043063985762
2026-08-12,CL,4Y,PDD,0.16900043063985762
2026-08-12,CL,5Y,PDD,0.16900043063985762
2026-08-12,CL,6Y,PDD,0.16900043063985762
2026-08-12,CL,7Y,PDD,0.16900043063985762
2026-08-12,CL,8Y,PDD,0.16900043063985762
2026-08-12,CL,9Y,PDD,0.16900043063985762
2026-08-12,CL,10Y,PDD,0.16900043063985762
2026-08-12,CL,1D,PHOR,0.007086415727159063
2026-08-12,CL,1W,PHOR,0.007086415727159063
2026-08-12,CL,2W,PHOR,0.007086415727159063
2026-08-12,CL,1M,PHOR,0.007086415727159063
2026-08-12,CL,2M,PHOR,0.022637093601810567
2026-08-12,CL,3M,PHOR,0.04207544094512494
2026-08-12,CL,6M,PHOR,0.066049402668546
2026-08-12,CL,9M,PHOR,0.066049402668546
2026-08-12,CL,1Y,PHOR,0.066049402668546
2026-08-12,CL,2Y,PHOR,0.066049402668546
2026-08-12,CL,3Y,PHOR,0.066049402668546
2026-08-12,CL,4Y,PHOR,0.066049402668546
2026-08-12,CL,5Y,PHOR,0.066049402668546
2026-08-12,CL,6Y,PHOR,0.066049402668546
2026-08-12,CL,7Y,PHOR,0.066049402668546
2026-08-12,CL,8Y,PHOR,0.066049402668546
2026-08-12,CL,9Y,PHOR,0.066049402668546
2026-08-12,CL,10Y,PHOR,0.066049402668546
2026-08-12,CL,1D,PIKK,-0.3673653902931986
2026-08-12,CL,1W,PIKK,-0.3673653902931986
2026-08-12,CL,2W,PIKK,-0.3673653902931986
2026-08-12,CL,1M,PIKK,-0.3673653902931986
2026-08-12,CL,2M,PIKK,-0.3673653902931986
2026-08-12,CL,3M,PIKK,-0.3673653902931986
2026-08-12,CL,6M,PIKK,-0.3673653902931986
2026-08-12,CL,9M,PIKK,-0.3673653902931986
2026-08-12,CL,1Y,PIKK,-0.3673653902931986
2026-08-12,CL,2Y,PIKK,-0.3673653902931986
2026-08-12,CL,3Y,PIKK,-0.3673653902931986
2026-08-12,CL,4Y,PIKK,-0.3673653902931986
2026-08-12,CL,5Y,PIKK,-0.3673653902931986
2026-08-12,CL,6Y,PIKK,-0.3673653902931986
2026-08-12,CL,7Y,PIKK,-0.3673653902931986
2026-08-12,CL,8Y,PIKK,-0.3673653902931986
2026-08-12,CL,9Y,PIKK,-0.3673653902931986
2026-08-12,CL,10Y,PIKK,-0.3673653902931986
2026-08-12,CL,1D,PLD,0.08321363550043658
2026-08-12,CL,1W,PLD,0.08321363550043658
2026-08-12,CL,2W,PLD,0.08321363550043658
2026-08-12,CL,1M,PLD,0.08321363550043658
2026-08-12,CL,2M,PLD,0.08321363550043658
2026-08-12,CL,3M,PLD,0.08321363550043658
2026-08-12,CL,6M,PLD,0.060139551311465526
2026-08-12,CL,9M,PLD,0.06541844173367706
2026-08-12,CL,1Y,PLD,0.0656160806825872
2026-08-12,CL,2Y,PLD,0.0656160806825872
2026-08-12,CL,3Y,PLD,0.0656160806825872
2026-08-12,CL,4Y,PLD,0.0656160806825872
2026-08-12,CL,5Y,PLD,0.0656160806825872
2026-08-12,CL,6Y,PLD,0.0656160806825872
2026-08-12,CL,7Y,PLD,0.0656160806825872
2026-08-12,CL,8Y,PLD,0.0656160806825872
2026-08-12,CL,9Y,PLD,0.0656160806825872
2026-08-12,CL,10Y,PLD,0.0656160806825872
2026-08-12,CL,1D,PLDM,0.09278476951819847
2026-08-12,CL,1W,PLDM,0.09278476951819847
2026-08-12,CL,2W,PLDM,0.09278476951819847
2026-08-12,CL,1M,PLDM,0.09278476951819847
2026-08-12,CL,2M,PLDM,0.09278476951819847
2026-08-12,CL,3M,PLDM,0.09278476951819847
2026-08-12,CL,6M,PLDM,0.06557024197600339
2026-08-12,CL,9M,PLDM,0.07438640815243813
2026-08-12,CL,1Y,PLDM,0.07470780799083972
2026-08-12,CL,2Y,PLDM,0.07470780799083972
2026-08-12,CL,3Y,PLDM,0.07470780799083972
2026-08-12,CL,4Y,PLDM,0.07470780799083972
2026-08-12,CL,5Y,PLDM,0.07470780799083972
2026-08-12,CL,6Y,PLDM,0.07470780799083972
2026-08-12,CL,7Y,PLDM,0.07470780799083972
2026-08-12,CL,8Y,PLDM,0.07470780799083972
2026-08-12,CL,9Y,PLDM,0.07470780799083972
2026-08-12,CL,10Y,PLDM,0.07470780799083972
2026-08-12,CL,1D,PLT,0.08474544899587257
2026-08-12,CL,1W,PLT,0.08474544899587257
2026-08-12,CL,2W,PLT,0.08474544899587257
2026-08-12,CL,1M,PLT,0.08474544899587257
2026-08-12,CL,2M,PLT,0.08474544899587257
2026-08-12,CL,3M,PLT,0.08474544899587257
2026-08-12,CL,6M,PLT,0.07523193574015453
2026-08-12,CL,9M,PLT,0.06950983354740442
2026-08-12,CL,1Y,PLT,0.06932205006860846
2026-08-12,CL,2Y,PLT,0.06932205006860846
2026-08-12,CL,3Y,PLT,0.06932205006860846
2026-08-12,CL,4Y,PLT,0.06932205006860846
2026-08-12,CL,5Y,PLT,0.06932205006860846
2026-08-12,CL,6Y,PLT,0.06932205006860846
2026-08-12,CL,7Y,PLT,0.06932205006860846
2026-08-12,CL,8Y,PLT,0.06932205006860846
2026-08-12,CL,9Y,PLT,0.06932205006860846
2026-08-12,CL,10Y,PLT,0.06932205006860846
2026-08-12,CL,1D,PLTM,0.0902222460628418
2026-08-12,CL,1W,PLTM,0.0902222460628418
2026-08-12,CL,2W,PLTM,0.0902222460628418
2026-08-12,CL,1M,PLTM,0.0902222460628418
2026-08-12,CL,2M,PLTM,0.0902222460628418
2026-08-12,CL,3M,PLTM,0.0902222460628418
2026-08-12,CL,6M,PLTM,0.10445688699702736
2026-08-12,CL,9M,PLTM,0.08961381271165374
2026-08-12,CL,1Y,PLTM,0.08909689383016754
2026-08-12,CL,2Y,PLTM,0.08909689383016754
2026-08-12,CL,3Y,PLTM,0.08909689383016754
2026-08-12,CL,4Y,PLTM,0.08909689383016754
2026-08-12,CL,5Y,PLTM,0.08909689383016754
2026-08-12,CL,6Y,PLTM,0.08909689383016754
2026-08-12,CL,7Y,PLTM,0.08909689383016754
2026-08-12,CL,8Y,PLTM,0.08909689383016754
2026-08-12,CL,9Y,PLTM,0.08909689383016754
2026-08-12,CL,10Y,PLTM,0.08909689383016754
2026-08-12,CL,1D,PLZLM,-0.06980989928791026
2026-08-12,CL,1W,PLZLM,-0.06980989928791026
2026-08-12,CL,2W,PLZLM,-0.06980989928791026
2026-08-12,CL,1M,PLZLM,-0.06980989928791026
2026-08-12,CL,2M,PLZLM,-0.03081904183168642
2026-08-12,CL,3M,PLZLM,0.01791952998859339
2026-08-12,CL,6M,PLZLM,0.07803043523360513
2026-08-12,CL,9M,PLZLM,0.07803043523360513
2026-08-12,CL,1Y,PLZLM,0.07803043523360513
2026-08-12,CL,2Y,PLZLM,0.07803043523360513
2026-08-12,CL,3Y,PLZLM,0.07803043523360513
2026-08-12,CL,4Y,PLZLM,0.07803043523360513
2026-08-12,CL,5Y,PLZLM,0.07803043523360513
2026-08-12,CL,6Y,PLZLM,0.07803043523360513
2026-08-12,CL,7Y,PLZLM,0.07803043523360513
2026-08-12,CL,8Y,PLZLM,0.07803043523360513
2026-08-12,CL,9Y,PLZLM,0.07803043523360513
2026-08-12,CL,10Y,PLZLM,0.07803043523360513
2026-08-12,CL,1D,POSI,-0.05175960801525293
2026-08-12,CL,1W,POSI,-0.05175960801525293
2026-08-12,CL,2W,POSI,-0.05175960801525293
2026-08-12,CL,1M,POSI,-0.05175960801525293
2026-08-12,CL,2M,POSI,-0.02501055865625639
2026-08-12,CL,3M,POSI,0.008425753042489277
2026-08-12,CL,6M,POSI,0.04966387080427561
2026-08-12,CL,9M,POSI,0.04966387080427561
2026-08-12,CL,1Y,POSI,0.04966387080427561
2026-08-12,CL,2Y,POSI,0.04966387080427561
2026-08-12,CL,3Y,POSI,0.04966387080427561
2026-08-12,CL,4Y,POSI,0.04966387080427561
2026-08-12,CL,5Y,POSI,0.04966387080427561
2026-08-12,CL,6Y,POSI,0.04966387080427561
2026-08-12,CL,7Y,POSI,0.04966387080427561
2026-08-12,CL,8Y,POSI,0.04966387080427561
2026-08-12,CL,9Y,POSI,0.04966387080427561
2026-08-12,CL,10Y,POSI,0.04966387080427561
2026-08-12,CL,1D,QQQF,9.452851304856479e-05
2026-08-12,CL,1W,QQQF,9.452851304856479e-05
2026-08-12,CL,2W,QQQF,9.452851304856479e-05
2026-08-12,CL,1M,QQQF,9.452851304856479e-05
2026-08-12,CL,2M,QQQF,9.452851304856479e-05
2026-08-12,CL,3M,QQQF,9.452851304856479e-05
2026-08-12,CL,6M,QQQF,9.452851304856479e-05
2026-08-12,CL,9M,QQQF,9.452851304856479e-05
2026-08-12,CL,1Y,QQQF,9.452851304856479e-05
2026-08-12,CL,2Y,QQQF,9.452851304856479e-05
2026-08-12,CL,3Y,QQQF,9.452851304856479e-05
2026-08-12,CL,4Y,QQQF,9.452851304856479e-05
2026-08-12,CL,5Y,QQQF,9.452851304856479e-05
2026-08-12,CL,6Y,QQQF,9.452851304856479e-05
2026-08-12,CL,7Y,QQQF,9.452851304856479e-05
2026-08-12,CL,8Y,QQQF,9.452851304856479e-05
2026-08-12,CL,9Y,QQQF,9.452851304856479e-05
2026-08-12,CL,10Y,QQQF,9.452851304856479e-05
2026-08-12,CL,1D,R2000,0.017223100664384
2026-08-12,CL,1W,R2000,0.017223100664384
2026-08-12,CL,2W,R2000,0.017223100664384
2026-08-12,CL,1M,R2000,0.017223100664384
2026-08-12,CL,2M,R2000,0.017223100664384
2026-08-12,CL,3M,R2000,0.017223100664384
2026-08-12,CL,6M,R2000,0.017223100664384
2026-08-12,CL,9M,R2000,0.017223100664384
2026-08-12,CL,1Y,R2000,0.017223100664384
2026-08-12,CL,2Y,R2000,0.017223100664384
2026-08-12,CL,3Y,R2000,0.017223100664384
2026-08-12,CL,4Y,R2000,0.017223100664384
2026-08-12,CL,5Y,R2000,0.017223100664384
2026-08-12,CL,6Y,R2000,0.017223100664384
2026-08-12,CL,7Y,R2000,0.017223100664384
2026-08-12,CL,8Y,R2000,0.017223100664384
2026-08-12,CL,9Y,R2000,0.017223100664384
2026-08-12,CL,10Y,R2000,0.017223100664384
2026-08-12,CL,1D,RASP,0.015879234081996662
2026-08-12,CL,1W,RASP,0.015879234081996662
2026-08-12,CL,2W,RASP,0.015879234081996662
2026-08-12,CL,1M,RASP,0.015879234081996662
2026-08-12,CL,2M,RASP,0.025232316780538402
2026-08-12,CL,3M,RASP,0.03692367015371558
2026-08-12,CL,6M,RASP,0.0513430059806341
2026-08-12,CL,9M,RASP,0.0513430059806341
2026-08-12,CL,1Y,RASP,0.0513430059806341
2026-08-12,CL,2Y,RASP,0.0513430059806341
2026-08-12,CL,3Y,RASP,0.0513430059806341
2026-08-12,CL,4Y,RASP,0.0513430059806341
2026-08-12,CL,5Y,RASP,0.0513430059806341
2026-08-12,CL,6Y,RASP,0.0513430059806341
2026-08-12,CL,7Y,RASP,0.0513430059806341
2026-08-12,CL,8Y,RASP,0.0513430059806341
2026-08-12,CL,9Y,RASP,0.0513430059806341
2026-08-12,CL,10Y,RASP,0.0513430059806341
2026-08-12,CL,1D,RENI,0.12642169889174495
2026-08-12,CL,1W,RENI,0.12642169889174495
2026-08-12,CL,2W,RENI,0.12642169889174495
2026-08-12,CL,1M,RENI,0.12642169889174495
2026-08-12,CL,2M,RENI,0.12829350131861006
2026-08-12,CL,3M,RENI,0.13063325435219145
2026-08-12,CL,6M,RENI,0.13351894976027515
2026-08-12,CL,9M,RENI,0.13351894976027515
2026-08-12,CL,1Y,RENI,0.13351894976027515
2026-08-12,CL,2Y,RENI,0.13351894976027515
2026-08-12,CL,3Y,RENI,0.13351894976027515
2026-08-12,CL,4Y,RENI,0.13351894976027515
2026-08-12,CL,5Y,RENI,0.13351894976027515
2026-08-12,CL,6Y,RENI,0.13351894976027515
2026-08-12,CL,7Y,RENI,0.13351894976027515
2026-08-12,CL,8Y,RENI,0.13351894976027515
2026-08-12,CL,9Y,RENI,0.13351894976027515
2026-08-12,CL,10Y,RENI,0.13351894976027515
2026-08-12,CL,1D,RGBI,0.027282220804763148
2026-08-12,CL,1W,RGBI,0.027282220804763148
2026-08-12,CL,2W,RGBI,0.027282220804763148
2026-08-12,CL,1M,RGBI,0.027282220804763148
2026-08-12,CL,2M,RGBI,0.027282220804763148
2026-08-12,CL,3M,RGBI,0.027282220804763148
2026-08-12,CL,6M,RGBI,0.02087058790912555
2026-08-12,CL,9M,RGBI,0.019205576762496415
2026-08-12,CL,1Y,RGBI,0.019151881133476965
2026-08-12,CL,2Y,RGBI,0.019151881133476965
2026-08-12,CL,3Y,RGBI,0.019151881133476965
2026-08-12,CL,4Y,RGBI,0.019151881133476965
2026-08-12,CL,5Y,RGBI,0.019151881133476965
2026-08-12,CL,6Y,RGBI,0.019151881133476965
2026-08-12,CL,7Y,RGBI,0.019151881133476965
2026-08-12,CL,8Y,RGBI,0.019151881133476965
2026-08-12,CL,9Y,RGBI,0.019151881133476965
2026-08-12,CL,10Y,RGBI,0.019151881133476965
2026-08-12,CL,1D,RGBIF,0.027282220804763148
2026-08-12,CL,1W,RGBIF,0.027282220804763148
2026-08-12,CL,2W,RGBIF,0.027282220804763148
2026-08-12,CL,1M,RGBIF,0.027282220804763148
2026-08-12,CL,2M,RGBIF,0.027282220804763148
2026-08-12,CL,3M,RGBIF,0.027282220804763148
2026-08-12,CL,6M,RGBIF,0.02087058790912555
2026-08-12,CL,9M,RGBIF,0.019205576762496415
2026-08-12,CL,1Y,RGBIF,0.019151881133476965
2026-08-12,CL,2Y,RGBIF,0.019151881133476965
2026-08-12,CL,3Y,RGBIF,0.019151881133476965
2026-08-12,CL,4Y,RGBIF,0.019151881133476965
2026-08-12,CL,5Y,RGBIF,0.019151881133476965
2026-08-12,CL,6Y,RGBIF,0.019151881133476965
2026-08-12,CL,7Y,RGBIF,0.019151881133476965
2026-08-12,CL,8Y,RGBIF,0.019151881133476965
2026-08-12,CL,9Y,RGBIF,0.019151881133476965
2026-08-12,CL,10Y,RGBIF,0.019151881133476965
2026-08-12,CL,1D,RNFT,0.0798791101058092
2026-08-12,CL,1W,RNFT,0.0798791101058092
2026-08-12,CL,2W,RNFT,0.0798791101058092
2026-08-12,CL,1M,RNFT,0.0798791101058092
2026-08-12,CL,2M,RNFT,0.07909376158307369
2026-08-12,CL,3M,RNFT,0.0781120759296543
2026-08-12,CL,6M,RNFT,0.07690133029043705
2026-08-12,CL,9M,RNFT,0.07690133029043705
2026-08-12,CL,1Y,RNFT,0.07690133029043705
2026-08-12,CL,2Y,RNFT,0.07690133029043705
2026-08-12,CL,3Y,RNFT,0.07690133029043705
2026-08-12,CL,4Y,RNFT,0.07690133029043705
2026-08-12,CL,5Y,RNFT,0.07690133029043705
2026-08-12,CL,6Y,RNFT,0.07690133029043705
2026-08-12,CL,7Y,RNFT,0.07690133029043705
2026-08-12,CL,8Y,RNFT,0.07690133029043705
2026-08-12,CL,9Y,RNFT,0.07690133029043705
2026-08-12,CL,10Y,RNFT,0.07690133029043705
2026-08-12,CL,1D,ROSN,-0.0060121326830963676
2026-08-12,CL,1W,ROSN,-0.0060121326830963676
2026-08-12,CL,2W,ROSN,-0.0060121326830963676
2026-08-12,CL,1M,ROSN,-0.0060121326830963676
2026-08-12,CL,2M,ROSN,0.020451743268589232
2026-08-12,CL,3M,ROSN,0.05353158820819623
2026-08-12,CL,6M,ROSN,0.07514539483647101
2026-08-12,CL,9M,ROSN,0.046488574804948946
2026-08-12,CL,1Y,ROSN,0.03531224394586128
2026-08-12,CL,2Y,ROSN,0.03531224394586128
2026-08-12,CL,3Y,ROSN,0.03531224394586128
2026-08-12,CL,4Y,ROSN,0.03531224394586128
2026-08-12,CL,5Y,ROSN,0.03531224394586128
2026-08-12,CL,6Y,ROSN,0.03531224394586128
2026-08-12,CL,7Y,ROSN,0.03531224394586128
2026-08-12,CL,8Y,ROSN,0.03531224394586128
2026-08-12,CL,9Y,ROSN,0.03531224394586128
2026-08-12,CL,10Y,ROSN,0.03531224394586128
2026-08-12,CL,1D,RTKM,0.35562800226287755
2026-08-12,CL,1W,RTKM,0.35562800226287755
2026-08-12,CL,2W,RTKM,0.35562800226287755
2026-08-12,CL,1M,RTKM,0.35562800226287755
2026-08-12,CL,2M,RTKM,0.3121755812516908
2026-08-12,CL,3M,RTKM,0.2578600549877074
2026-08-12,CL,6M,RTKM,0.19087090592879458
2026-08-12,CL,9M,RTKM,0.19087090592879458
2026-08-12,CL,1Y,RTKM,0.19087090592879458
2026-08-12,CL,2Y,RTKM,0.19087090592879458
2026-08-12,CL,3Y,RTKM,0.19087090592879458
2026-08-12,CL,4Y,RTKM,0.19087090592879458
2026-08-12,CL,5Y,RTKM,0.19087090592879458
2026-08-12,CL,6Y,RTKM,0.19087090592879458
2026-08-12,CL,7Y,RTKM,0.19087090592879458
2026-08-12,CL,8Y,RTKM,0.19087090592879458
2026-08-12,CL,9Y,RTKM,0.19087090592879458
2026-08-12,CL,10Y,RTKM,0.19087090592879458
2026-08-12,CL,1D,RTKMP,0.29460249313729114
2026-08-12,CL,1W,RTKMP,0.29460249313729114
2026-08-12,CL,2W,RTKMP,0.29460249313729114
2026-08-12,CL,1M,RTKMP,0.29460249313729114
2026-08-12,CL,2M,RTKMP,0.2617481552963533
2026-08-12,CL,3M,RTKMP,0.22068023299518102
2026-08-12,CL,6M,RTKMP,0.17002979549040184
2026-08-12,CL,9M,RTKMP,0.17002979549040184
2026-08-12,CL,1Y,RTKMP,0.17002979549040184
2026-08-12,CL,2Y,RTKMP,0.17002979549040184
2026-08-12,CL,3Y,RTKMP,0.17002979549040184
2026-08-12,CL,4Y,RTKMP,0.17002979549040184
2026-08-12,CL,5Y,RTKMP,0.17002979549040184
2026-08-12,CL,6Y,RTKMP,0.17002979549040184
2026-08-12,CL,7Y,RTKMP,0.17002979549040184
2026-08-12,CL,8Y,RTKMP,0.17002979549040184
2026-08-12,CL,9Y,RTKMP,0.17002979549040184
2026-08-12,CL,10Y,RTKMP,0.17002979549040184
2026-08-12,CL,1D,RTS,-0.013163445450077572
2026-08-12,CL,1W,RTS,-0.013163445450077572
2026-08-12,CL,2W,RTS,-0.013163445450077572
2026-08-12,CL,1M,RTS,-0.013163445450077572
2026-08-12,CL,2M,RTS,-0.013163445450077572
2026-08-12,CL,3M,RTS,-0.013163445450077572
2026-08-12,CL,6M,RTS,-0.002062940798215158
2026-08-12,CL,9M,RTS,0.017063304924996893
2026-08-12,CL,1Y,RTS,0.01770683206751304
2026-08-12,CL,2Y,RTS,0.01770683206751304
2026-08-12,CL,3Y,RTS,0.01770683206751304
2026-08-12,CL,4Y,RTS,0.01770683206751304
2026-08-12,CL,5Y,RTS,0.01770683206751304
2026-08-12,CL,6Y,RTS,0.01770683206751304
2026-08-12,CL,7Y,RTS,0.01770683206751304
2026-08-12,CL,8Y,RTS,0.01770683206751304
2026-08-12,CL,9Y,RTS,0.01770683206751304
2026-08-12,CL,10Y,RTS,0.01770683206751304
2026-08-12,CL,1D,RTSM,-0.04218612494309106
2026-08-12,CL,1W,RTSM,-0.04218612494309106
2026-08-12,CL,2W,RTSM,-0.04218612494309106
2026-08-12,CL,1M,RTSM,-0.04218612494309106
2026-08-12,CL,2M,RTSM,-0.03635816642794647
2026-08-12,CL,3M,RTSM,-0.029073218284015732
2026-08-12,CL,6M,RTSM,-0.020088448906501154
2026-08-12,CL,9M,RTSM,-0.020088448906501154
2026-08-12,CL,1Y,RTSM,-0.020088448906501154
2026-08-12,CL,2Y,RTSM,-0.020088448906501154
2026-08-12,CL,3Y,RTSM,-0.020088448906501154
2026-08-12,CL,4Y,RTSM,-0.020088448906501154
2026-08-12,CL,5Y,RTSM,-0.020088448906501154
2026-08-12,CL,6Y,RTSM,-0.020088448906501154
2026-08-12,CL,7Y,RTSM,-0.020088448906501154
2026-08-12,CL,8Y,RTSM,-0.020088448906501154
2026-08-12,CL,9Y,RTSM,-0.020088448906501154
2026-08-12,CL,10Y,RTSM,-0.020088448906501154
2026-08-12,CL,1D,RUAL,0.1135264682542408
2026-08-12,CL,1W,RUAL,0.1135264682542408
2026-08-12,CL,2W,RUAL,0.1135264682542408
2026-08-12,CL,1M,RUAL,0.1135264682542408
2026-08-12,CL,2M,RUAL,0.11555126495716825
2026-08-12,CL,3M,RUAL,0.11808226083582754
2026-08-12,CL,6M,RUAL,0.12120382241950735
2026-08-12,CL,9M,RUAL,0.12120382241950735
2026-08-12,CL,1Y,RUAL,0.12120382241950735
2026-08-12,CL,2Y,RUAL,0.12120382241950735
2026-08-12,CL,3Y,RUAL,0.12120382241950735
2026-08-12,CL,4Y,RUAL,0.12120382241950735
2026-08-12,CL,5Y,RUAL,0.12120382241950735
2026-08-12,CL,6Y,RUAL,0.12120382241950735
2026-08-12,CL,7Y,RUAL,0.12120382241950735
2026-08-12,CL,8Y,RUAL,0.12120382241950735
2026-08-12,CL,9Y,RUAL,0.12120382241950735
2026-08-12,CL,10Y,RUAL,0.12120382241950735
2026-08-12,CL,1D,RUON,0.0
2026-08-12,CL,1W,RUON,0.0
2026-08-12,CL,2W,RUON,0.0
2026-08-12,CL,1M,RUON,0.0
2026-08-12,CL,2M,RUON,0.0
2026-08-12,CL,3M,RUON,0.0
2026-08-12,CL,6M,RUON,0.0
2026-08-12,CL,9M,RUON,0.0
2026-08-12,CL,1Y,RUON,0.0
2026-08-12,CL,2Y,RUON,0.0
2026-08-12,CL,3Y,RUON,0.0
2026-08-12,CL,4Y,RUON,0.0
2026-08-12,CL,5Y,RUON,0.0
2026-08-12,CL,6Y,RUON,0.0
2026-08-12,CL,7Y,RUON,0.0
2026-08-12,CL,8Y,RUON,0.0
2026-08-12,CL,9Y,RUON,0.0
2026-08-12,CL,10Y,RUON,0.0
2026-08-12,CL,1D,RUONIA,0.1367079285015112
2026-08-12,CL,1W,RUONIA,0.1367079285015112
2026-08-12,CL,2W,RUONIA,0.1367079285015112
2026-08-12,CL,1M,RUONIA,0.1367079285015112
2026-08-12,CL,2M,RUONIA,0.1367079285015112
2026-08-12,CL,3M,RUONIA,0.1367079285015112
2026-08-12,CL,6M,RUONIA,0.13554787177375555
2026-08-12,CL,9M,RUONIA,0.13303144477789391
2026-08-12,CL,1Y,RUONIA,0.13294706075596338
2026-08-12,CL,2Y,RUONIA,0.13294706075596338
2026-08-12,CL,3Y,RUONIA,0.13294706075596338
2026-08-12,CL,4Y,RUONIA,0.13294706075596338
2026-08-12,CL,5Y,RUONIA,0.13294706075596338
2026-08-12,CL,6Y,RUONIA,0.13294706075596338
2026-08-12,CL,7Y,RUONIA,0.13294706075596338
2026-08-12,CL,8Y,RUONIA,0.13294706075596338
2026-08-12,CL,9Y,RUONIA,0.13294706075596338
2026-08-12,CL,10Y,RUONIA,0.13294706075596338
2026-08-12,CL,1D,RVI,2.470845845905992
2026-08-12,CL,1W,RVI,2.470845845905992
2026-08-12,CL,2W,RVI,2.012501077958563
2026-08-12,CL,1M,RVI,0.7902483634320849
2026-08-12,CL,2M,RVI,0.31214828284487856
2026-08-12,CL,3M,RVI,0.308855730738249
2026-08-12,CL,6M,RVI,0.308855730738249
2026-08-12,CL,9M,RVI,0.308855730738249
2026-08-12,CL,1Y,RVI,0.308855730738249
2026-08-12,CL,2Y,RVI,0.308855730738249
2026-08-12,CL,3Y,RVI,0.308855730738249
2026-08-12,CL,4Y,RVI,0.308855730738249
2026-08-12,CL,5Y,RVI,0.308855730738249
2026-08-12,CL,6Y,RVI,0.308855730738249
2026-08-12,CL,7Y,RVI,0.308855730738249
2026-08-12,CL,8Y,RVI,0.308855730738249
2026-08-12,CL,9Y,RVI,0.308855730738249
2026-08-12,CL,10Y,RVI,0.308855730738249
2026-08-12,CL,1D,SAMSUNG,-0.017316763048758236
2026-08-12,CL,1W,SAMSUNG,-0.017316763048758236
2026-08-12,CL,2W,SAMSUNG,-0.017316763048758236
2026-08-12,CL,1M,SAMSUNG,-0.017316763048758236
2026-08-12,CL,2M,SAMSUNG,-0.017316763048758236
2026-08-12,CL,3M,SAMSUNG,-0.017316763048758236
2026-08-12,CL,6M,SAMSUNG,-0.017316763048758236
2026-08-12,CL,9M,SAMSUNG,-0.017316763048758236
2026-08-12,CL,1Y,SAMSUNG,-0.017316763048758236
2026-08-12,CL,2Y,SAMSUNG,-0.017316763048758236
2026-08-12,CL,3Y,SAMSUNG,-0.017316763048758236
2026-08-12,CL,4Y,SAMSUNG,-0.017316763048758236
2026-08-12,CL,5Y,SAMSUNG,-0.017316763048758236
2026-08-12,CL,6Y,SAMSUNG,-0.017316763048758236
2026-08-12,CL,7Y,SAMSUNG,-0.017316763048758236
2026-08-12,CL,8Y,SAMSUNG,-0.017316763048758236
2026-08-12,CL,9Y,SAMSUNG,-0.017316763048758236
2026-08-12,CL,10Y,SAMSUNG,-0.017316763048758236
2026-08-12,CL,1D,SAP,0.03798607083562075
2026-08-12,CL,1W,SAP,0.03798607083562075
2026-08-12,CL,2W,SAP,0.03798607083562075
2026-08-12,CL,1M,SAP,0.03798607083562075
2026-08-12,CL,2M,SAP,0.03798607083562075
2026-08-12,CL,3M,SAP,0.03798607083562075
2026-08-12,CL,6M,SAP,0.03798607083562075
2026-08-12,CL,9M,SAP,0.03798607083562075
2026-08-12,CL,1Y,SAP,0.03798607083562075
2026-08-12,CL,2Y,SAP,0.03798607083562075
2026-08-12,CL,3Y,SAP,0.03798607083562075
2026-08-12,CL,4Y,SAP,0.03798607083562075
2026-08-12,CL,5Y,SAP,0.03798607083562075
2026-08-12,CL,6Y,SAP,0.03798607083562075
2026-08-12,CL,7Y,SAP,0.03798607083562075
2026-08-12,CL,8Y,SAP,0.03798607083562075
2026-08-12,CL,9Y,SAP,0.03798607083562075
2026-08-12,CL,10Y,SAP,0.03798607083562075
2026-08-12,CL,1D,SAUDI,0.039049537061498316
2026-08-12,CL,1W,SAUDI,0.039049537061498316
2026-08-12,CL,2W,SAUDI,0.039049537061498316
2026-08-12,CL,1M,SAUDI,0.039049537061498316
2026-08-12,CL,2M,SAUDI,0.039049537061498316
2026-08-12,CL,3M,SAUDI,0.039049537061498316
2026-08-12,CL,6M,SAUDI,0.039049537061498316
2026-08-12,CL,9M,SAUDI,0.039049537061498316
2026-08-12,CL,1Y,SAUDI,0.039049537061498316
2026-08-12,CL,2Y,SAUDI,0.039049537061498316
2026-08-12,CL,3Y,SAUDI,0.039049537061498316
2026-08-12,CL,4Y,SAUDI,0.039049537061498316
2026-08-12,CL,5Y,SAUDI,0.039049537061498316
2026-08-12,CL,6Y,SAUDI,0.039049537061498316
2026-08-12,CL,7Y,SAUDI,0.039049537061498316
2026-08-12,CL,8Y,SAUDI,0.039049537061498316
2026-08-12,CL,9Y,SAUDI,0.039049537061498316
2026-08-12,CL,10Y,SAUDI,0.039049537061498316
2026-08-12,CL,1D,SBERF,0.0882046911174521
2026-08-12,CL,1W,SBERF,0.0882046911174521
2026-08-12,CL,2W,SBERF,0.0882046911174521
2026-08-12,CL,1M,SBERF,0.0882046911174521
2026-08-12,CL,2M,SBERF,0.09643932360524442
2026-08-12,CL,3M,SBERF,0.1067326142149848
2026-08-12,CL,6M,SBERF,0.12308858126876607
2026-08-12,CL,9M,SBERF,0.11902062362584033
2026-08-12,CL,1Y,SBERF,0.11400105358043108
2026-08-12,CL,2Y,SBERF,0.11400105358043108
2026-08-12,CL,3Y,SBERF,0.11400105358043108
2026-08-12,CL,4Y,SBERF,0.11400105358043108
2026-08-12,CL,5Y,SBERF,0.11400105358043108
2026-08-12,CL,6Y,SBERF,0.11400105358043108
2026-08-12,CL,7Y,SBERF,0.11400105358043108
2026-08-12,CL,8Y,SBERF,0.11400105358043108
2026-08-12,CL,9Y,SBERF,0.11400105358043108
2026-08-12,CL,10Y,SBERF,0.11400105358043108
2026-08-12,CL,1D,SBPR,0.09544625898122734
2026-08-12,CL,1W,SBPR,0.09544625898122734
2026-08-12,CL,2W,SBPR,0.09544625898122734
2026-08-12,CL,1M,SBPR,0.09544625898122734
2026-08-12,CL,2M,SBPR,0.10241289007997034
2026-08-12,CL,3M,SBPR,0.1111211789533991
2026-08-12,CL,6M,SBPR,0.12334307269109517
2026-08-12,CL,9M,SBPR,0.11914309047234897
2026-08-12,CL,1Y,SBPR,0.11519635630596259
2026-08-12,CL,2Y,SBPR,0.11519635630596259
2026-08-12,CL,3Y,SBPR,0.11519635630596259
2026-08-12,CL,4Y,SBPR,0.11519635630596259
2026-08-12,CL,5Y,SBPR,0.11519635630596259
2026-08-12,CL,6Y,SBPR,0.11519635630596259
2026-08-12,CL,7Y,SBPR,0.11519635630596259
2026-08-12,CL,8Y,SBPR,0.11519635630596259
2026-08-12,CL,9Y,SBPR,0.11519635630596259
2026-08-12,CL,10Y,SBPR,0.11519635630596259
2026-08-12,CL,1D,SBRF,0.0882046911174521
2026-08-12,CL,1W,SBRF,0.0882046911174521
2026-08-12,CL,2W,SBRF,0.0882046911174521
2026-08-12,CL,1M,SBRF,0.0882046911174521
2026-08-12,CL,2M,SBRF,0.09643932360524442
2026-08-12,CL,3M,SBRF,0.1067326142149848
2026-08-12,CL,6M,SBRF,0.12308858126876607
2026-08-12,CL,9M,SBRF,0.11902062362584033
2026-08-12,CL,1Y,SBRF,0.11400105358043108
2026-08-12,CL,2Y,SBRF,0.11400105358043108
2026-08-12,CL,3Y,SBRF,0.11400105358043108
2026-08-12,CL,4Y,SBRF,0.11400105358043108
2026-08-12,CL,5Y,SBRF,0.11400105358043108
2026-08-12,CL,6Y,SBRF,0.11400105358043108
2026-08-12,CL,7Y,SBRF,0.11400105358043108
2026-08-12,CL,8Y,SBRF,0.11400105358043108
2026-08-12,CL,9Y,SBRF,0.11400105358043108
2026-08-12,CL,10Y,SBRF,0.11400105358043108
2026-08-12,CL,1D,SFIN,-0.5195633837329797
2026-08-12,CL,1W,SFIN,-0.5195633837329797
2026-08-12,CL,2W,SFIN,-0.5195633837329797
2026-08-12,CL,1M,SFIN,-0.5195633837329797
2026-08-12,CL,2M,SFIN,-0.44005783572681945
2026-08-12,CL,3M,SFIN,-0.340675900719119
2026-08-12,CL,6M,SFIN,-0.21810484754295525
2026-08-12,CL,9M,SFIN,-0.21810484754295525
2026-08-12,CL,1Y,SFIN,-0.21810484754295525
2026-08-12,CL,2Y,SFIN,-0.21810484754295525
2026-08-12,CL,3Y,SFIN,-0.21810484754295525
2026-08-12,CL,4Y,SFIN,-0.21810484754295525
2026-08-12,CL,5Y,SFIN,-0.21810484754295525
2026-08-12,CL,6Y,SFIN,-0.21810484754295525
2026-08-12,CL,7Y,SFIN,-0.21810484754295525
2026-08-12,CL,8Y,SFIN,-0.21810484754295525
2026-08-12,CL,9Y,SFIN,-0.21810484754295525
2026-08-12,CL,10Y,SFIN,-0.21810484754295525
2026-08-12,CL,1D,SGZH,-0.6637768322958465
2026-08-12,CL,1W,SGZH,-0.6637768322958465
2026-08-12,CL,2W,SGZH,-0.6637768322958465
2026-08-12,CL,1M,SGZH,-0.6637768322958465
2026-08-12,CL,2M,SGZH,-0.5826901305142362
2026-08-12,CL,3M,SGZH,-0.48133175328722333
2026-08-12,CL,6M,SGZH,-0.3563230880405741
2026-08-12,CL,9M,SGZH,-0.3563230880405741
2026-08-12,CL,1Y,SGZH,-0.3563230880405741
2026-08-12,CL,2Y,SGZH,-0.3563230880405741
2026-08-12,CL,3Y,SGZH,-0.3563230880405741
2026-08-12,CL,4Y,SGZH,-0.3563230880405741
2026-08-12,CL,5Y,SGZH,-0.3563230880405741
2026-08-12,CL,6Y,SGZH,-0.3563230880405741
2026-08-12,CL,7Y,SGZH,-0.3563230880405741
2026-08-12,CL,8Y,SGZH,-0.3563230880405741
2026-08-12,CL,9Y,SGZH,-0.3563230880405741
2026-08-12,CL,10Y,SGZH,-0.3563230880405741
2026-08-12,CL,1D,SIBN,0.30033676254000946
2026-08-12,CL,1W,SIBN,0.30033676254000946
2026-08-12,CL,2W,SIBN,0.30033676254000946
2026-08-12,CL,1M,SIBN,0.30033676254000946
2026-08-12,CL,2M,SIBN,0.24239539878259586
2026-08-12,CL,3M,SIBN,0.1699686940858289
2026-08-12,CL,6M,SIBN,0.08064242495981627
2026-08-12,CL,9M,SIBN,0.08064242495981627
2026-08-12,CL,1Y,SIBN,0.08064242495981627
2026-08-12,CL,2Y,SIBN,0.08064242495981627
2026-08-12,CL,3Y,SIBN,0.08064242495981627
2026-08-12,CL,4Y,SIBN,0.08064242495981627
2026-08-12,CL,5Y,SIBN,0.08064242495981627
2026-08-12,CL,6Y,SIBN,0.08064242495981627
2026-08-12,CL,7Y,SIBN,0.08064242495981627
2026-08-12,CL,8Y,SIBN,0.08064242495981627
2026-08-12,CL,9Y,SIBN,0.08064242495981627
2026-08-12,CL,10Y,SIBN,0.08064242495981627
2026-08-12,CL,1D,SILV,0.09888096371008567
2026-08-12,CL,1W,SILV,0.09888096371008567
2026-08-12,CL,2W,SILV,0.09888096371008567
2026-08-12,CL,1M,SILV,0.09888096371008567
2026-08-12,CL,2M,SILV,0.09888096371008567
2026-08-12,CL,3M,SILV,0.09888096371008567
2026-08-12,CL,6M,SILV,0.09799672829222827
2026-08-12,CL,9M,SILV,0.098023875055133
2026-08-12,CL,1Y,SILV,0.09802547791496481
2026-08-12,CL,2Y,SILV,0.09802547791496481
2026-08-12,CL,3Y,SILV,0.09802547791496481
2026-08-12,CL,4Y,SILV,0.09802547791496481
2026-08-12,CL,5Y,SILV,0.09802547791496481
2026-08-12,CL,6Y,SILV,0.09802547791496481
2026-08-12,CL,7Y,SILV,0.09802547791496481
2026-08-12,CL,8Y,SILV,0.09802547791496481
2026-08-12,CL,9Y,SILV,0.09802547791496481
2026-08-12,CL,10Y,SILV,0.09802547791496481
2026-08-12,CL,1D,SILVM,0.0994511032288345
2026-08-12,CL,1W,SILVM,0.0994511032288345
2026-08-12,CL,2W,SILVM,0.0994511032288345
2026-08-12,CL,1M,SILVM,0.0994511032288345
2026-08-12,CL,2M,SILVM,0.0994511032288345
2026-08-12,CL,3M,SILVM,0.0994511032288345
2026-08-12,CL,6M,SILVM,0.08960358089657791
2026-08-12,CL,9M,SILVM,0.08636563286666564
2026-08-12,CL,1Y,SILVM,0.08626279234189635
2026-08-12,CL,2Y,SILVM,0.08626279234189635
2026-08-12,CL,3Y,SILVM,0.08626279234189635
2026-08-12,CL,4Y,SILVM,0.08626279234189635
2026-08-12,CL,5Y,SILVM,0.08626279234189635
2026-08-12,CL,6Y,SILVM,0.08626279234189635
2026-08-12,CL,7Y,SILVM,0.08626279234189635
2026-08-12,CL,8Y,SILVM,0.08626279234189635
2026-08-12,CL,9Y,SILVM,0.08626279234189635
2026-08-12,CL,10Y,SILVM,0.08626279234189635
2026-08-12,CL,1D,SL,0.1528866017461523
2026-08-12,CL,1W,SL,0.1528866017461523
2026-08-12,CL,2W,SL,0.1528866017461523
2026-08-12,CL,1M,SL,0.1528866017461523
2026-08-12,CL,2M,SL,0.1528866017461523
2026-08-12,CL,3M,SL,0.1528866017461523
2026-08-12,CL,6M,SL,0.1528866017461523
2026-08-12,CL,9M,SL,0.1528866017461523
2026-08-12,CL,1Y,SL,0.1528866017461523
2026-08-12,CL,2Y,SL,0.1528866017461523
2026-08-12,CL,3Y,SL,0.1528866017461523
2026-08-12,CL,4Y,SL,0.1528866017461523
2026-08-12,CL,5Y,SL,0.1528866017461523
2026-08-12,CL,6Y,SL,0.1528866017461523
2026-08-12,CL,7Y,SL,0.1528866017461523
2026-08-12,CL,8Y,SL,0.1528866017461523
2026-08-12,CL,9Y,SL,0.1528866017461523
2026-08-12,CL,10Y,SL,0.1528866017461523
2026-08-12,CL,1D,SLVRUBTOM,0.09888096371008567
2026-08-12,CL,1W,SLVRUBTOM,0.09888096371008567
2026-08-12,CL,2W,SLVRUBTOM,0.09888096371008567
2026-08-12,CL,1M,SLVRUBTOM,0.09888096371008567
2026-08-12,CL,2M,SLVRUBTOM,0.09888096371008567
2026-08-12,CL,3M,SLVRUBTOM,0.09888096371008567
2026-08-12,CL,6M,SLVRUBTOM,0.09799672829222827
2026-08-12,CL,9M,SLVRUBTOM,0.098023875055133
2026-08-12,CL,1Y,SLVRUBTOM,0.09802547791496481
2026-08-12,CL,2Y,SLVRUBTOM,0.09802547791496481
2026-08-12,CL,3Y,SLVRUBTOM,0.09802547791496481
2026-08-12,CL,4Y,SLVRUBTOM,0.09802547791496481
2026-08-12,CL,5Y,SLVRUBTOM,0.09802547791496481
2026-08-12,CL,6Y,SLVRUBTOM,0.09802547791496481
2026-08-12,CL,7Y,SLVRUBTOM,0.09802547791496481
2026-08-12,CL,8Y,SLVRUBTOM,0.09802547791496481
2026-08-12,CL,9Y,SLVRUBTOM,0.09802547791496481
2026-08-12,CL,10Y,SLVRUBTOM,0.09802547791496481
2026-08-12,CL,1D,SMLT,-0.17289632665812682
2026-08-12,CL,1W,SMLT,-0.17289632665812682
2026-08-12,CL,2W,SMLT,-0.17289632665812682
2026-08-12,CL,1M,SMLT,-0.17289632665812682
2026-08-12,CL,2M,SMLT,-0.12182447618640253
2026-08-12,CL,3M,SMLT,-0.057984663096747185
2026-08-12,CL,6M,SMLT,0.020751106380494412
2026-08-12,CL,9M,SMLT,0.020751106380494412
2026-08-12,CL,1Y,SMLT,0.020751106380494412
2026-08-12,CL,2Y,SMLT,0.020751106380494412
2026-08-12,CL,3Y,SMLT,0.020751106380494412
2026-08-12,CL,4Y,SMLT,0.020751106380494412
2026-08-12,CL,5Y,SMLT,0.020751106380494412
2026-08-12,CL,6Y,SMLT,0.020751106380494412
2026-08-12,CL,7Y,SMLT,0.020751106380494412
2026-08-12,CL,8Y,SMLT,0.020751106380494412
2026-08-12,CL,9Y,SMLT,0.020751106380494412
2026-08-12,CL,10Y,SMLT,0.020751106380494412
2026-08-12,CL,1D,SNGP,0.19367575746398785
2026-08-12,CL,1W,SNGP,0.19367575746398785
2026-08-12,CL,2W,SNGP,0.19367575746398785
2026-08-12,CL,1M,SNGP,0.19367575746398785
2026-08-12,CL,2M,SNGP,0.18356155820375838
2026-08-12,CL,3M,SNGP,0.17091880912847152
2026-08-12,CL,6M,SNGP,0.1553260852689511
2026-08-12,CL,9M,SNGP,0.1553260852689511
2026-08-12,CL,1Y,SNGP,0.1553260852689511
2026-08-12,CL,2Y,SNGP,0.1553260852689511
2026-08-12,CL,3Y,SNGP,0.1553260852689511
2026-08-12,CL,4Y,SNGP,0.1553260852689511
2026-08-12,CL,5Y,SNGP,0.1553260852689511
2026-08-12,CL,6Y,SNGP,0.1553260852689511
2026-08-12,CL,7Y,SNGP,0.1553260852689511
2026-08-12,CL,8Y,SNGP,0.1553260852689511
2026-08-12,CL,9Y,SNGP,0.1553260852689511
2026-08-12,CL,10Y,SNGP,0.1553260852689511
2026-08-12,CL,1D,SNGR,0.1573695056793777
2026-08-12,CL,1W,SNGR,0.1573695056793777
2026-08-12,CL,2W,SNGR,0.1573695056793777
2026-08-12,CL,1M,SNGR,0.1573695056793777
2026-08-12,CL,2M,SNGR,0.15194490335612512
2026-08-12,CL,3M,SNGR,0.1451641504520594
2026-08-12,CL,6M,SNGR,0.13680122187037835
2026-08-12,CL,9M,SNGR,0.13680122187037835
2026-08-12,CL,1Y,SNGR,0.13680122187037835
2026-08-12,CL,2Y,SNGR,0.13680122187037835
2026-08-12,CL,3Y,SNGR,0.13680122187037835
2026-08-12,CL,4Y,SNGR,0.13680122187037835
2026-08-12,CL,5Y,SNGR,0.13680122187037835
2026-08-12,CL,6Y,SNGR,0.13680122187037835
2026-08-12,CL,7Y,SNGR,0.13680122187037835
2026-08-12,CL,8Y,SNGR,0.13680122187037835
2026-08-12,CL,9Y,SNGR,0.13680122187037835
2026-08-12,CL,10Y,SNGR,0.13680122187037835
2026-08-12,CL,1D,SOFL,-0.058856614354078934
2026-08-12,CL,1W,SOFL,-0.058856614354078934
2026-08-12,CL,2W,SOFL,-0.058856614354078934
2026-08-12,CL,1M,SOFL,-0.058856614354078934
2026-08-12,CL,2M,SOFL,-0.023466385098719914
2026-08-12,CL,3M,SOFL,0.02077140147047886
2026-08-12,CL,6M,SOFL,0.07533133823915736
2026-08-12,CL,9M,SOFL,0.07533133823915736
2026-08-12,CL,1Y,SOFL,0.07533133823915736
2026-08-12,CL,2Y,SOFL,0.07533133823915736
2026-08-12,CL,3Y,SOFL,0.07533133823915736
2026-08-12,CL,4Y,SOFL,0.07533133823915736
2026-08-12,CL,5Y,SOFL,0.07533133823915736
2026-08-12,CL,6Y,SOFL,0.07533133823915736
2026-08-12,CL,7Y,SOFL,0.07533133823915736
2026-08-12,CL,8Y,SOFL,0.07533133823915736
2026-08-12,CL,9Y,SOFL,0.07533133823915736
2026-08-12,CL,10Y,SOFL,0.07533133823915736
2026-08-12,CL,1D,SOL,0.17878216757755305
2026-08-12,CL,1W,SOL,0.17878216757755305
2026-08-12,CL,2W,SOL,0.17878216757755305
2026-08-12,CL,1M,SOL,0.17808887925751657
2026-08-12,CL,2M,SOL,0.16768955445696943
2026-08-12,CL,3M,SOL,0.1666496219769147
2026-08-12,CL,6M,SOL,0.1666496219769147
2026-08-12,CL,9M,SOL,0.1666496219769147
2026-08-12,CL,1Y,SOL,0.1666496219769147
2026-08-12,CL,2Y,SOL,0.1666496219769147
2026-08-12,CL,3Y,SOL,0.1666496219769147
2026-08-12,CL,4Y,SOL,0.1666496219769147
2026-08-12,CL,5Y,SOL,0.1666496219769147
2026-08-12,CL,6Y,SOL,0.1666496219769147
2026-08-12,CL,7Y,SOL,0.1666496219769147
2026-08-12,CL,8Y,SOL,0.1666496219769147
2026-08-12,CL,9Y,SOL,0.1666496219769147
2026-08-12,CL,10Y,SOL,0.1666496219769147
2026-08-12,CL,1D,SONY,0.006783915377833489
2026-08-12,CL,1W,SONY,0.006783915377833489
2026-08-12,CL,2W,SONY,0.006783915377833489
2026-08-12,CL,1M,SONY,0.006783915377833489
2026-08-12,CL,2M,SONY,0.006783915377833489
2026-08-12,CL,3M,SONY,0.006783915377833489
2026-08-12,CL,6M,SONY,0.006783915377833489
2026-08-12,CL,9M,SONY,0.006783915377833489
2026-08-12,CL,1Y,SONY,0.006783915377833489
2026-08-12,CL,2Y,SONY,0.006783915377833489
2026-08-12,CL,3Y,SONY,0.006783915377833489
2026-08-12,CL,4Y,SONY,0.006783915377833489
2026-08-12,CL,5Y,SONY,0.006783915377833489
2026-08-12,CL,6Y,SONY,0.006783915377833489
2026-08-12,CL,7Y,SONY,0.006783915377833489
2026-08-12,CL,8Y,SONY,0.006783915377833489
2026-08-12,CL,9Y,SONY,0.006783915377833489
2026-08-12,CL,10Y,SONY,0.006783915377833489
2026-08-12,CL,1D,SOXQ,0.0721843406609469
2026-08-12,CL,1W,SOXQ,0.0721843406609469
2026-08-12,CL,2W,SOXQ,0.0721843406609469
2026-08-12,CL,1M,SOXQ,0.0721843406609469
2026-08-12,CL,2M,SOXQ,0.0721843406609469
2026-08-12,CL,3M,SOXQ,0.0721843406609469
2026-08-12,CL,6M,SOXQ,0.0721843406609469
2026-08-12,CL,9M,SOXQ,0.0721843406609469
2026-08-12,CL,1Y,SOXQ,0.0721843406609469
2026-08-12,CL,2Y,SOXQ,0.0721843406609469
2026-08-12,CL,3Y,SOXQ,0.0721843406609469
2026-08-12,CL,4Y,SOXQ,0.0721843406609469
2026-08-12,CL,5Y,SOXQ,0.0721843406609469
2026-08-12,CL,6Y,SOXQ,0.0721843406609469
2026-08-12,CL,7Y,SOXQ,0.0721843406609469
2026-08-12,CL,8Y,SOXQ,0.0721843406609469
2026-08-12,CL,9Y,SOXQ,0.0721843406609469
2026-08-12,CL,10Y,SOXQ,0.0721843406609469
2026-08-12,CL,1D,SP500F,2.3613164180090864e-05
2026-08-12,CL,1W,SP500F,2.3613164180090864e-05
2026-08-12,CL,2W,SP500F,2.3613164180090864e-05
2026-08-12,CL,1M,SP500F,2.3613164180090864e-05
2026-08-12,CL,2M,SP500F,2.3613164180090864e-05
2026-08-12,CL,3M,SP500F,2.3613164180090864e-05
2026-08-12,CL,6M,SP500F,2.3613164180090864e-05
2026-08-12,CL,9M,SP500F,2.3613164180090864e-05
2026-08-12,CL,1Y,SP500F,2.3613164180090864e-05
2026-08-12,CL,2Y,SP500F,2.3613164180090864e-05
2026-08-12,CL,3Y,SP500F,2.3613164180090864e-05
2026-08-12,CL,4Y,SP500F,2.3613164180090864e-05
2026-08-12,CL,5Y,SP500F,2.3613164180090864e-05
2026-08-12,CL,6Y,SP500F,2.3613164180090864e-05
2026-08-12,CL,7Y,SP500F,2.3613164180090864e-05
2026-08-12,CL,8Y,SP500F,2.3613164180090864e-05
2026-08-12,CL,9Y,SP500F,2.3613164180090864e-05
2026-08-12,CL,10Y,SP500F,2.3613164180090864e-05
2026-08-12,CL,1D,SPBE,-0.234479346644629
2026-08-12,CL,1W,SPBE,-0.234479346644629
2026-08-12,CL,2W,SPBE,-0.234479346644629
2026-08-12,CL,1M,SPBE,-0.234479346644629
2026-08-12,CL,2M,SPBE,-0.16762440649988475
2026-08-12,CL,3M,SPBE,-0.08405573131895447
2026-08-12,CL,6M,SPBE,0.019012301404192928
2026-08-12,CL,9M,SPBE,0.019012301404192928
2026-08-12,CL,1Y,SPBE,0.019012301404192928
2026-08-12,CL,2Y,SPBE,0.019012301404192928
2026-08-12,CL,3Y,SPBE,0.019012301404192928
2026-08-12,CL,4Y,SPBE,0.019012301404192928
2026-08-12,CL,5Y,SPBE,0.019012301404192928
2026-08-12,CL,6Y,SPBE,0.019012301404192928
2026-08-12,CL,7Y,SPBE,0.019012301404192928
2026-08-12,CL,8Y,SPBE,0.019012301404192928
2026-08-12,CL,9Y,SPBE,0.019012301404192928
2026-08-12,CL,10Y,SPBE,0.019012301404192928
2026-08-12,CL,1D,SPYF,0.008753719653019491
2026-08-12,CL,1W,SPYF,0.008753719653019491
2026-08-12,CL,2W,SPYF,0.008753719653019491
2026-08-12,CL,1M,SPYF,0.008753719653019491
2026-08-12,CL,2M,SPYF,0.008753719653019491
2026-08-12,CL,3M,SPYF,0.008753719653019491
2026-08-12,CL,6M,SPYF,0.00844141367969709
2026-08-12,CL,9M,SPYF,0.007079753664076307
2026-08-12,CL,1Y,SPYF,0.007033572690081055
2026-08-12,CL,2Y,SPYF,0.007033572690081055
2026-08-12,CL,3Y,SPYF,0.007033572690081055
2026-08-12,CL,4Y,SPYF,0.007033572690081055
2026-08-12,CL,5Y,SPYF,0.007033572690081055
2026-08-12,CL,6Y,SPYF,0.007033572690081055
2026-08-12,CL,7Y,SPYF,0.007033572690081055
2026-08-12,CL,8Y,SPYF,0.007033572690081055
2026-08-12,CL,9Y,SPYF,0.007033572690081055
2026-08-12,CL,10Y,SPYF,0.007033572690081055
2026-08-12,CL,1D,STOX,-0.03247144424011196
2026-08-12,CL,1W,STOX,-0.03247144424011196
2026-08-12,CL,2W,STOX,-0.03247144424011196
2026-08-12,CL,1M,STOX,-0.03247144424011196
2026-08-12,CL,2M,STOX,-0.03247144424011196
2026-08-12,CL,3M,STOX,-0.03247144424011196
2026-08-12,CL,6M,STOX,-0.03247144424011196
2026-08-12,CL,9M,STOX,-0.03247144424011196
2026-08-12,CL,1Y,STOX,-0.03247144424011196
2026-08-12,CL,2Y,STOX,-0.03247144424011196
2026-08-12,CL,3Y,STOX,-0.03247144424011196
2026-08-12,CL,4Y,STOX,-0.03247144424011196
2026-08-12,CL,5Y,STOX,-0.03247144424011196
2026-08-12,CL,6Y,STOX,-0.03247144424011196
2026-08-12,CL,7Y,STOX,-0.03247144424011196
2026-08-12,CL,8Y,STOX,-0.03247144424011196
2026-08-12,CL,9Y,STOX,-0.03247144424011196
2026-08-12,CL,10Y,STOX,-0.03247144424011196
2026-08-12,CL,1D,SUGAR,0.45911236002000094
2026-08-12,CL,1W,SUGAR,0.45911236002000094
2026-08-12,CL,2W,SUGAR,0.45911236002000094
2026-08-12,CL,1M,SUGAR,0.45911236002000094
2026-08-12,CL,2M,SUGAR,0.2131357500957584
2026-08-12,CL,3M,SUGAR,0.19556599224402677
2026-08-12,CL,6M,SUGAR,0.19556599224402677
2026-08-12,CL,9M,SUGAR,0.19556599224402677
2026-08-12,CL,1Y,SUGAR,0.19556599224402677
2026-08-12,CL,2Y,SUGAR,0.19556599224402677
2026-08-12,CL,3Y,SUGAR,0.19556599224402677
2026-08-12,CL,4Y,SUGAR,0.19556599224402677
2026-08-12,CL,5Y,SUGAR,0.19556599224402677
2026-08-12,CL,6Y,SUGAR,0.19556599224402677
2026-08-12,CL,7Y,SUGAR,0.19556599224402677
2026-08-12,CL,8Y,SUGAR,0.19556599224402677
2026-08-12,CL,9Y,SUGAR,0.19556599224402677
2026-08-12,CL,10Y,SUGAR,0.19556599224402677
2026-08-12,CL,1D,SUGR,0.24063764518632136
2026-08-12,CL,1W,SUGR,0.24063764518632136
2026-08-12,CL,2W,SUGR,0.24063764518632136
2026-08-12,CL,1M,SUGR,0.24063764518632136
2026-08-12,CL,2M,SUGR,0.24063764518632136
2026-08-12,CL,3M,SUGR,0.24063764518632136
2026-08-12,CL,6M,SUGR,0.24063764518632136
2026-08-12,CL,9M,SUGR,0.24063764518632136
2026-08-12,CL,1Y,SUGR,0.24063764518632136
2026-08-12,CL,2Y,SUGR,0.24063764518632136
2026-08-12,CL,3Y,SUGR,0.24063764518632136
2026-08-12,CL,4Y,SUGR,0.24063764518632136
2026-08-12,CL,5Y,SUGR,0.24063764518632136
2026-08-12,CL,6Y,SUGR,0.24063764518632136
2026-08-12,CL,7Y,SUGR,0.24063764518632136
2026-08-12,CL,8Y,SUGR,0.24063764518632136
2026-08-12,CL,9Y,SUGR,0.24063764518632136
2026-08-12,CL,10Y,SUGR,0.24063764518632136
2026-08-12,CL,1D,SVCB,0.25164537410939825
2026-08-12,CL,1W,SVCB,0.25164537410939825
2026-08-12,CL,2W,SVCB,0.25164537410939825
2026-08-12,CL,1M,SVCB,0.25164537410939825
2026-08-12,CL,2M,SVCB,0.2302777860881188
2026-08-12,CL,3M,SVCB,0.20356830106151952
2026-08-12,CL,6M,SVCB,0.17062660286204703
2026-08-12,CL,9M,SVCB,0.17062660286204703
2026-08-12,CL,1Y,SVCB,0.17062660286204703
2026-08-12,CL,2Y,SVCB,0.17062660286204703
2026-08-12,CL,3Y,SVCB,0.17062660286204703
2026-08-12,CL,4Y,SVCB,0.17062660286204703
2026-08-12,CL,5Y,SVCB,0.17062660286204703
2026-08-12,CL,6Y,SVCB,0.17062660286204703
2026-08-12,CL,7Y,SVCB,0.17062660286204703
2026-08-12,CL,8Y,SVCB,0.17062660286204703
2026-08-12,CL,9Y,SVCB,0.17062660286204703
2026-08-12,CL,10Y,SVCB,0.17062660286204703
2026-08-12,CL,1D,Si,0.06540928829909652
2026-08-12,CL,1W,Si,0.06540928829909652
2026-08-12,CL,2W,Si,0.06540928829909652
2026-08-12,CL,1M,Si,0.06540928829909652
2026-08-12,CL,2M,Si,0.06540928829909652
2026-08-12,CL,3M,Si,0.06540928829909652
2026-08-12,CL,6M,Si,0.07973316161600479
2026-08-12,CL,9M,Si,0.08321264824089049
2026-08-12,CL,1Y,Si,0.09201950022909162
2026-08-12,CL,2Y,Si,0.09439550006116343
2026-08-12,CL,3Y,Si,0.09439550006116343
2026-08-12,CL,4Y,Si,0.09439550006116343
2026-08-12,CL,5Y,Si,0.09439550006116343
2026-08-12,CL,6Y,Si,0.09439550006116343
2026-08-12,CL,7Y,Si,0.09439550006116343
2026-08-12,CL,8Y,Si,0.09439550006116343
2026-08-12,CL,9Y,Si,0.09439550006116343
2026-08-12,CL,10Y,Si,0.09439550006116343
2026-08-12,CL,1D,T,0.12996007061970002
2026-08-12,CL,1W,T,0.12996007061970002
2026-08-12,CL,2W,T,0.12996007061970002
2026-08-12,CL,1M,T,0.12996007061970002
2026-08-12,CL,2M,T,0.13228790065384063
2026-08-12,CL,3M,T,0.13519768819651642
2026-08-12,CL,6M,T,0.13878642616581655
2026-08-12,CL,9M,T,0.13878642616581655
2026-08-12,CL,1Y,T,0.13878642616581655
2026-08-12,CL,2Y,T,0.13878642616581655
2026-08-12,CL,3Y,T,0.13878642616581655
2026-08-12,CL,4Y,T,0.13878642616581655
2026-08-12,CL,5Y,T,0.13878642616581655
2026-08-12,CL,6Y,T,0.13878642616581655
2026-08-12,CL,7Y,T,0.13878642616581655
2026-08-12,CL,8Y,T,0.13878642616581655
2026-08-12,CL,9Y,T,0.13878642616581655
2026-08-12,CL,10Y,T,0.13878642616581655
2026-08-12,CL,1D,TATN,0.28138971289027487
2026-08-12,CL,1W,TATN,0.28138971289027487
2026-08-12,CL,2W,TATN,0.28138971289027487
2026-08-12,CL,1M,TATN,0.28138971289027487
2026-08-12,CL,2M,TATN,0.2437675853850852
2026-08-12,CL,3M,TATN,0.19673992600359813
2026-08-12,CL,6M,TATN,0.13873914609976404
2026-08-12,CL,9M,TATN,0.13873914609976404
2026-08-12,CL,1Y,TATN,0.13873914609976404
2026-08-12,CL,2Y,TATN,0.13873914609976404
2026-08-12,CL,3Y,TATN,0.13873914609976404
2026-08-12,CL,4Y,TATN,0.13873914609976404
2026-08-12,CL,5Y,TATN,0.13873914609976404
2026-08-12,CL,6Y,TATN,0.13873914609976404
2026-08-12,CL,7Y,TATN,0.13873914609976404
2026-08-12,CL,8Y,TATN,0.13873914609976404
2026-08-12,CL,9Y,TATN,0.13873914609976404
2026-08-12,CL,10Y,TATN,0.13873914609976404
2026-08-12,CL,1D,TATP,0.322069849288225
2026-08-12,CL,1W,TATP,0.322069849288225
2026-08-12,CL,2W,TATP,0.322069849288225
2026-08-12,CL,1M,TATP,0.322069849288225
2026-08-12,CL,2M,TATP,0.2776069633172161
2026-08-12,CL,3M,TATP,0.22202835585345496
2026-08-12,CL,6M,TATP,0.15348140664814955
2026-08-12,CL,9M,TATP,0.15348140664814955
2026-08-12,CL,1Y,TATP,0.15348140664814955
2026-08-12,CL,2Y,TATP,0.15348140664814955
2026-08-12,CL,3Y,TATP,0.15348140664814955
2026-08-12,CL,4Y,TATP,0.15348140664814955
2026-08-12,CL,5Y,TATP,0.15348140664814955
2026-08-12,CL,6Y,TATP,0.15348140664814955
2026-08-12,CL,7Y,TATP,0.15348140664814955
2026-08-12,CL,8Y,TATP,0.15348140664814955
2026-08-12,CL,9Y,TATP,0.15348140664814955
2026-08-12,CL,10Y,TATP,0.15348140664814955
2026-08-12,CL,1D,TENCENT,0.07466911774124635
2026-08-12,CL,1W,TENCENT,0.07466911774124635
2026-08-12,CL,2W,TENCENT,0.07466911774124635
2026-08-12,CL,1M,TENCENT,0.07466911774124635
2026-08-12,CL,2M,TENCENT,0.07466911774124635
2026-08-12,CL,3M,TENCENT,0.07466911774124635
2026-08-12,CL,6M,TENCENT,0.07466911774124635
2026-08-12,CL,9M,TENCENT,0.07466911774124635
2026-08-12,CL,1Y,TENCENT,0.07466911774124635
2026-08-12,CL,2Y,TENCENT,0.07466911774124635
2026-08-12,CL,3Y,TENCENT,0.07466911774124635
2026-08-12,CL,4Y,TENCENT,0.07466911774124635
2026-08-12,CL,5Y,TENCENT,0.07466911774124635
2026-08-12,CL,6Y,TENCENT,0.07466911774124635
2026-08-12,CL,7Y,TENCENT,0.07466911774124635
2026-08-12,CL,8Y,TENCENT,0.07466911774124635
2026-08-12,CL,9Y,TENCENT,0.07466911774124635
2026-08-12,CL,10Y,TENCENT,0.07466911774124635
2026-08-12,CL,1D,TLT,0.0004846823776048144
2026-08-12,CL,1W,TLT,0.0004846823776048144
2026-08-12,CL,2W,TLT,0.0004846823776048144
2026-08-12,CL,1M,TLT,0.0004846823776048144
2026-08-12,CL,2M,TLT,0.0004846823776048144
2026-08-12,CL,3M,TLT,0.0004846823776048144
2026-08-12,CL,6M,TLT,0.0004846823776048144
2026-08-12,CL,9M,TLT,0.0004846823776048144
2026-08-12,CL,1Y,TLT,0.0004846823776048144
2026-08-12,CL,2Y,TLT,0.0004846823776048144
2026-08-12,CL,3Y,TLT,0.0004846823776048144
2026-08-12,CL,4Y,TLT,0.0004846823776048144
2026-08-12,CL,5Y,TLT,0.0004846823776048144
2026-08-12,CL,6Y,TLT,0.0004846823776048144
2026-08-12,CL,7Y,TLT,0.0004846823776048144
2026-08-12,CL,8Y,TLT,0.0004846823776048144
2026-08-12,CL,9Y,TLT,0.0004846823776048144
2026-08-12,CL,10Y,TLT,0.0004846823776048144
2026-08-12,CL,1D,TOYOTA,0.023648771878558975
2026-08-12,CL,1W,TOYOTA,0.023648771878558975
2026-08-12,CL,2W,TOYOTA,0.023648771878558975
2026-08-12,CL,1M,TOYOTA,0.023648771878558975
2026-08-12,CL,2M,TOYOTA,0.023648771878558975
2026-08-12,CL,3M,TOYOTA,0.023648771878558975
2026-08-12,CL,6M,TOYOTA,0.023648771878558975
2026-08-12,CL,9M,TOYOTA,0.023648771878558975
2026-08-12,CL,1Y,TOYOTA,0.023648771878558975
2026-08-12,CL,2Y,TOYOTA,0.023648771878558975
2026-08-12,CL,3Y,TOYOTA,0.023648771878558975
2026-08-12,CL,4Y,TOYOTA,0.023648771878558975
2026-08-12,CL,5Y,TOYOTA,0.023648771878558975
2026-08-12,CL,6Y,TOYOTA,0.023648771878558975
2026-08-12,CL,7Y,TOYOTA,0.023648771878558975
2026-08-12,CL,8Y,TOYOTA,0.023648771878558975
2026-08-12,CL,9Y,TOYOTA,0.023648771878558975
2026-08-12,CL,10Y,TOYOTA,0.023648771878558975
2026-08-12,CL,1D,TRNF,0.016604498297686555
2026-08-12,CL,1W,TRNF,0.016604498297686555
2026-08-12,CL,2W,TRNF,0.016604498297686555
2026-08-12,CL,1M,TRNF,0.016604498297686555
2026-08-12,CL,2M,TRNF,0.03987512186312411
2026-08-12,CL,3M,TRNF,0.06896340131992107
2026-08-12,CL,6M,TRNF,0.10483894598330397
2026-08-12,CL,9M,TRNF,0.10483894598330397
2026-08-12,CL,1Y,TRNF,0.10483894598330397
2026-08-12,CL,2Y,TRNF,0.10483894598330397
2026-08-12,CL,3Y,TRNF,0.10483894598330397
2026-08-12,CL,4Y,TRNF,0.10483894598330397
2026-08-12,CL,5Y,TRNF,0.10483894598330397
2026-08-12,CL,6Y,TRNF,0.10483894598330397
2026-08-12,CL,7Y,TRNF,0.10483894598330397
2026-08-12,CL,8Y,TRNF,0.10483894598330397
2026-08-12,CL,9Y,TRNF,0.10483894598330397
2026-08-12,CL,10Y,TRNF,0.10483894598330397
2026-08-12,CL,1D,TRX,0.04240514079293752
2026-08-12,CL,1W,TRX,0.04240514079293752
2026-08-12,CL,2W,TRX,0.04240514079293752
2026-08-12,CL,1M,TRX,0.042034965892596116
2026-08-12,CL,2M,TRX,0.03648234238747501
2026-08-12,CL,3M,TRX,0.0359270800369629
2026-08-12,CL,6M,TRX,0.0359270800369629
2026-08-12,CL,9M,TRX,0.0359270800369629
2026-08-12,CL,1Y,TRX,0.0359270800369629
2026-08-12,CL,2Y,TRX,0.0359270800369629
2026-08-12,CL,3Y,TRX,0.0359270800369629
2026-08-12,CL,4Y,TRX,0.0359270800369629
2026-08-12,CL,5Y,TRX,0.0359270800369629
2026-08-12,CL,6Y,TRX,0.0359270800369629
2026-08-12,CL,7Y,TRX,0.0359270800369629
2026-08-12,CL,8Y,TRX,0.0359270800369629
2026-08-12,CL,9Y,TRX,0.0359270800369629
2026-08-12,CL,10Y,TRX,0.0359270800369629
2026-08-12,CL,1D,TRY,-0.07338101354939683
2026-08-12,CL,1W,TRY,-0.07338101354939683
2026-08-12,CL,2W,TRY,-0.07338101354939683
2026-08-12,CL,1M,TRY,-0.07338101354939683
2026-08-12,CL,2M,TRY,-0.07338101354939683
2026-08-12,CL,3M,TRY,-0.07338101354939683
2026-08-12,CL,6M,TRY,-0.07338101354939683
2026-08-12,CL,9M,TRY,-0.07338101354939683
2026-08-12,CL,1Y,TRY,-0.07338101354939683
2026-08-12,CL,2Y,TRY,-0.07338101354939683
2026-08-12,CL,3Y,TRY,-0.07338101354939683
2026-08-12,CL,4Y,TRY,-0.07338101354939683
2026-08-12,CL,5Y,TRY,-0.07338101354939683
2026-08-12,CL,6Y,TRY,-0.07338101354939683
2026-08-12,CL,7Y,TRY,-0.07338101354939683
2026-08-12,CL,8Y,TRY,-0.07338101354939683
2026-08-12,CL,9Y,TRY,-0.07338101354939683
2026-08-12,CL,10Y,TRY,-0.07338101354939683
2026-08-12,CL,1D,TSM,0.12765990095270635
2026-08-12,CL,1W,TSM,0.12765990095270635
2026-08-12,CL,2W,TSM,0.12765990095270635
2026-08-12,CL,1M,TSM,0.12765990095270635
2026-08-12,CL,2M,TSM,0.12765990095270635
2026-08-12,CL,3M,TSM,0.12765990095270635
2026-08-12,CL,6M,TSM,0.12765990095270635
2026-08-12,CL,9M,TSM,0.12765990095270635
2026-08-12,CL,1Y,TSM,0.12765990095270635
2026-08-12,CL,2Y,TSM,0.12765990095270635
2026-08-12,CL,3Y,TSM,0.12765990095270635
2026-08-12,CL,4Y,TSM,0.12765990095270635
2026-08-12,CL,5Y,TSM,0.12765990095270635
2026-08-12,CL,6Y,TSM,0.12765990095270635
2026-08-12,CL,7Y,TSM,0.12765990095270635
2026-08-12,CL,8Y,TSM,0.12765990095270635
2026-08-12,CL,9Y,TSM,0.12765990095270635
2026-08-12,CL,10Y,TSM,0.12765990095270635
2026-08-12,CL,1D,TTF,0.011782512589452312
2026-08-12,CL,1W,TTF,0.011782512589452312
2026-08-12,CL,2W,TTF,0.011782512589452312
2026-08-12,CL,1M,TTF,0.011782512589452312
2026-08-12,CL,2M,TTF,0.011782512589452312
2026-08-12,CL,3M,TTF,0.011782512589452312
2026-08-12,CL,6M,TTF,0.011782512589452312
2026-08-12,CL,9M,TTF,0.011782512589452312
2026-08-12,CL,1Y,TTF,0.011782512589452312
2026-08-12,CL,2Y,TTF,0.011782512589452312
2026-08-12,CL,3Y,TTF,0.011782512589452312
2026-08-12,CL,4Y,TTF,0.011782512589452312
2026-08-12,CL,5Y,TTF,0.011782512589452312
2026-08-12,CL,6Y,TTF,0.011782512589452312
2026-08-12,CL,7Y,TTF,0.011782512589452312
2026-08-12,CL,8Y,TTF,0.011782512589452312
2026-08-12,CL,9Y,TTF,0.011782512589452312
2026-08-12,CL,10Y,TTF,0.011782512589452312
2026-08-12,CL,1D,UCAD,0.0008654631624879709
2026-08-12,CL,1W,UCAD,0.0008654631624879709
2026-08-12,CL,2W,UCAD,0.0008654631624879709
2026-08-12,CL,1M,UCAD,0.0008654631624879709
2026-08-12,CL,2M,UCAD,0.0008654631624879709
2026-08-12,CL,3M,UCAD,0.0008654631624879709
2026-08-12,CL,6M,UCAD,0.0008654631624879709
2026-08-12,CL,9M,UCAD,0.0008654631624879709
2026-08-12,CL,1Y,UCAD,0.0008654631624879709
2026-08-12,CL,2Y,UCAD,0.0008654631624879709
2026-08-12,CL,3Y,UCAD,0.0008654631624879709
2026-08-12,CL,4Y,UCAD,0.0008654631624879709
2026-08-12,CL,5Y,UCAD,0.0008654631624879709
2026-08-12,CL,6Y,UCAD,0.0008654631624879709
2026-08-12,CL,7Y,UCAD,0.0008654631624879709
2026-08-12,CL,8Y,UCAD,0.0008654631624879709
2026-08-12,CL,9Y,UCAD,0.0008654631624879709
2026-08-12,CL,10Y,UCAD,0.0008654631624879709
2026-08-12,CL,1D,UCHF,-0.01641302276135652
2026-08-12,CL,1W,UCHF,-0.01641302276135652
2026-08-12,CL,2W,UCHF,-0.01641302276135652
2026-08-12,CL,1M,UCHF,-0.01641302276135652
2026-08-12,CL,2M,UCHF,-0.01641302276135652
2026-08-12,CL,3M,UCHF,-0.01641302276135652
2026-08-12,CL,6M,UCHF,-0.01641302276135652
2026-08-12,CL,9M,UCHF,-0.01641302276135652
2026-08-12,CL,1Y,UCHF,-0.01641302276135652
2026-08-12,CL,2Y,UCHF,-0.01641302276135652
2026-08-12,CL,3Y,UCHF,-0.01641302276135652
2026-08-12,CL,4Y,UCHF,-0.01641302276135652
2026-08-12,CL,5Y,UCHF,-0.01641302276135652
2026-08-12,CL,6Y,UCHF,-0.01641302276135652
2026-08-12,CL,7Y,UCHF,-0.01641302276135652
2026-08-12,CL,8Y,UCHF,-0.01641302276135652
2026-08-12,CL,9Y,UCHF,-0.01641302276135652
2026-08-12,CL,10Y,UCHF,-0.01641302276135652
2026-08-12,CL,1D,UCNY,-0.004170976098498705
2026-08-12,CL,1W,UCNY,-0.004170976098498705
2026-08-12,CL,2W,UCNY,-0.004170976098498705
2026-08-12,CL,1M,UCNY,-0.004170976098498705
2026-08-12,CL,2M,UCNY,-0.004170976098498705
2026-08-12,CL,3M,UCNY,-0.004170976098498705
2026-08-12,CL,6M,UCNY,0.0031092202665893515
2026-08-12,CL,9M,UCNY,0.009289785759985302
2026-08-12,CL,1Y,UCNY,0.009494909586408461
2026-08-12,CL,2Y,UCNY,0.009494909586408461
2026-08-12,CL,3Y,UCNY,0.009494909586408461
2026-08-12,CL,4Y,UCNY,0.009494909586408461
2026-08-12,CL,5Y,UCNY,0.009494909586408461
2026-08-12,CL,6Y,UCNY,0.009494909586408461
2026-08-12,CL,7Y,UCNY,0.009494909586408461
2026-08-12,CL,8Y,UCNY,0.009494909586408461
2026-08-12,CL,9Y,UCNY,0.009494909586408461
2026-08-12,CL,10Y,UCNY,0.009494909586408461
2026-08-12,CL,1D,UINR,0.03076046839537978
2026-08-12,CL,1W,UINR,0.03076046839537978
2026-08-12,CL,2W,UINR,0.03076046839537978
2026-08-12,CL,1M,UINR,0.03076046839537978
2026-08-12,CL,2M,UINR,0.03076046839537978
2026-08-12,CL,3M,UINR,0.03076046839537978
2026-08-12,CL,6M,UINR,0.03076046839537978
2026-08-12,CL,9M,UINR,0.03076046839537978
2026-08-12,CL,1Y,UINR,0.03076046839537978
2026-08-12,CL,2Y,UINR,0.03076046839537978
2026-08-12,CL,3Y,UINR,0.03076046839537978
2026-08-12,CL,4Y,UINR,0.03076046839537978
2026-08-12,CL,5Y,UINR,0.03076046839537978
2026-08-12,CL,6Y,UINR,0.03076046839537978
2026-08-12,CL,7Y,UINR,0.03076046839537978
2026-08-12,CL,8Y,UINR,0.03076046839537978
2026-08-12,CL,9Y,UINR,0.03076046839537978
2026-08-12,CL,10Y,UINR,0.03076046839537978
2026-08-12,CL,1D,UJPY,-0.004787436018233626
2026-08-12,CL,1W,UJPY,-0.004787436018233626
2026-08-12,CL,2W,UJPY,-0.004787436018233626
2026-08-12,CL,1M,UJPY,-0.004787436018233626
2026-08-12,CL,2M,UJPY,-0.004787436018233626
2026-08-12,CL,3M,UJPY,-0.004787436018233626
2026-08-12,CL,6M,UJPY,-0.004787436018233626
2026-08-12,CL,9M,UJPY,-0.004787436018233626
2026-08-12,CL,1Y,UJPY,-0.004787436018233626
2026-08-12,CL,2Y,UJPY,-0.004787436018233626
2026-08-12,CL,3Y,UJPY,-0.004787436018233626
2026-08-12,CL,4Y,UJPY,-0.004787436018233626
2026-08-12,CL,5Y,UJPY,-0.004787436018233626
2026-08-12,CL,6Y,UJPY,-0.004787436018233626
2026-08-12,CL,7Y,UJPY,-0.004787436018233626
2026-08-12,CL,8Y,UJPY,-0.004787436018233626
2026-08-12,CL,9Y,UJPY,-0.004787436018233626
2026-08-12,CL,10Y,UJPY,-0.004787436018233626
2026-08-12,CL,1D,UKZT,0.08819208023369252
2026-08-12,CL,1W,UKZT,0.08819208023369252
2026-08-12,CL,2W,UKZT,0.08819208023369252
2026-08-12,CL,1M,UKZT,0.08819208023369252
2026-08-12,CL,2M,UKZT,0.08819208023369252
2026-08-12,CL,3M,UKZT,0.08819208023369252
2026-08-12,CL,6M,UKZT,0.08819208023369252
2026-08-12,CL,9M,UKZT,0.08819208023369252
2026-08-12,CL,1Y,UKZT,0.08819208023369252
2026-08-12,CL,2Y,UKZT,0.08819208023369252
2026-08-12,CL,3Y,UKZT,0.08819208023369252
2026-08-12,CL,4Y,UKZT,0.08819208023369252
2026-08-12,CL,5Y,UKZT,0.08819208023369252
2026-08-12,CL,6Y,UKZT,0.08819208023369252
2026-08-12,CL,7Y,UKZT,0.08819208023369252
2026-08-12,CL,8Y,UKZT,0.08819208023369252
2026-08-12,CL,9Y,UKZT,0.08819208023369252
2026-08-12,CL,10Y,UKZT,0.08819208023369252
2026-08-12,CL,1D,UPRO,-0.038810055152668985
2026-08-12,CL,1W,UPRO,-0.038810055152668985
2026-08-12,CL,2W,UPRO,-0.038810055152668985
2026-08-12,CL,1M,UPRO,-0.038810055152668985
2026-08-12,CL,2M,UPRO,-0.01093453790177265
2026-08-12,CL,3M,UPRO,0.023909858661847763
2026-08-12,CL,6M,UPRO,0.06688461442364628
2026-08-12,CL,9M,UPRO,0.06688461442364628
2026-08-12,CL,1Y,UPRO,0.06688461442364628
2026-08-12,CL,2Y,UPRO,0.06688461442364628
2026-08-12,CL,3Y,UPRO,0.06688461442364628
2026-08-12,CL,4Y,UPRO,0.06688461442364628
2026-08-12,CL,5Y,UPRO,0.06688461442364628
2026-08-12,CL,6Y,UPRO,0.06688461442364628
2026-08-12,CL,7Y,UPRO,0.06688461442364628
2026-08-12,CL,8Y,UPRO,0.06688461442364628
2026-08-12,CL,9Y,UPRO,0.06688461442364628
2026-08-12,CL,10Y,UPRO,0.06688461442364628
2026-08-12,CL,1D,USDM,0.06675599424550106
2026-08-12,CL,1W,USDM,0.06675599424550106
2026-08-12,CL,2W,USDM,0.06675599424550106
2026-08-12,CL,1M,USDM,0.06675599424550106
2026-08-12,CL,2M,USDM,0.06675599424550106
2026-08-12,CL,3M,USDM,0.06675599424550106
2026-08-12,CL,6M,USDM,0.06675599424550106
2026-08-12,CL,9M,USDM,0.06675599424550106
2026-08-12,CL,1Y,USDM,0.06675599424550106
2026-08-12,CL,2Y,USDM,0.06675599424550106
2026-08-12,CL,3Y,USDM,0.06675599424550106
2026-08-12,CL,4Y,USDM,0.06675599424550106
2026-08-12,CL,5Y,USDM,0.06675599424550106
2026-08-12,CL,6Y,USDM,0.06675599424550106
2026-08-12,CL,7Y,USDM,0.06675599424550106
2026-08-12,CL,8Y,USDM,0.06675599424550106
2026-08-12,CL,9Y,USDM,0.06675599424550106
2026-08-12,CL,10Y,USDM,0.06675599424550106
2026-08-12,CL,1D,USDRUBTOM,0.06540928829909652
2026-08-12,CL,1W,USDRUBTOM,0.06540928829909652
2026-08-12,CL,2W,USDRUBTOM,0.06540928829909652
2026-08-12,CL,1M,USDRUBTOM,0.06540928829909652
2026-08-12,CL,2M,USDRUBTOM,0.06540928829909652
2026-08-12,CL,3M,USDRUBTOM,0.06540928829909652
2026-08-12,CL,6M,USDRUBTOM,0.07973316161600479
2026-08-12,CL,9M,USDRUBTOM,0.08321264824089049
2026-08-12,CL,1Y,USDRUBTOM,0.09201950022909162
2026-08-12,CL,2Y,USDRUBTOM,0.09439550006116343
2026-08-12,CL,3Y,USDRUBTOM,0.09439550006116343
2026-08-12,CL,4Y,USDRUBTOM,0.09439550006116343
2026-08-12,CL,5Y,USDRUBTOM,0.09439550006116343
2026-08-12,CL,6Y,USDRUBTOM,0.09439550006116343
2026-08-12,CL,7Y,USDRUBTOM,0.09439550006116343
2026-08-12,CL,8Y,USDRUBTOM,0.09439550006116343
2026-08-12,CL,9Y,USDRUBTOM,0.09439550006116343
2026-08-12,CL,10Y,USDRUBTOM,0.09439550006116343
2026-08-12,CL,1D,UTRY,0.09652813431364038
2026-08-12,CL,1W,UTRY,0.09652813431364038
2026-08-12,CL,2W,UTRY,0.09652813431364038
2026-08-12,CL,1M,UTRY,0.09652813431364038
2026-08-12,CL,2M,UTRY,0.09652813431364038
2026-08-12,CL,3M,UTRY,0.09652813431364038
2026-08-12,CL,6M,UTRY,0.09652813431364038
2026-08-12,CL,9M,UTRY,0.09652813431364038
2026-08-12,CL,1Y,UTRY,0.09652813431364038
2026-08-12,CL,2Y,UTRY,0.09652813431364038
2026-08-12,CL,3Y,UTRY,0.09652813431364038
2026-08-12,CL,4Y,UTRY,0.09652813431364038
2026-08-12,CL,5Y,UTRY,0.09652813431364038
2026-08-12,CL,6Y,UTRY,0.09652813431364038
2026-08-12,CL,7Y,UTRY,0.09652813431364038
2026-08-12,CL,8Y,UTRY,0.09652813431364038
2026-08-12,CL,9Y,UTRY,0.09652813431364038
2026-08-12,CL,10Y,UTRY,0.09652813431364038
2026-08-12,CL,1D,VKCO,0.45988538852010064
2026-08-12,CL,1W,VKCO,0.45988538852010064
2026-08-12,CL,2W,VKCO,0.45988538852010064
2026-08-12,CL,1M,VKCO,0.45988538852010064
2026-08-12,CL,2M,VKCO,0.3947694563454305
2026-08-12,CL,3M,VKCO,0.31337454112709273
2026-08-12,CL,6M,VKCO,0.21298747902447615
2026-08-12,CL,9M,VKCO,0.21298747902447615
2026-08-12,CL,1Y,VKCO,0.21298747902447615
2026-08-12,CL,2Y,VKCO,0.21298747902447615
2026-08-12,CL,3Y,VKCO,0.21298747902447615
2026-08-12,CL,4Y,VKCO,0.21298747902447615
2026-08-12,CL,5Y,VKCO,0.21298747902447615
2026-08-12,CL,6Y,VKCO,0.21298747902447615
2026-08-12,CL,7Y,VKCO,0.21298747902447615
2026-08-12,CL,8Y,VKCO,0.21298747902447615
2026-08-12,CL,9Y,VKCO,0.21298747902447615
2026-08-12,CL,10Y,VKCO,0.21298747902447615
2026-08-12,CL,1D,VTBR,0.09058861332755327
2026-08-12,CL,1W,VTBR,0.09058861332755327
2026-08-12,CL,2W,VTBR,0.09058861332755327
2026-08-12,CL,1M,VTBR,0.09058861332755327
2026-08-12,CL,2M,VTBR,0.09946875275742259
2026-08-12,CL,3M,VTBR,0.11056892704475925
2026-08-12,CL,6M,VTBR,0.12425914199914112
2026-08-12,CL,9M,VTBR,0.12425914199914112
2026-08-12,CL,1Y,VTBR,0.12425914199914112
2026-08-12,CL,2Y,VTBR,0.12425914199914112
2026-08-12,CL,3Y,VTBR,0.12425914199914112
2026-08-12,CL,4Y,VTBR,0.12425914199914112
2026-08-12,CL,5Y,VTBR,0.12425914199914112
2026-08-12,CL,6Y,VTBR,0.12425914199914112
2026-08-12,CL,7Y,VTBR,0.12425914199914112
2026-08-12,CL,8Y,VTBR,0.12425914199914112
2026-08-12,CL,9Y,VTBR,0.12425914199914112
2026-08-12,CL,10Y,VTBR,0.12425914199914112
2026-08-12,CL,1D,WHEAT,1.3125493563736743
2026-08-12,CL,1W,WHEAT,1.3125493563736743
2026-08-12,CL,2W,WHEAT,1.3125493563736743
2026-08-12,CL,1M,WHEAT,1.3125493563736743
2026-08-12,CL,2M,WHEAT,0.955893312131871
2026-08-12,CL,3M,WHEAT,0.895310284063269
2026-08-12,CL,6M,WHEAT,0.5683964056315509
2026-08-12,CL,9M,WHEAT,0.409377494320245
2026-08-12,CL,1Y,WHEAT,0.3807079053933776
2026-08-12,CL,2Y,WHEAT,0.3807079053933776
2026-08-12,CL,3Y,WHEAT,0.3807079053933776
2026-08-12,CL,4Y,WHEAT,0.3807079053933776
2026-08-12,CL,5Y,WHEAT,0.3807079053933776
2026-08-12,CL,6Y,WHEAT,0.3807079053933776
2026-08-12,CL,7Y,WHEAT,0.3807079053933776
2026-08-12,CL,8Y,WHEAT,0.3807079053933776
2026-08-12,CL,9Y,WHEAT,0.3807079053933776
2026-08-12,CL,10Y,WHEAT,0.3807079053933776
2026-08-12,CL,1D,WTI,-0.22814483095037022
2026-08-12,CL,1W,WTI,-0.22814483095037022
2026-08-12,CL,2W,WTI,-0.22814483095037022
2026-08-12,CL,1M,WTI,-0.22814483095037022
2026-08-12,CL,2M,WTI,-0.22705227598869007
2026-08-12,CL,3M,WTI,-0.21754188280601025
2026-08-12,CL,6M,WTI,-0.16378834003867312
2026-08-12,CL,9M,WTI,-0.16204791708106203
2026-08-12,CL,1Y,WTI,-0.16204791708106203
2026-08-12,CL,2Y,WTI,-0.16204791708106203
2026-08-12,CL,3Y,WTI,-0.16204791708106203
2026-08-12,CL,4Y,WTI,-0.16204791708106203
2026-08-12,CL,5Y,WTI,-0.16204791708106203
2026-08-12,CL,6Y,WTI,-0.16204791708106203
2026-08-12,CL,7Y,WTI,-0.16204791708106203
2026-08-12,CL,8Y,WTI,-0.16204791708106203
2026-08-12,CL,9Y,WTI,-0.16204791708106203
2026-08-12,CL,10Y,WTI,-0.16204791708106203
2026-08-12,CL,1D,WUSH,0.02348011302454083
2026-08-12,CL,1W,WUSH,0.02348011302454083
2026-08-12,CL,2W,WUSH,0.02348011302454083
2026-08-12,CL,1M,WUSH,0.02348011302454083
2026-08-12,CL,2M,WUSH,0.0324115651810432
2026-08-12,CL,3M,WUSH,0.043575880376671164
2026-08-12,CL,6M,WUSH,0.05734520245127898
2026-08-12,CL,9M,WUSH,0.05734520245127898
2026-08-12,CL,1Y,WUSH,0.05734520245127898
2026-08-12,CL,2Y,WUSH,0.05734520245127898
2026-08-12,CL,3Y,WUSH,0.05734520245127898
2026-08-12,CL,4Y,WUSH,0.05734520245127898
2026-08-12,CL,5Y,WUSH,0.05734520245127898
2026-08-12,CL,6Y,WUSH,0.05734520245127898
2026-08-12,CL,7Y,WUSH,0.05734520245127898
2026-08-12,CL,8Y,WUSH,0.05734520245127898
2026-08-12,CL,9Y,WUSH,0.05734520245127898
2026-08-12,CL,10Y,WUSH,0.05734520245127898
2026-08-12,CL,1D,X5,0.14957536231635976
2026-08-12,CL,1W,X5,0.14957536231635976
2026-08-12,CL,2W,X5,0.14957536231635976
2026-08-12,CL,1M,X5,0.14957536231635976
2026-08-12,CL,2M,X5,0.147287780348258
2026-08-12,CL,3M,X5,0.1444283028881308
2026-08-12,CL,6M,X5,0.1409016140206406
2026-08-12,CL,9M,X5,0.1409016140206406
2026-08-12,CL,1Y,X5,0.1409016140206406
2026-08-12,CL,2Y,X5,0.1409016140206406
2026-08-12,CL,3Y,X5,0.1409016140206406
2026-08-12,CL,4Y,X5,0.1409016140206406
2026-08-12,CL,5Y,X5,0.1409016140206406
2026-08-12,CL,6Y,X5,0.1409016140206406
2026-08-12,CL,7Y,X5,0.1409016140206406
2026-08-12,CL,8Y,X5,0.1409016140206406
2026-08-12,CL,9Y,X5,0.1409016140206406
2026-08-12,CL,10Y,X5,0.1409016140206406
2026-08-12,CL,1D,XIA,0.1034474239062011
2026-08-12,CL,1W,XIA,0.1034474239062011
2026-08-12,CL,2W,XIA,0.1034474239062011
2026-08-12,CL,1M,XIA,0.1034474239062011
2026-08-12,CL,2M,XIA,0.1034474239062011
2026-08-12,CL,3M,XIA,0.1034474239062011
2026-08-12,CL,6M,XIA,0.1034474239062011
2026-08-12,CL,9M,XIA,0.1034474239062011
2026-08-12,CL,1Y,XIA,0.1034474239062011
2026-08-12,CL,2Y,XIA,0.1034474239062011
2026-08-12,CL,3Y,XIA,0.1034474239062011
2026-08-12,CL,4Y,XIA,0.1034474239062011
2026-08-12,CL,5Y,XIA,0.1034474239062011
2026-08-12,CL,6Y,XIA,0.1034474239062011
2026-08-12,CL,7Y,XIA,0.1034474239062011
2026-08-12,CL,8Y,XIA,0.1034474239062011
2026-08-12,CL,9Y,XIA,0.1034474239062011
2026-08-12,CL,10Y,XIA,0.1034474239062011
2026-08-12,CL,1D,XRP,0.1076448254367249
2026-08-12,CL,1W,XRP,0.1076448254367249
2026-08-12,CL,2W,XRP,0.1076448254367249
2026-08-12,CL,1M,XRP,0.10537861876272706
2026-08-12,CL,2M,XRP,0.07138551865275927
2026-08-12,CL,3M,XRP,0.06798620864176248
2026-08-12,CL,6M,XRP,0.06798620864176248
2026-08-12,CL,9M,XRP,0.06798620864176248
2026-08-12,CL,1Y,XRP,0.06798620864176248
2026-08-12,CL,2Y,XRP,0.06798620864176248
2026-08-12,CL,3Y,XRP,0.06798620864176248
2026-08-12,CL,4Y,XRP,0.06798620864176248
2026-08-12,CL,5Y,XRP,0.06798620864176248
2026-08-12,CL,6Y,XRP,0.06798620864176248
2026-08-12,CL,7Y,XRP,0.06798620864176248
2026-08-12,CL,8Y,XRP,0.06798620864176248
2026-08-12,CL,9Y,XRP,0.06798620864176248
2026-08-12,CL,10Y,XRP,0.06798620864176248
2026-08-12,CL,1D,YDEX,0.12468326807772999
2026-08-12,CL,1W,YDEX,0.12468326807772999
2026-08-12,CL,2W,YDEX,0.12468326807772999
2026-08-12,CL,1M,YDEX,0.12468326807772999
2026-08-12,CL,2M,YDEX,0.1264111969107709
2026-08-12,CL,3M,YDEX,0.12857110795207208
2026-08-12,CL,6M,YDEX,0.1312349982363435
2026-08-12,CL,9M,YDEX,0.1312349982363435
2026-08-12,CL,1Y,YDEX,0.1312349982363435
2026-08-12,CL,2Y,YDEX,0.1312349982363435
2026-08-12,CL,3Y,YDEX,0.1312349982363435
2026-08-12,CL,4Y,YDEX,0.1312349982363435
2026-08-12,CL,5Y,YDEX,0.1312349982363435
2026-08-12,CL,6Y,YDEX,0.1312349982363435
2026-08-12,CL,7Y,YDEX,0.1312349982363435
2026-08-12,CL,8Y,YDEX,0.1312349982363435
2026-08-12,CL,9Y,YDEX,0.1312349982363435
2026-08-12,CL,10Y,YDEX,0.1312349982363435
2026-08-12,CL,1D,ZINC,-0.03125943457360458
2026-08-12,CL,1W,ZINC,-0.03125943457360458
2026-08-12,CL,2W,ZINC,-0.03125943457360458
2026-08-12,CL,1M,ZINC,-0.03125943457360458
2026-08-12,CL,2M,ZINC,-0.03125943457360458
2026-08-12,CL,3M,ZINC,-0.03125943457360458
2026-08-12,CL,6M,ZINC,-0.03125943457360458
2026-08-12,CL,9M,ZINC,-0.03125943457360458
2026-08-12,CL,1Y,ZINC,-0.03125943457360458
2026-08-12,CL,2Y,ZINC,-0.03125943457360458
2026-08-12,CL,3Y,ZINC,-0.03125943457360458
2026-08-12,CL,4Y,ZINC,-0.03125943457360458
2026-08-12,CL,5Y,ZINC,-0.03125943457360458
2026-08-12,CL,6Y,ZINC,-0.03125943457360458
2026-08-12,CL,7Y,ZINC,-0.03125943457360458
2026-08-12,CL,8Y,ZINC,-0.03125943457360458
2026-08-12,CL,9Y,ZINC,-0.03125943457360458
2026-08-12,CL,10Y,ZINC,-0.03125943457360458
